Year;D;TH;ST;DaST;NM;FM;DST
2006;2006-02-27;141;141;0,2;17:30;NA;2006-02-27
2006;2006-02-28;140;NA;1,2;NA;NA;NA
2006;2006-03-01;130;NA;2,2;NA;NA;NA
2006;2006-03-02;120;NA;3,2;NA;NA;NA
2006;2006-03-03;113;NA;4,2;NA;NA;NA
2006;2006-03-04;103;NA;5,2;NA;NA;NA
2006;2006-03-05;91;NA;6,2;NA;NA;NA
2006;2006-03-06;79;NA;7,2;NA;NA;NA
2006;2006-03-07;75;NA;8,2;NA;NA;NA
2006;2006-03-08;81;NA;9,2;NA;NA;NA
2006;2006-03-09;87;NA;10,2;NA;NA;NA
2006;2006-03-10;98;NA;11,2;NA;NA;NA
2006;2006-03-11;106;NA;12,2;NA;NA;NA
2006;2006-03-12;111;NA;13,2;NA;NA;NA
2006;2006-03-13;113;NA;14,2;NA;NA;NA
2006;2006-03-14;113;113;0,2;NA;16:35;2006-03-14
2006;2006-03-15;109;NA;1,2;NA;NA;NA
2006;2006-03-16;111;NA;2,2;NA;NA;NA
2006;2006-03-17;112;NA;3,2;NA;NA;NA
2006;2006-03-18;111;NA;4,2;NA;NA;NA
2006;2006-03-19;108;NA;5,2;NA;NA;NA
2006;2006-03-20;101;NA;6,2;NA;NA;NA
2006;2006-03-21;92;NA;7,2;NA;NA;NA
2006;2006-03-22;79;NA;8,2;NA;NA;NA
2006;2006-03-23;72;NA;9,2;NA;NA;NA
2006;2006-03-24;82;NA;10,2;NA;NA;NA
2006;2006-03-25;99;NA;11,2;NA;NA;NA
2006;2006-03-26;115;NA;12,2;NA;NA;NA
2006;2006-03-27;126;NA;13,2;NA;NA;NA
2006;2006-03-28;129;NA;14,2;NA;NA;NA
2006;2006-03-29;128;128;0,1;03:15;NA;2006-03-29
2006;2006-03-30;127;NA;1,1;NA;NA;NA
2006;2006-03-31;121;NA;2,1;NA;NA;NA
2006;2006-04-01;111;NA;3,1;NA;NA;NA
2006;2006-04-02;99;NA;4,1;NA;NA;NA
2006;2006-04-03;86;NA;5,1;NA;NA;NA
2006;2006-04-04;74;NA;6,1;NA;NA;NA
2006;2006-04-05;73;NA;7,1;NA;NA;NA
2006;2006-04-06;79;NA;8,1;NA;NA;NA
2006;2006-04-07;84;NA;9,1;NA;NA;NA
2006;2006-04-08;88;NA;10,1;NA;NA;NA
2006;2006-04-09;93;NA;11,1;NA;NA;NA
2006;2006-04-10;98;NA;12,1;NA;NA;NA
2006;2006-04-11;104;NA;13,1;NA;NA;NA
2006;2006-04-12;110;NA;14,1;NA;NA;NA
2006;2006-04-13;115;115;0,1;NA;10:40;2006-04-13
2006;2006-04-14;118;NA;1,1;NA;NA;NA
2006;2006-04-15;118;NA;2,1;NA;NA;NA
2006;2006-04-16;115;NA;3,1;NA;NA;NA
2006;2006-04-17;109;NA;4,1;NA;NA;NA
2006;2006-04-18;99;NA;5,1;NA;NA;NA
2006;2006-04-19;86;NA;6,1;NA;NA;NA
2006;2006-04-20;NA;NA;7,1;NA;NA;NA
2006;2006-04-21;75;NA;8,1;NA;NA;NA
2006;2006-04-22;87;NA;9,1;NA;NA;NA
2006;2006-04-23;100;NA;10,1;NA;NA;NA
2006;2006-04-24;113;NA;11,1;NA;NA;NA
2006;2006-04-25;122;NA;12,1;NA;NA;NA
2006;2006-04-26;128;NA;13,1;NA;NA;NA
2006;2006-04-27;129;129;0,1;13:43;NA;2006-04-27
2006;2006-04-28;125;NA;1,1;NA;NA;NA
2006;2006-04-29;118;NA;2,1;NA;NA;NA
2006;2006-04-30;109;NA;3,1;NA;NA;NA
2006;2006-05-01;97;NA;4,1;NA;NA;NA
2006;2006-05-02;84;NA;5,1;NA;NA;NA
2006;2006-05-03;71;NA;6,1;NA;NA;NA
2006;2006-05-04;69;NA;7,1;NA;NA;NA
2006;2006-05-05;74;NA;8,1;NA;NA;NA
2006;2006-05-06;80;NA;9,1;NA;NA;NA
2006;2006-05-07;86;NA;10,1;NA;NA;NA
2006;2006-05-08;93;NA;11,1;NA;NA;NA
2006;2006-05-09;101;NA;12,1;NA;NA;NA
2006;2006-05-10;109;NA;13,1;NA;NA;NA
2006;2006-05-11;117;NA;14,1;NA;NA;NA
2006;2006-05-12;122;NA;15,1;NA;NA;NA
2006;2006-05-13;125;125;0,1;NA;00:51;2006-05-13
2006;2006-05-14;124;NA;1,1;NA;NA;NA
2006;2006-05-15;119;NA;2,1;NA;NA;NA
2006;2006-05-16;110;NA;3,1;NA;NA;NA
2006;2006-05-17;98;NA;4,1;NA;NA;NA
2006;2006-05-18;NA;NA;5,1;NA;NA;NA
2006;2006-05-19;84;NA;6,1;NA;NA;NA
2006;2006-05-20;83;NA;7,1;NA;NA;NA
2006;2006-05-21;96;NA;8,1;NA;NA;NA
2006;2006-05-22;108;NA;9,1;NA;NA;NA
2006;2006-05-23;118;NA;10,1;NA;NA;NA
2006;2006-05-24;125;NA;11,1;NA;NA;NA
2006;2006-05-25;129;NA;12,1;NA;NA;NA
2006;2006-05-26;129;129;0,1;23:25;NA;2006-05-26
2006;2006-05-27;127;NA;1,1;NA;NA;NA
2006;2006-05-28;121;NA;2,1;NA;NA;NA
2006;2006-05-29;114;NA;3,1;NA;NA;NA
2006;2006-05-30;104;NA;4,1;NA;NA;NA
2006;2006-05-31;93;NA;5,1;NA;NA;NA
2006;2006-06-01;81;NA;6,1;NA;NA;NA
2006;2006-06-02;69;NA;7,1;NA;NA;NA
2006;2006-06-03;74;NA;8,1;NA;NA;NA
2006;2006-06-04;81;NA;9,1;NA;NA;NA
2006;2006-06-05;89;NA;10,1;NA;NA;NA
2006;2006-06-06;98;NA;11,1;NA;NA;NA
2006;2006-06-07;108;NA;12,1;NA;NA;NA
2006;2006-06-08;118;NA;13,1;NA;NA;NA
2006;2006-06-09;127;NA;14,1;NA;NA;NA
2006;2006-06-10;133;NA;15,1;NA;NA;NA
2006;2006-06-11;136;136;0,1;NA;12:03;2006-06-11
2006;2006-06-12;134;NA;1,1;NA;NA;NA
2006;2006-06-13;129;NA;2,1;NA;NA;NA
2006;2006-06-14;120;NA;3,1;NA;NA;NA
2006;2006-06-15;109;NA;4,1;NA;NA;NA
2006;2006-06-16;81;NA;5,1;NA;NA;NA
2006;2006-06-17;96;NA;6,1;NA;NA;NA
2006;2006-06-18;98;NA;7,1;NA;NA;NA
2006;2006-06-19;107;NA;8,1;NA;NA;NA
2006;2006-06-20;115;NA;9,1;NA;NA;NA
2006;2006-06-21;123;NA;10,1;NA;NA;NA
2006;2006-06-22;129;NA;11,1;NA;NA;NA
2006;2006-06-23;133;NA;12,1;NA;NA;NA
2006;2006-06-24;136;NA;13,1;NA;NA;NA
2006;2006-06-25;136;136;0,1;10:05;NA;2006-06-25
2006;2006-06-26;134;NA;1,1;NA;NA;NA
2006;2006-06-27;129;NA;2,1;NA;NA;NA
2006;2006-06-28;121;NA;3,1;NA;NA;NA
2006;2006-06-29;111;NA;4,1;NA;NA;NA
2006;2006-06-30;99;NA;5,1;NA;NA;NA
2006;2006-07-01;86;NA;6,1;NA;NA;NA
2006;2006-07-02;86;NA;7,1;NA;NA;NA
2006;2006-07-03;90;NA;8,1;NA;NA;NA
2006;2006-07-04;97;NA;9,1;NA;NA;NA
2006;2006-07-05;106;NA;10,1;NA;NA;NA
2006;2006-07-06;117;NA;11,1;NA;NA;NA
2006;2006-07-07;128;NA;12,1;NA;NA;NA
2006;2006-07-08;138;NA;13,1;NA;NA;NA
2006;2006-07-09;145;NA;14,1;NA;NA;NA
2006;2006-07-10;150;150;0,1;NA;21:01;2006-07-10
2006;2006-07-11;151;NA;1,1;NA;NA;NA
2006;2006-07-12;147;NA;2,1;NA;NA;NA
2006;2006-07-13;139;NA;3,1;NA;NA;NA
2006;2006-07-14;126;NA;4,1;NA;NA;NA
2006;2006-07-15;112;NA;5,1;NA;NA;NA
2006;2006-07-16;113;NA;6,1;NA;NA;NA
2006;2006-07-17;113;NA;7,1;NA;NA;NA
2006;2006-07-18;114;NA;8,1;NA;NA;NA
2006;2006-07-19;117;NA;9,1;NA;NA;NA
2006;2006-07-20;125;NA;10,1;NA;NA;NA
2006;2006-07-21;133;NA;11,1;NA;NA;NA
2006;2006-07-22;141;NA;12,1;NA;NA;NA
2006;2006-07-23;147;NA;13,1;NA;NA;NA
2006;2006-07-24;150;150;0,1;22:30;NA;2006-07-24
2006;2006-07-25;149;NA;1,1;NA;NA;NA
2006;2006-07-26;145;NA;2,1;NA;NA;NA
2006;2006-07-27;137;NA;3,1;NA;NA;NA
2006;2006-07-28;127;NA;4,1;NA;NA;NA
2006;2006-07-29;115;NA;5,1;NA;NA;NA
2006;2006-07-30;111;NA;6,1;NA;NA;NA
2006;2006-07-31;110;NA;7,1;NA;NA;NA
2007;2007-03-01;120;NA;220,1;NA;NA;NA
2007;2007-03-02;123;NA;221,1;NA;NA;NA
2007;2007-03-03;122;NA;222,1;NA;NA;NA
2007;2007-03-04;117;117;0,1;NA;16:17;2007-03-04
2007;2007-03-05;109;NA;1,1;NA;NA;NA
2007;2007-03-06;107;NA;2,1;NA;NA;NA
2007;2007-03-07;106;NA;3,1;NA;NA;NA
2007;2007-03-08;103;NA;4,1;NA;NA;NA
2007;2007-03-09;99;NA;5,1;NA;NA;NA
2007;2007-03-10;92;NA;6,1;NA;NA;NA
2007;2007-03-11;83;NA;7,1;NA;NA;NA
2007;2007-03-12;15;NA;8,1;NA;NA;NA
2007;2007-03-13;75;NA;9,1;NA;NA;NA
2007;2007-03-14;86;NA;10,1;NA;NA;NA
2007;2007-03-15;102;NA;11,1;NA;NA;NA
2007;2007-03-16;116;NA;12,1;NA;NA;NA
2007;2007-03-17;126;NA;13,1;NA;NA;NA
2007;2007-03-18;130;130;0,2;19:42;NA;2007-03-18
2007;2007-03-19;128;NA;1,2;NA;NA;NA
2007;2007-03-20;129;NA;2,2;NA;NA;NA
2007;2007-03-21;124;NA;3,2;NA;NA;NA
2007;2007-03-22;115;NA;4,2;NA;NA;NA
2007;2007-03-23;102;NA;5,2;NA;NA;NA
2007;2007-03-24;87;NA;6,2;NA;NA;NA
2007;2007-03-25;73;NA;7,2;NA;NA;NA
2007;2007-03-26;78;NA;8,2;NA;NA;NA
2007;2007-03-27;86;NA;9,2;NA;NA;NA
2007;2007-03-28;93;NA;10,2;NA;NA;NA
2007;2007-03-29;100;NA;11,2;NA;NA;NA
2007;2007-03-30;104;NA;12,2;NA;NA;NA
2007;2007-03-31;105;NA;13,2;NA;NA;NA
2007;2007-04-01;107;NA;14,2;NA;NA;NA
2007;2007-04-02;109;109;0,1;NA;11:15;2007-04-02
2007;2007-04-03;111;NA;1,1;NA;NA;NA
2007;2007-04-04;112;NA;2,1;NA;NA;NA
2007;2007-04-05;110;NA;3,1;NA;NA;NA
2007;2007-04-06;107;NA;4,1;NA;NA;NA
2007;2007-04-07;101;NA;5,1;NA;NA;NA
2007;2007-04-08;92;NA;6,1;NA;NA;NA
2007;2007-04-09;80;NA;7,1;NA;NA;NA
2007;2007-04-10;66;NA;8,1;NA;NA;NA
2007;2007-04-11;73;NA;9,1;NA;NA;NA
2007;2007-04-12;84;NA;10,1;NA;NA;NA
2007;2007-04-13;97;NA;11,1;NA;NA;NA
2007;2007-04-14;110;NA;12,1;NA;NA;NA
2007;2007-04-15;122;NA;13,1;NA;NA;NA
2007;2007-04-16;130;NA;14,1;NA;NA;NA
2007;2007-04-17;133;133;0,1;05:36;NA;2007-04-17
2007;2007-04-18;130;NA;1,1;NA;NA;NA
2007;2007-04-19;122;NA;2,1;NA;NA;NA
2007;2007-04-20;110;NA;3,1;NA;NA;NA
2007;2007-04-21;95;NA;4,1;NA;NA;NA
2007;2007-04-22;79;NA;5,1;NA;NA;NA
2007;2007-04-23;69;NA;6,1;NA;NA;NA
2007;2007-04-24;77;NA;7,1;NA;NA;NA
2007;2007-04-25;84;NA;8,1;NA;NA;NA
2007;2007-04-26;90;NA;9,1;NA;NA;NA
2007;2007-04-27;95;NA;10,1;NA;NA;NA
2007;2007-04-28;99;NA;11,1;NA;NA;NA
2007;2007-04-29;104;NA;12,1;NA;NA;NA
2007;2007-04-30;108;NA;13,1;NA;NA;NA
2007;2007-05-01;113;NA;14,1;NA;NA;NA
2007;2007-05-02;116;116;0,1;NA;04:09;2007-05-02
2007;2007-05-03;116;NA;1,1;NA;NA;NA
2007;2007-05-04;114;NA;2,1;NA;NA;NA
2007;2007-05-05;110;NA;3,1;NA;NA;NA
2007;2007-05-06;102;NA;4,1;NA;NA;NA
2007;2007-05-07;91;NA;5,1;NA;NA;NA
2007;2007-05-08;78;NA;6,1;NA;NA;NA
2007;2007-05-09;66;NA;7,1;NA;NA;NA
2007;2007-05-10;78;NA;8,1;NA;NA;NA
2007;2007-05-11;92;NA;9,1;NA;NA;NA
2007;2007-05-12;106;NA;10,1;NA;NA;NA
2007;2007-05-13;118;NA;11,1;NA;NA;NA
2007;2007-05-14;128;NA;12,1;NA;NA;NA
2007;2007-05-15;134;NA;13,1;NA;NA;NA
2007;2007-05-16;134;134;0,1;13:27;NA;2007-05-16
2007;2007-05-17;130;NA;1,1;NA;NA;NA
2007;2007-05-18;122;NA;2,1;NA;NA;NA
2007;2007-05-19;110;NA;3,1;NA;NA;NA
2007;2007-05-20;97;NA;4,1;NA;NA;NA
2007;2007-05-21;63;NA;5,1;NA;NA;NA
2007;2007-05-22;82;NA;6,1;NA;NA;NA
2007;2007-05-23;76;NA;7,1;NA;NA;NA
2007;2007-05-24;82;NA;8,1;NA;NA;NA
2007;2007-05-25;88;NA;9,1;NA;NA;NA
2007;2007-05-26;94;NA;10,1;NA;NA;NA
2007;2007-05-27;101;NA;11,1;NA;NA;NA
2007;2007-05-28;108;NA;12,1;NA;NA;NA
2007;2007-05-29;115;NA;13,1;NA;NA;NA
2007;2007-05-30;121;NA;14,1;NA;NA;NA
2007;2007-05-31;124;124;0,1;NA;19:03;2007-05-31
2007;2007-06-01;125;NA;1,1;NA;NA;NA
2007;2007-06-02;123;NA;2,1;NA;NA;NA
2007;2007-06-03;117;NA;3,1;NA;NA;NA
2007;2007-06-04;109;NA;4,1;NA;NA;NA
2007;2007-06-05;98;NA;5,1;NA;NA;NA
2007;2007-06-06;71;NA;6,1;NA;NA;NA
2007;2007-06-07;86;NA;7,1;NA;NA;NA
2007;2007-06-08;91;NA;8,1;NA;NA;NA
2007;2007-06-09;103;NA;9,1;NA;NA;NA
2007;2007-06-10;115;NA;10,1;NA;NA;NA
2007;2007-06-11;125;NA;11,1;NA;NA;NA
2007;2007-06-12;133;NA;12,1;NA;NA;NA
2007;2007-06-13;138;NA;13,1;NA;NA;NA
2007;2007-06-14;140;140;0,1;21:13;NA;2007-06-14
2007;2007-06-15;138;NA;1,1;NA;NA;NA
2007;2007-06-16;132;NA;2,1;NA;NA;NA
2007;2007-06-17;123;NA;3,1;NA;NA;NA
2007;2007-06-18;111;NA;4,1;NA;NA;NA
2007;2007-06-19;97;NA;5,1;NA;NA;NA
2007;2007-06-20;83;NA;6,1;NA;NA;NA
2007;2007-06-21;83;NA;7,1;NA;NA;NA
2007;2007-06-22;86;NA;8,1;NA;NA;NA
2007;2007-06-23;91;NA;9,1;NA;NA;NA
2007;2007-06-24;98;NA;10,1;NA;NA;NA
2007;2007-06-25;107;NA;11,1;NA;NA;NA
2007;2007-06-26;116;NA;12,1;NA;NA;NA
2007;2007-06-27;125;NA;13,1;NA;NA;NA
2007;2007-06-28;132;NA;14,1;NA;NA;NA
2007;2007-06-29;137;NA;15,1;NA;NA;NA
2007;2007-06-30;139;139;0,1;NA;07:48;2007-06-30
2007;2007-07-01;138;NA;1,1;NA;NA;NA
2007;2007-07-02;133;NA;2,1;NA;NA;NA
2007;2007-07-03;126;NA;3,1;NA;NA;NA
2007;2007-07-04;115;NA;4,1;NA;NA;NA
2007;2007-07-05;101;NA;5,1;NA;NA;NA
2007;2007-07-06;104;NA;6,1;NA;NA;NA
2007;2007-07-07;109;NA;7,1;NA;NA;NA
2007;2007-07-08;114;NA;8,1;NA;NA;NA
2007;2007-07-09;121;NA;9,1;NA;NA;NA
2007;2007-07-10;130;NA;10,1;NA;NA;NA
2007;2007-07-11;138;NA;11,1;NA;NA;NA
2007;2007-07-12;146;NA;12,1;NA;NA;NA
2007;2007-07-13;151;NA;13,1;NA;NA;NA
2007;2007-07-14;152;152;0,1;06:03;NA;2007-07-14
2007;2007-07-15;148;NA;1,1;NA;NA;NA
2007;2007-07-16;139;NA;2,1;NA;NA;NA
2007;2007-07-17;127;NA;3,1;NA;NA;NA
2007;2007-07-18;113;NA;4,1;NA;NA;NA
2007;2007-07-19;105;NA;5,1;NA;NA;NA
2007;2007-07-20;102;NA;6,1;NA;NA;NA
2007;2007-07-21;99;NA;7,1;NA;NA;NA
2007;2007-07-22;98;NA;8,1;NA;NA;NA
2007;2007-07-23;102;NA;9,1;NA;NA;NA
2007;2007-07-24;111;NA;10,1;NA;NA;NA
2007;2007-07-25;122;NA;11,1;NA;NA;NA
2007;2007-07-26;133;NA;12,1;NA;NA;NA
2007;2007-07-27;143;NA;13,1;NA;NA;NA
2007;2007-07-28;150;NA;14,1;NA;NA;NA
2007;2007-07-29;155;NA;15,1;NA;NA;NA
2007;2007-07-30;155;155;0,1;NA;18:47;2007-07-30
2007;2007-07-31;151;NA;1,1;NA;NA;NA
2008;2008-03-01;73;NA;215,1;NA;NA;NA
2008;2008-03-02;82;NA;216,1;NA;NA;NA
2008;2008-03-03;94;NA;217,1;NA;NA;NA
2008;2008-03-04;106;NA;218,1;NA;NA;NA
2008;2008-03-05;116;NA;219,1;NA;NA;NA
2008;2008-03-06;123;NA;220,1;NA;NA;NA
2008;2008-03-07;125;125;0,2;10:14;NA;2008-03-07
2008;2008-03-08;123;NA;1,2;NA;NA;NA
2008;2008-03-09;125;NA;2,2;NA;NA;NA
2008;2008-03-10;123;NA;3,2;NA;NA;NA
2008;2008-03-11;116;NA;4,2;NA;NA;NA
2008;2008-03-12;105;NA;5,2;NA;NA;NA
2008;2008-03-13;91;NA;6,2;NA;NA;NA
2008;2008-03-14;13;NA;7,2;NA;NA;NA
2008;2008-03-15;78;NA;8,2;NA;NA;NA
2008;2008-03-16;89;NA;9,2;NA;NA;NA
2008;2008-03-17;103;NA;10,2;NA;NA;NA
2008;2008-03-18;114;NA;11,2;NA;NA;NA
2008;2008-03-19;119;NA;12,2;NA;NA;NA
2008;2008-03-20;118;NA;13,2;NA;NA;NA
2008;2008-03-21;114;114;0,1;NA;11:39;2008-03-21
2008;2008-03-22;113;NA;1,1;NA;NA;NA
2008;2008-03-23;111;NA;2,1;NA;NA;NA
2008;2008-03-24;108;NA;3,1;NA;NA;NA
2008;2008-03-25;104;NA;4,1;NA;NA;NA
2008;2008-03-26;98;NA;5,1;NA;NA;NA
2008;2008-03-27;90;NA;6,1;NA;NA;NA
2008;2008-03-28;81;NA;7,1;NA;NA;NA
2008;2008-03-29;69;NA;8,1;NA;NA;NA
2008;2008-03-30;68;NA;9,1;NA;NA;NA
2008;2008-03-31;75;NA;10,1;NA;NA;NA
2008;2008-04-01;84;NA;11,1;NA;NA;NA
2008;2008-04-02;95;NA;12,1;NA;NA;NA
2008;2008-04-03;107;NA;13,1;NA;NA;NA
2008;2008-04-04;118;NA;14,1;NA;NA;NA
2008;2008-04-05;126;126;0,2;20:55;NA;2008-04-05
2008;2008-04-06;130;NA;1,2;NA;NA;NA
2008;2008-04-07;130;NA;2,2;NA;NA;NA
2008;2008-04-08;123;NA;3,2;NA;NA;NA
2008;2008-04-09;112;NA;4,2;NA;NA;NA
2008;2008-04-10;97;NA;5,2;NA;NA;NA
2008;2008-04-11;NA;NA;6,2;NA;NA;NA
2008;2008-04-12;80;NA;7,2;NA;NA;NA
2008;2008-04-13;81;NA;8,2;NA;NA;NA
2008;2008-04-14;90;NA;9,2;NA;NA;NA
2008;2008-04-15;98;NA;10,2;NA;NA;NA
2008;2008-04-16;104;NA;11,2;NA;NA;NA
2008;2008-04-17;108;NA;12,2;NA;NA;NA
2008;2008-04-18;111;NA;13,2;NA;NA;NA
2008;2008-04-19;112;NA;14,2;NA;NA;NA
2008;2008-04-20;112;112;0,1;NA;04:25;2008-04-20
2008;2008-04-21;112;NA;1,1;NA;NA;NA
2008;2008-04-22;110;NA;2,1;NA;NA;NA
2008;2008-04-23;106;NA;3,1;NA;NA;NA
2008;2008-04-24;99;NA;4,1;NA;NA;NA
2008;2008-04-25;91;NA;5,1;NA;NA;NA
2008;2008-04-26;80;NA;6,1;NA;NA;NA
2008;2008-04-27;NA;NA;7,1;NA;NA;NA
2008;2008-04-28;66;NA;8,1;NA;NA;NA
2008;2008-04-29;76;NA;9,1;NA;NA;NA
2008;2008-04-30;88;NA;10,1;NA;NA;NA
2008;2008-05-01;101;NA;11,1;NA;NA;NA
2008;2008-05-02;115;NA;12,1;NA;NA;NA
2008;2008-05-03;126;NA;13,1;NA;NA;NA
2008;2008-05-04;133;NA;14,1;NA;NA;NA
2008;2008-05-05;135;135;0,1;06:18;NA;2008-05-05
2008;2008-05-06;131;NA;1,1;NA;NA;NA
2008;2008-05-07;122;NA;2,1;NA;NA;NA
2008;2008-05-08;109;NA;3,1;NA;NA;NA
2008;2008-05-09;94;NA;4,1;NA;NA;NA
2008;2008-05-10;62;NA;5,1;NA;NA;NA
2008;2008-05-11;78;NA;6,1;NA;NA;NA
2008;2008-05-12;83;NA;7,1;NA;NA;NA
2008;2008-05-13;91;NA;8,1;NA;NA;NA
2008;2008-05-14;98;NA;9,1;NA;NA;NA
2008;2008-05-15;103;NA;10,1;NA;NA;NA
2008;2008-05-16;107;NA;11,1;NA;NA;NA
2008;2008-05-17;111;NA;12,1;NA;NA;NA
2008;2008-05-18;114;NA;13,1;NA;NA;NA
2008;2008-05-19;117;117;0,1;NA;20:11;2008-05-19
2008;2008-05-20;118;NA;1,1;NA;NA;NA
2008;2008-05-21;116;NA;2,1;NA;NA;NA
2008;2008-05-22;112;NA;3,1;NA;NA;NA
2008;2008-05-23;106;NA;4,1;NA;NA;NA
2008;2008-05-24;97;NA;5,1;NA;NA;NA
2008;2008-05-25;85;NA;6,1;NA;NA;NA
2008;2008-05-26;63;NA;7,1;NA;NA;NA
2008;2008-05-27;73;NA;8,1;NA;NA;NA
2008;2008-05-28;84;NA;9,1;NA;NA;NA
2008;2008-05-29;98;NA;10,1;NA;NA;NA
2008;2008-05-30;111;NA;11,1;NA;NA;NA
2008;2008-05-31;124;NA;12,1;NA;NA;NA
2008;2008-06-01;133;NA;13,1;NA;NA;NA
2008;2008-06-02;139;NA;14,1;NA;NA;NA
2008;2008-06-03;140;140;0,1;13:22;NA;2008-06-03
2008;2008-06-04;137;NA;1,1;NA;NA;NA
2008;2008-06-05;129;NA;2,1;NA;NA;NA
2008;2008-06-06;118;NA;3,1;NA;NA;NA
2008;2008-06-07;103;NA;4,1;NA;NA;NA
2008;2008-06-08;80;NA;5,1;NA;NA;NA
2008;2008-06-09;88;NA;6,1;NA;NA;NA
2008;2008-06-10;88;NA;7,1;NA;NA;NA
2008;2008-06-11;93;NA;8,1;NA;NA;NA
2008;2008-06-12;99;NA;9,1;NA;NA;NA
2008;2008-06-13;104;NA;10,1;NA;NA;NA
2008;2008-06-14;111;NA;11,1;NA;NA;NA
2008;2008-06-15;117;NA;12,1;NA;NA;NA
2008;2008-06-16;123;NA;13,1;NA;NA;NA
2008;2008-06-17;127;NA;14,1;NA;NA;NA
2008;2008-06-18;130;130;0,1;NA;11:30;2008-06-18
2008;2008-06-19;129;NA;1,1;NA;NA;NA
2008;2008-06-20;126;NA;2,1;NA;NA;NA
2008;2008-06-21;120;NA;3,1;NA;NA;NA
2008;2008-06-22;111;NA;4,1;NA;NA;NA
2008;2008-06-23;100;NA;5,1;NA;NA;NA
2008;2008-06-24;88;NA;6,1;NA;NA;NA
2008;2008-06-25;93;NA;7,1;NA;NA;NA
2008;2008-06-26;101;NA;8,1;NA;NA;NA
2008;2008-06-27;110;NA;9,1;NA;NA;NA
2008;2008-06-28;120;NA;10,1;NA;NA;NA
2008;2008-06-29;131;NA;11,1;NA;NA;NA
2008;2008-06-30;141;NA;12,1;NA;NA;NA
2008;2008-07-01;95;NA;13,1;NA;NA;NA
2008;2008-07-02;152;152;0,1;20:18;NA;2008-07-02
2008;2008-07-03;151;NA;1,1;NA;NA;NA
2008;2008-07-04;145;NA;2,1;NA;NA;NA
2008;2008-07-05;134;NA;3,1;NA;NA;NA
2008;2008-07-06;119;NA;4,1;NA;NA;NA
2008;2008-07-07;104;NA;5,1;NA;NA;NA
2008;2008-07-08;102;NA;6,1;NA;NA;NA
2008;2008-07-09;98;NA;7,1;NA;NA;NA
2008;2008-07-10;97;NA;8,1;NA;NA;NA
2008;2008-07-11;100;NA;9,1;NA;NA;NA
2008;2008-07-12;108;NA;10,1;NA;NA;NA
2008;2008-07-13;117;NA;11,1;NA;NA;NA
2008;2008-07-14;126;NA;12,1;NA;NA;NA
2008;2008-07-15;134;NA;13,1;NA;NA;NA
2008;2008-07-16;141;NA;14,1;NA;NA;NA
2008;2008-07-17;144;NA;15,1;NA;NA;NA
2008;2008-07-18;145;145;0,1;NA;01:59;2008-07-18
2008;2008-07-19;143;NA;1,1;NA;NA;NA
2008;2008-07-20;137;NA;2,1;NA;NA;NA
2008;2008-07-21;128;NA;3,1;NA;NA;NA
2008;2008-07-22;117;NA;4,1;NA;NA;NA
2008;2008-07-23;119;NA;5,1;NA;NA;NA
2008;2008-07-24;119;NA;6,1;NA;NA;NA
2008;2008-07-25;118;NA;7,1;NA;NA;NA
2008;2008-07-26;118;NA;8,1;NA;NA;NA
2008;2008-07-27;123;NA;9,1;NA;NA;NA
2008;2008-07-28;135;NA;10,1;NA;NA;NA
2008;2008-07-29;148;NA;11,1;NA;NA;NA
2008;2008-07-30;159;NA;12,1;NA;NA;NA
2008;2008-07-31;165;NA;13,1;NA;NA;NA
2009;2009-03-01;113;NA;226,1;NA;NA;NA
2009;2009-03-02;105;NA;227,1;NA;NA;NA
2009;2009-03-03;94;NA;228,1;NA;NA;NA
2009;2009-03-04;16;NA;229,1;NA;NA;NA
2009;2009-03-05;84;NA;230,1;NA;NA;NA
2009;2009-03-06;94;NA;231,1;NA;NA;NA
2009;2009-03-07;110;NA;232,1;NA;NA;NA
2009;2009-03-08;124;NA;233,1;NA;NA;NA
2009;2009-03-09;131;NA;234,1;NA;NA;NA
2009;2009-03-10;131;131;0,2;NA;19:37;2009-03-10
2009;2009-03-11;124;NA;1,2;NA;NA;NA
2009;2009-03-12;119;NA;2,2;NA;NA;NA
2009;2009-03-13;114;NA;3,2;NA;NA;NA
2009;2009-03-14;106;NA;4,2;NA;NA;NA
2009;2009-03-15;98;NA;5,2;NA;NA;NA
2009;2009-03-16;89;NA;6,2;NA;NA;NA
2009;2009-03-17;79;NA;7,2;NA;NA;NA
2009;2009-03-18;71;NA;8,2;NA;NA;NA
2009;2009-03-19;71;NA;9,2;NA;NA;NA
2009;2009-03-20;76;NA;10,2;NA;NA;NA
2009;2009-03-21;82;NA;11,2;NA;NA;NA
2009;2009-03-22;92;NA;12,2;NA;NA;NA
2009;2009-03-23;100;NA;13,2;NA;NA;NA
2009;2009-03-24;106;NA;14,2;NA;NA;NA
2009;2009-03-25;113;NA;15,2;NA;NA;NA
2009;2009-03-26;120;120;0,1;09:05;NA;2009-03-26
2009;2009-03-27;124;NA;1,1;NA;NA;NA
2009;2009-03-28;124;NA;2,1;NA;NA;NA
2009;2009-03-29;120;NA;3,1;NA;NA;NA
2009;2009-03-30;112;NA;4,1;NA;NA;NA
2009;2009-03-31;100;NA;5,1;NA;NA;NA
2009;2009-04-01;84;NA;6,1;NA;NA;NA
2009;2009-04-02;68;NA;7,1;NA;NA;NA
2009;2009-04-03;79;NA;8,1;NA;NA;NA
2009;2009-04-04;92;NA;9,1;NA;NA;NA
2009;2009-04-05;103;NA;10,1;NA;NA;NA
2009;2009-04-06;111;NA;11,1;NA;NA;NA
2009;2009-04-07;117;NA;12,1;NA;NA;NA
2009;2009-04-08;120;NA;13,1;NA;NA;NA
2009;2009-04-09;119;119;0,1;NA;08:55;2009-04-09
2009;2009-04-10;116;NA;1,1;NA;NA;NA
2009;2009-04-11;112;NA;2,1;NA;NA;NA
2009;2009-04-12;105;NA;3,1;NA;NA;NA
2009;2009-04-13;98;NA;4,1;NA;NA;NA
2009;2009-04-14;89;NA;5,1;NA;NA;NA
2009;2009-04-15;78;NA;6,1;NA;NA;NA
2009;2009-04-16;66;NA;7,1;NA;NA;NA
2009;2009-04-17;65;NA;8,1;NA;NA;NA
2009;2009-04-18;71;NA;9,1;NA;NA;NA
2009;2009-04-19;78;NA;10,1;NA;NA;NA
2009;2009-04-20;88;NA;11,1;NA;NA;NA
2009;2009-04-21;99;NA;12,1;NA;NA;NA
2009;2009-04-22;110;NA;13,1;NA;NA;NA
2009;2009-04-23;120;NA;14,1;NA;NA;NA
2009;2009-04-24;126;126;0,1;21:22;NA;2009-04-24
2009;2009-04-25;129;NA;1,1;NA;NA;NA
2009;2009-04-26;127;NA;2,1;NA;NA;NA
2009;2009-04-27;120;NA;3,1;NA;NA;NA
2009;2009-04-28;108;NA;4,1;NA;NA;NA
2009;2009-04-29;93;NA;5,1;NA;NA;NA
2009;2009-04-30;NA;NA;6,1;NA;NA;NA
2009;2009-05-01;78;NA;7,1;NA;NA;NA
2009;2009-05-02;84;NA;8,1;NA;NA;NA
2009;2009-05-03;95;NA;9,1;NA;NA;NA
2009;2009-05-04;105;NA;10,1;NA;NA;NA
2009;2009-05-05;111;NA;11,1;NA;NA;NA
2009;2009-05-06;116;NA;12,1;NA;NA;NA
2009;2009-05-07;118;NA;13,1;NA;NA;NA
2009;2009-05-08;118;118;0,1;NA;22:01;2009-05-08
2009;2009-05-09;116;NA;1,1;NA;NA;NA
2009;2009-05-10;113;NA;2,1;NA;NA;NA
2009;2009-05-11;109;NA;3,1;NA;NA;NA
2009;2009-05-12;102;NA;4,1;NA;NA;NA
2009;2009-05-13;93;NA;5,1;NA;NA;NA
2009;2009-05-14;82;NA;6,1;NA;NA;NA
2009;2009-05-15;56;NA;7,1;NA;NA;NA
2009;2009-05-16;70;NA;8,1;NA;NA;NA
2009;2009-05-17;71;NA;9,1;NA;NA;NA
2009;2009-05-18;82;NA;10,1;NA;NA;NA
2009;2009-05-19;94;NA;11,1;NA;NA;NA
2009;2009-05-20;106;NA;12,1;NA;NA;NA
2009;2009-05-21;118;NA;13,1;NA;NA;NA
2009;2009-05-22;128;NA;14,1;NA;NA;NA
2009;2009-05-23;134;NA;15,1;NA;NA;NA
2009;2009-05-24;135;135;0,1;06:10;NA;2009-05-24
2009;2009-05-25;132;NA;1,1;NA;NA;NA
2009;2009-05-26;124;NA;2,1;NA;NA;NA
2009;2009-05-27;112;NA;3,1;NA;NA;NA
2009;2009-05-28;70;NA;4,1;NA;NA;NA
2009;2009-05-29;98;NA;5,1;NA;NA;NA
2009;2009-05-30;83;NA;6,1;NA;NA;NA
2009;2009-05-31;92;NA;7,1;NA;NA;NA
2009;2009-06-01;100;NA;8,1;NA;NA;NA
2009;2009-06-02;107;NA;9,1;NA;NA;NA
2009;2009-06-03;112;NA;10,1;NA;NA;NA
2009;2009-06-04;117;NA;11,1;NA;NA;NA
2009;2009-06-05;120;NA;12,1;NA;NA;NA
2009;2009-06-06;123;NA;13,1;NA;NA;NA
2009;2009-06-07;124;124;0,1;NA;12:11;2009-06-07
2009;2009-06-08;123;NA;1,1;NA;NA;NA
2009;2009-06-09;120;NA;2,1;NA;NA;NA
2009;2009-06-10;114;NA;3,1;NA;NA;NA
2009;2009-06-11;106;NA;4,1;NA;NA;NA
2009;2009-06-12;95;NA;5,1;NA;NA;NA
2009;2009-06-13;83;NA;6,1;NA;NA;NA
2009;2009-06-14;77;NA;7,1;NA;NA;NA
2009;2009-06-15;83;NA;8,1;NA;NA;NA
2009;2009-06-16;93;NA;9,1;NA;NA;NA
2009;2009-06-17;104;NA;10,1;NA;NA;NA
2009;2009-06-18;116;NA;11,1;NA;NA;NA
2009;2009-06-19;128;NA;12,1;NA;NA;NA
2009;2009-06-20;138;NA;13,1;NA;NA;NA
2009;2009-06-21;144;NA;14,1;NA;NA;NA
2009;2009-06-22;147;147;0,1;13:35;NA;2009-06-22
2009;2009-06-23;146;NA;1,1;NA;NA;NA
2009;2009-06-24;139;NA;2,1;NA;NA;NA
2009;2009-06-25;127;NA;3,1;NA;NA;NA
2009;2009-06-26;99;NA;4,1;NA;NA;NA
2009;2009-06-27;112;NA;5,1;NA;NA;NA
2009;2009-06-28;100;NA;6,1;NA;NA;NA
2009;2009-06-29;101;NA;7,1;NA;NA;NA
2009;2009-06-30;104;NA;8,1;NA;NA;NA
2009;2009-07-01;109;NA;9,1;NA;NA;NA
2009;2009-07-02;116;NA;10,1;NA;NA;NA
2009;2009-07-03;123;NA;11,1;NA;NA;NA
2009;2009-07-04;130;NA;12,1;NA;NA;NA
2009;2009-07-05;135;NA;13,1;NA;NA;NA
2009;2009-07-06;138;NA;14,1;NA;NA;NA
2009;2009-07-07;139;139;0,1;NA;03:21;2009-07-07
2009;2009-07-08;136;NA;1,1;NA;NA;NA
2009;2009-07-09;131;NA;2,1;NA;NA;NA
2009;2009-07-10;123;NA;3,1;NA;NA;NA
2009;2009-07-11;113;NA;4,1;NA;NA;NA
2009;2009-07-12;104;NA;5,1;NA;NA;NA
2009;2009-07-13;105;NA;6,1;NA;NA;NA
2009;2009-07-14;106;NA;7,1;NA;NA;NA
2009;2009-07-15;108;NA;8,1;NA;NA;NA
2009;2009-07-16;114;NA;9,1;NA;NA;NA
2009;2009-07-17;123;NA;10,1;NA;NA;NA
2009;2009-07-18;135;NA;11,1;NA;NA;NA
2009;2009-07-19;147;NA;12,1;NA;NA;NA
2009;2009-07-20;157;NA;13,1;NA;NA;NA
2009;2009-07-21;163;163;0,1;20:34;NA;2009-07-21
2009;2009-07-22;163;NA;1,1;NA;NA;NA
2009;2009-07-23;155;NA;2,1;NA;NA;NA
2009;2009-07-24;141;NA;3,1;NA;NA;NA
2009;2009-07-25;127;NA;4,1;NA;NA;NA
2009;2009-07-26;123;NA;5,1;NA;NA;NA
2009;2009-07-27;118;NA;6,1;NA;NA;NA
2009;2009-07-28;110;NA;7,1;NA;NA;NA
2009;2009-07-29;105;NA;8,1;NA;NA;NA
2009;2009-07-30;109;NA;9,1;NA;NA;NA
2009;2009-07-31;119;NA;10,1;NA;NA;NA
2010;2010-03-01;131;NA;223,1;NA;NA;NA
2010;2010-03-02;123;NA;224,1;NA;NA;NA
2010;2010-03-03;117;NA;225,1;NA;NA;NA
2010;2010-03-04;107;NA;226,1;NA;NA;NA
2010;2010-03-05;96;NA;227,1;NA;NA;NA
2010;2010-03-06;83;NA;228,1;NA;NA;NA
2010;2010-03-07;71;NA;229,1;NA;NA;NA
2010;2010-03-08;74;NA;230,1;NA;NA;NA
2010;2010-03-09;80;NA;231,1;NA;NA;NA
2010;2010-03-10;88;NA;232,1;NA;NA;NA
2010;2010-03-11;97;NA;233,1;NA;NA;NA
2010;2010-03-12;104;NA;234,1;NA;NA;NA
2010;2010-03-13;108;NA;235,1;NA;NA;NA
2010;2010-03-14;110;NA;236,1;NA;NA;NA
2010;2010-03-15;109;109;0,1;14:01;NA;2010-03-15
2010;2010-03-16;114;NA;1,1;NA;NA;NA
2010;2010-03-17;116;NA;2,1;NA;NA;NA
2010;2010-03-18;116;NA;3,1;NA;NA;NA
2010;2010-03-19;113;NA;4,1;NA;NA;NA
2010;2010-03-20;107;NA;5,1;NA;NA;NA
2010;2010-03-21;98;NA;6,1;NA;NA;NA
2010;2010-03-22;85;NA;7,1;NA;NA;NA
2010;2010-03-23;65;NA;8,1;NA;NA;NA
2010;2010-03-24;78;NA;9,1;NA;NA;NA
2010;2010-03-25;90;NA;10,1;NA;NA;NA
2010;2010-03-26;105;NA;11,1;NA;NA;NA
2010;2010-03-27;117;NA;12,1;NA;NA;NA
2010;2010-03-28;122;NA;13,1;NA;NA;NA
2010;2010-03-29;127;127;0,2;NA;19:25;2010-03-29
2010;2010-03-30;127;NA;1,2;NA;NA;NA
2010;2010-03-31;122;NA;2,2;NA;NA;NA
2010;2010-04-01;114;NA;3,2;NA;NA;NA
2010;2010-04-02;104;NA;4,2;NA;NA;NA
2010;2010-04-03;92;NA;5,2;NA;NA;NA
2010;2010-04-04;79;NA;6,2;NA;NA;NA
2010;2010-04-05;67;NA;7,2;NA;NA;NA
2010;2010-04-06;69;NA;8,2;NA;NA;NA
2010;2010-04-07;74;NA;9,2;NA;NA;NA
2010;2010-04-08;80;NA;10,2;NA;NA;NA
2010;2010-04-09;86;NA;11,2;NA;NA;NA
2010;2010-04-10;92;NA;12,2;NA;NA;NA
2010;2010-04-11;100;NA;13,2;NA;NA;NA
2010;2010-04-12;107;NA;14,2;NA;NA;NA
2010;2010-04-13;114;NA;15,2;NA;NA;NA
2010;2010-04-14;119;119;0,1;06:28;NA;2010-04-14
2010;2010-04-15;121;NA;1,1;NA;NA;NA
2010;2010-04-16;119;NA;2,1;NA;NA;NA
2010;2010-04-17;114;NA;3,1;NA;NA;NA
2010;2010-04-18;105;NA;4,1;NA;NA;NA
2010;2010-04-19;92;NA;5,1;NA;NA;NA
2010;2010-04-20;NA;NA;6,1;NA;NA;NA
2010;2010-04-21;78;NA;7,1;NA;NA;NA
2010;2010-04-22;73;NA;8,1;NA;NA;NA
2010;2010-04-23;95;NA;9,1;NA;NA;NA
2010;2010-04-24;107;NA;10,1;NA;NA;NA
2010;2010-04-25;117;NA;11,1;NA;NA;NA
2010;2010-04-26;123;NA;12,1;NA;NA;NA
2010;2010-04-27;126;NA;13,1;NA;NA;NA
2010;2010-04-28;124;124;0,1;NA;06:18;2010-04-28
2010;2010-04-29;120;NA;1,1;NA;NA;NA
2010;2010-04-30;112;NA;2,1;NA;NA;NA
2010;2010-05-01;103;NA;3,1;NA;NA;NA
2010;2010-05-02;92;NA;4,1;NA;NA;NA
2010;2010-05-03;80;NA;5,1;NA;NA;NA
2010;2010-05-04;NA;NA;6,1;NA;NA;NA
2010;2010-05-05;67;NA;7,1;NA;NA;NA
2010;2010-05-06;70;NA;8,1;NA;NA;NA
2010;2010-05-07;77;NA;9,1;NA;NA;NA
2010;2010-05-08;85;NA;10,1;NA;NA;NA
2010;2010-05-09;94;NA;11,1;NA;NA;NA
2010;2010-05-10;104;NA;12,1;NA;NA;NA
2010;2010-05-11;113;NA;13,1;NA;NA;NA
2010;2010-05-12;121;NA;14,1;NA;NA;NA
2010;2010-05-13;125;125;0,1;19:04;NA;2010-05-13
2010;2010-05-14;127;NA;1,1;NA;NA;NA
2010;2010-05-15;124;NA;2,1;NA;NA;NA
2010;2010-05-16;117;NA;3,1;NA;NA;NA
2010;2010-05-17;106;NA;4,1;NA;NA;NA
2010;2010-05-18;93;NA;5,1;NA;NA;NA
2010;2010-05-19;67;NA;6,1;NA;NA;NA
2010;2010-05-20;79;NA;7,1;NA;NA;NA
2010;2010-05-21;90;NA;8,1;NA;NA;NA
2010;2010-05-22;101;NA;9,1;NA;NA;NA
2010;2010-05-23;111;NA;10,1;NA;NA;NA
2010;2010-05-24;119;NA;11,1;NA;NA;NA
2010;2010-05-25;124;NA;12,1;NA;NA;NA
2010;2010-05-26;127;NA;13,1;NA;NA;NA
2010;2010-05-27;126;126;0,1;NA;17:07;2010-05-27
2010;2010-05-28;123;NA;1,1;NA;NA;NA
2010;2010-05-29;118;NA;2,1;NA;NA;NA
2010;2010-05-30;111;NA;3,1;NA;NA;NA
2010;2010-05-31;101;NA;4,1;NA;NA;NA
2010;2010-06-01;90;NA;5,1;NA;NA;NA
2010;2010-06-02;68;NA;6,1;NA;NA;NA
2010;2010-06-03;78;NA;7,1;NA;NA;NA
2010;2010-06-04;73;NA;8,1;NA;NA;NA
2010;2010-06-05;81;NA;9,1;NA;NA;NA
2010;2010-06-06;90;NA;10,1;NA;NA;NA
2010;2010-06-07;101;NA;11,1;NA;NA;NA
2010;2010-06-08;112;NA;12,1;NA;NA;NA
2010;2010-06-09;122;NA;13,1;NA;NA;NA
2010;2010-06-10;131;NA;14,1;NA;NA;NA
2010;2010-06-11;136;NA;15,1;NA;NA;NA
2010;2010-06-12;138;138;0,1;05:14;NA;2010-06-12
2010;2010-06-13;135;NA;1,1;NA;NA;NA
2010;2010-06-14;128;NA;2,1;NA;NA;NA
2010;2010-06-15;118;NA;3,1;NA;NA;NA
2010;2010-06-16;89;NA;4,1;NA;NA;NA
2010;2010-06-17;104;NA;5,1;NA;NA;NA
2010;2010-06-18;96;NA;6,1;NA;NA;NA
2010;2010-06-19;102;NA;7,1;NA;NA;NA
2010;2010-06-20;109;NA;8,1;NA;NA;NA
2010;2010-06-21;116;NA;9,1;NA;NA;NA
2010;2010-06-22;123;NA;10,1;NA;NA;NA
2010;2010-06-23;129;NA;11,1;NA;NA;NA
2010;2010-06-24;134;NA;12,1;NA;NA;NA
2010;2010-06-25;136;NA;13,1;NA;NA;NA
2010;2010-06-26;136;136;0,1;NA;05:30;2010-06-26
2010;2010-06-27;133;NA;1,1;NA;NA;NA
2010;2010-06-28;127;NA;2,1;NA;NA;NA
2010;2010-06-29;118;NA;3,1;NA;NA;NA
2010;2010-06-30;108;NA;4,1;NA;NA;NA
2010;2010-07-01;95;NA;5,1;NA;NA;NA
2010;2010-07-02;91;NA;6,1;NA;NA;NA
2010;2010-07-03;91;NA;7,1;NA;NA;NA
2010;2010-07-04;94;NA;8,1;NA;NA;NA
2010;2010-07-05;100;NA;9,1;NA;NA;NA
2010;2010-07-06;110;NA;10,1;NA;NA;NA
2010;2010-07-07;121;NA;11,1;NA;NA;NA
2010;2010-07-08;132;NA;12,1;NA;NA;NA
2010;2010-07-09;142;NA;13,1;NA;NA;NA
2010;2010-07-10;150;NA;14,1;NA;NA;NA
2010;2010-07-11;154;154;0,1;13:40;NA;2010-07-11
2010;2010-07-12;153;NA;1,1;NA;NA;NA
2010;2010-07-13;146;NA;2,1;NA;NA;NA
2010;2010-07-14;134;NA;3,1;NA;NA;NA
2010;2010-07-15;119;NA;4,1;NA;NA;NA
2010;2010-07-16;118;NA;5,1;NA;NA;NA
2010;2010-07-17;115;NA;6,1;NA;NA;NA
2010;2010-07-18;112;NA;7,1;NA;NA;NA
2010;2010-07-19;112;NA;8,1;NA;NA;NA
2010;2010-07-20;119;NA;9,1;NA;NA;NA
2010;2010-07-21;128;NA;10,1;NA;NA;NA
2010;2010-07-22;137;NA;11,1;NA;NA;NA
2010;2010-07-23;144;NA;12,1;NA;NA;NA
2010;2010-07-24;148;NA;13,1;NA;NA;NA
2010;2010-07-25;149;149;0,1;NA;19:36;2010-07-25
2010;2010-07-26;147;NA;1,1;NA;NA;NA
2010;2010-07-27;141;NA;2,1;NA;NA;NA
2010;2010-07-28;133;NA;3,1;NA;NA;NA
2010;2010-07-29;123;NA;4,1;NA;NA;NA
2010;2010-07-30;119;NA;5,1;NA;NA;NA
2010;2010-07-31;118;NA;6,1;NA;NA;NA
2011;2011-03-01;112;NA;219,1;NA;NA;NA
2011;2011-03-02;117;NA;220,1;NA;NA;NA
2011;2011-03-03;118;NA;221,1;NA;NA;NA
2011;2011-03-04;116;116;0,2;13:45;NA;2011-03-04
2011;2011-03-05;112;NA;1,2;NA;NA;NA
2011;2011-03-06;110;NA;2,2;NA;NA;NA
2011;2011-03-07;109;NA;3,2;NA;NA;NA
2011;2011-03-08;108;NA;4,2;NA;NA;NA
2011;2011-03-09;104;NA;5,2;NA;NA;NA
2011;2011-03-10;98;NA;6,2;NA;NA;NA
2011;2011-03-11;89;NA;7,2;NA;NA;NA
2011;2011-03-12;22;NA;8,2;NA;NA;NA
2011;2011-03-13;79;NA;9,2;NA;NA;NA
2011;2011-03-14;79;NA;10,2;NA;NA;NA
2011;2011-03-15;92;NA;11,2;NA;NA;NA
2011;2011-03-16;107;NA;12,2;NA;NA;NA
2011;2011-03-17;119;NA;13,2;NA;NA;NA
2011;2011-03-18;126;NA;14,2;NA;NA;NA
2011;2011-03-19;128;128;0,1;NA;11:10;2011-03-19
2011;2011-03-20;129;NA;1,1;NA;NA;NA
2011;2011-03-21;126;NA;2,1;NA;NA;NA
2011;2011-03-22;117;NA;3,1;NA;NA;NA
2011;2011-03-23;105;NA;4,1;NA;NA;NA
2011;2011-03-24;91;NA;5,1;NA;NA;NA
2011;2011-03-25;14;NA;6,1;NA;NA;NA
2011;2011-03-26;75;NA;7,1;NA;NA;NA
2011;2011-03-27;77;NA;8,1;NA;NA;NA
2011;2011-03-28;85;NA;9,1;NA;NA;NA
2011;2011-03-29;91;NA;10,1;NA;NA;NA
2011;2011-03-30;95;NA;11,1;NA;NA;NA
2011;2011-03-31;100;NA;12,1;NA;NA;NA
2011;2011-04-01;104;NA;13,1;NA;NA;NA
2011;2011-04-02;108;NA;14,1;NA;NA;NA
2011;2011-04-03;111;111;0,1;08:32;NA;2011-04-03
2011;2011-04-04;113;NA;1,1;NA;NA;NA
2011;2011-04-05;113;NA;2,1;NA;NA;NA
2011;2011-04-06;111;NA;3,1;NA;NA;NA
2011;2011-04-07;106;NA;4,1;NA;NA;NA
2011;2011-04-08;98;NA;5,1;NA;NA;NA
2011;2011-04-09;87;NA;6,1;NA;NA;NA
2011;2011-04-10;NA;NA;7,1;NA;NA;NA
2011;2011-04-11;74;NA;8,1;NA;NA;NA
2011;2011-04-12;77;NA;9,1;NA;NA;NA
2011;2011-04-13;91;NA;10,1;NA;NA;NA
2011;2011-04-14;105;NA;11,1;NA;NA;NA
2011;2011-04-15;117;NA;12,1;NA;NA;NA
2011;2011-04-16;126;NA;13,1;NA;NA;NA
2011;2011-04-17;130;130;0,1;NA;20:44;2011-04-17
2011;2011-04-18;130;NA;1,1;NA;NA;NA
2011;2011-04-19;124;NA;2,1;NA;NA;NA
2011;2011-04-20;114;NA;3,1;NA;NA;NA
2011;2011-04-21;101;NA;4,1;NA;NA;NA
2011;2011-04-22;86;NA;5,1;NA;NA;NA
2011;2011-04-23;NA;NA;6,1;NA;NA;NA
2011;2011-04-24;71;NA;7,1;NA;NA;NA
2011;2011-04-25;74;NA;8,1;NA;NA;NA
2011;2011-04-26;80;NA;9,1;NA;NA;NA
2011;2011-04-27;86;NA;10,1;NA;NA;NA
2011;2011-04-28;92;NA;11,1;NA;NA;NA
2011;2011-04-29;98;NA;12,1;NA;NA;NA
2011;2011-04-30;104;NA;13,1;NA;NA;NA
2011;2011-05-01;110;NA;14,1;NA;NA;NA
2011;2011-05-02;115;NA;15,1;NA;NA;NA
2011;2011-05-03;118;118;0,1;00:50;NA;2011-05-03
2011;2011-05-04;117;NA;1,1;NA;NA;NA
2011;2011-05-05;114;NA;2,1;NA;NA;NA
2011;2011-05-06;108;NA;3,1;NA;NA;NA
2011;2011-05-07;98;NA;4,1;NA;NA;NA
2011;2011-05-08;86;NA;5,1;NA;NA;NA
2011;2011-05-09;60;NA;6,1;NA;NA;NA
2011;2011-05-10;74;NA;7,1;NA;NA;NA
2011;2011-05-11;85;NA;8,1;NA;NA;NA
2011;2011-05-12;99;NA;9,1;NA;NA;NA
2011;2011-05-13;112;NA;10,1;NA;NA;NA
2011;2011-05-14;122;NA;11,1;NA;NA;NA
2011;2011-05-15;129;NA;12,1;NA;NA;NA
2011;2011-05-16;132;NA;13,1;NA;NA;NA
2011;2011-05-17;131;131;0,1;NA;05:08;2011-05-17
2011;2011-05-18;125;NA;1,1;NA;NA;NA
2011;2011-05-19;116;NA;2,1;NA;NA;NA
2011;2011-05-20;104;NA;3,1;NA;NA;NA
2011;2011-05-21;90;NA;4,1;NA;NA;NA
2011;2011-05-22;65;NA;5,1;NA;NA;NA
2011;2011-05-23;76;NA;6,1;NA;NA;NA
2011;2011-05-24;73;NA;7,1;NA;NA;NA
2011;2011-05-25;79;NA;8,1;NA;NA;NA
2011;2011-05-26;86;NA;9,1;NA;NA;NA
2011;2011-05-27;94;NA;10,1;NA;NA;NA
2011;2011-05-28;102;NA;11,1;NA;NA;NA
2011;2011-05-29;110;NA;12,1;NA;NA;NA
2011;2011-05-30;118;NA;13,1;NA;NA;NA
2011;2011-05-31;123;NA;14,1;NA;NA;NA
2011;2011-06-01;127;127;0,1;15:02;NA;2011-06-01
2011;2011-06-02;127;NA;1,1;NA;NA;NA
2011;2011-06-03;123;NA;2,1;NA;NA;NA
2011;2011-06-04;117;NA;3,1;NA;NA;NA
2011;2011-06-05;107;NA;4,1;NA;NA;NA
2011;2011-06-06;95;NA;5,1;NA;NA;NA
2011;2011-06-07;81;NA;6,1;NA;NA;NA
2011;2011-06-08;88;NA;7,1;NA;NA;NA
2011;2011-06-09;98;NA;8,1;NA;NA;NA
2011;2011-06-10;108;NA;9,1;NA;NA;NA
2011;2011-06-11;119;NA;10,1;NA;NA;NA
2011;2011-06-12;128;NA;11,1;NA;NA;NA
2011;2011-06-13;135;NA;12,1;NA;NA;NA
2011;2011-06-14;138;NA;13,1;NA;NA;NA
2011;2011-06-15;139;139;0,1;NA;14:13;2011-06-15
2011;2011-06-16;135;NA;1,1;NA;NA;NA
2011;2011-06-17;128;NA;2,1;NA;NA;NA
2011;2011-06-18;117;NA;3,1;NA;NA;NA
2011;2011-06-19;105;NA;4,1;NA;NA;NA
2011;2011-06-20;91;NA;5,1;NA;NA;NA
2011;2011-06-21;84;NA;6,1;NA;NA;NA
2011;2011-06-22;83;NA;7,1;NA;NA;NA
2011;2011-06-23;85;NA;8,1;NA;NA;NA
2011;2011-06-24;91;NA;9,1;NA;NA;NA
2011;2011-06-25;100;NA;10,1;NA;NA;NA
2011;2011-06-26;109;NA;11,1;NA;NA;NA
2011;2011-06-27;119;NA;12,1;NA;NA;NA
2011;2011-06-28;128;NA;13,1;NA;NA;NA
2011;2011-06-29;136;NA;14,1;NA;NA;NA
2011;2011-06-30;140;NA;15,1;NA;NA;NA
2011;2011-07-01;142;142;0,1;02:53;NA;2011-07-01
2011;2011-07-02;140;NA;1,1;NA;NA;NA
2011;2011-07-03;133;NA;2,1;NA;NA;NA
2011;2011-07-04;123;NA;3,1;NA;NA;NA
2011;2011-07-05;109;NA;4,1;NA;NA;NA
2011;2011-07-06;108;NA;5,1;NA;NA;NA
2011;2011-07-07;109;NA;6,1;NA;NA;NA
2011;2011-07-08;111;NA;7,1;NA;NA;NA
2011;2011-07-09;116;NA;8,1;NA;NA;NA
2011;2011-07-10;124;NA;9,1;NA;NA;NA
2011;2011-07-11;134;NA;10,1;NA;NA;NA
2011;2011-07-12;143;NA;11,1;NA;NA;NA
2011;2011-07-13;149;NA;12,1;NA;NA;NA
2011;2011-07-14;151;NA;13,1;NA;NA;NA
2011;2011-07-15;149;149;0,1;NA;00:39;2011-07-15
2011;2011-07-16;143;NA;1,1;NA;NA;NA
2011;2011-07-17;133;NA;2,1;NA;NA;NA
2011;2011-07-18;121;NA;3,1;NA;NA;NA
2011;2011-07-19;111;NA;4,1;NA;NA;NA
2011;2011-07-20;108;NA;5,1;NA;NA;NA
2011;2011-07-21;104;NA;6,1;NA;NA;NA
2011;2011-07-22;101;NA;7,1;NA;NA;NA
2011;2011-07-23;100;NA;8,1;NA;NA;NA
2011;2011-07-24;105;NA;9,1;NA;NA;NA
2011;2011-07-25;114;NA;10,1;NA;NA;NA
2011;2011-07-26;126;NA;11,1;NA;NA;NA
2011;2011-07-27;137;NA;12,1;NA;NA;NA
2011;2011-07-28;147;NA;13,1;NA;NA;NA
2011;2011-07-29;154;NA;14,1;NA;NA;NA
2011;2011-07-30;158;158;0,1;12:39;NA;2011-07-30
2011;2011-07-31;156;NA;1,1;NA;NA;NA
2012;2012-03-01;77;NA;215,1;NA;NA;NA
2012;2012-03-02;75;NA;216,1;NA;NA;NA
2012;2012-03-03;84;NA;217,1;NA;NA;NA
2012;2012-03-04;97;NA;218,1;NA;NA;NA
2012;2012-03-05;109;NA;219,1;NA;NA;NA
2012;2012-03-06;118;NA;220,1;NA;NA;NA
2012;2012-03-07;124;NA;221,1;NA;NA;NA
2012;2012-03-08;124;124;0,1;NA;02:39;2012-03-08
2012;2012-03-09;125;NA;1,1;NA;NA;NA
2012;2012-03-10;123;NA;2,1;NA;NA;NA
2012;2012-03-11;117;NA;3,1;NA;NA;NA
2012;2012-03-12;107;NA;4,1;NA;NA;NA
2012;2012-03-13;93;NA;5,1;NA;NA;NA
2012;2012-03-14;16;NA;6,1;NA;NA;NA
2012;2012-03-15;80;NA;7,1;NA;NA;NA
2012;2012-03-16;82;NA;8,1;NA;NA;NA
2012;2012-03-17;94;NA;9,1;NA;NA;NA
2012;2012-03-18;104;NA;10,1;NA;NA;NA
2012;2012-03-19;110;NA;11,1;NA;NA;NA
2012;2012-03-20;113;NA;12,1;NA;NA;NA
2012;2012-03-21;111;NA;13,1;NA;NA;NA
2012;2012-03-22;111;111;0,1;07:37;NA;2012-03-22
2012;2012-03-23;111;NA;1,1;NA;NA;NA
2012;2012-03-24;109;NA;2,1;NA;NA;NA
2012;2012-03-25;107;NA;3,1;NA;NA;NA
2012;2012-03-26;102;NA;4,1;NA;NA;NA
2012;2012-03-27;95;NA;5,1;NA;NA;NA
2012;2012-03-28;87;NA;6,1;NA;NA;NA
2012;2012-03-29;76;NA;7,1;NA;NA;NA
2012;2012-03-30;19;NA;8,1;NA;NA;NA
2012;2012-03-31;66;NA;9,1;NA;NA;NA
2012;2012-04-01;77;NA;10,1;NA;NA;NA
2012;2012-04-02;89;NA;11,1;NA;NA;NA
2012;2012-04-03;102;NA;12,1;NA;NA;NA
2012;2012-04-04;114;NA;13,1;NA;NA;NA
2012;2012-04-05;123;NA;14,1;NA;NA;NA
2012;2012-04-06;129;129;0,1;NA;13:18;2012-04-06
2012;2012-04-07;129;NA;1,1;NA;NA;NA
2012;2012-04-08;125;NA;2,1;NA;NA;NA
2012;2012-04-09;115;NA;3,1;NA;NA;NA
2012;2012-04-10;102;NA;4,1;NA;NA;NA
2012;2012-04-11;52;NA;5,1;NA;NA;NA
2012;2012-04-12;86;NA;6,1;NA;NA;NA
2012;2012-04-13;72;NA;7,1;NA;NA;NA
2012;2012-04-14;81;NA;8,1;NA;NA;NA
2012;2012-04-15;90;NA;9,1;NA;NA;NA
2012;2012-04-16;97;NA;10,1;NA;NA;NA
2012;2012-04-17;102;NA;11,1;NA;NA;NA
2012;2012-04-18;106;NA;12,1;NA;NA;NA
2012;2012-04-19;109;NA;13,1;NA;NA;NA
2012;2012-04-20;111;NA;14,1;NA;NA;NA
2012;2012-04-21;112;112;0,1;01:18;NA;2012-04-21
2012;2012-04-22;112;NA;1,1;NA;NA;NA
2012;2012-04-23;109;NA;2,1;NA;NA;NA
2012;2012-04-24;104;NA;3,1;NA;NA;NA
2012;2012-04-25;97;NA;4,1;NA;NA;NA
2012;2012-04-26;88;NA;5,1;NA;NA;NA
2012;2012-04-27;76;NA;6,1;NA;NA;NA
2012;2012-04-28;57;NA;7,1;NA;NA;NA
2012;2012-04-29;68;NA;8,1;NA;NA;NA
2012;2012-04-30;81;NA;9,1;NA;NA;NA
2012;2012-05-01;95;NA;10,1;NA;NA;NA
2012;2012-05-02;108;NA;11,1;NA;NA;NA
2012;2012-05-03;120;NA;12,1;NA;NA;NA
2012;2012-05-04;129;NA;13,1;NA;NA;NA
2012;2012-05-05;133;133;0,1;NA;21:35;2012-05-05
2012;2012-05-06;132;NA;1,1;NA;NA;NA
2012;2012-05-07;126;NA;2,1;NA;NA;NA
2012;2012-05-08;115;NA;3,1;NA;NA;NA
2012;2012-05-09;101;NA;4,1;NA;NA;NA
2012;2012-05-10;62;NA;5,1;NA;NA;NA
2012;2012-05-11;85;NA;6,1;NA;NA;NA
2012;2012-05-12;73;NA;7,1;NA;NA;NA
2012;2012-05-13;82;NA;8,1;NA;NA;NA
2012;2012-05-14;89;NA;9,1;NA;NA;NA
2012;2012-05-15;95;NA;10,1;NA;NA;NA
2012;2012-05-16;101;NA;11,1;NA;NA;NA
2012;2012-05-17;106;NA;12,1;NA;NA;NA
2012;2012-05-18;111;NA;13,1;NA;NA;NA
2012;2012-05-19;115;NA;14,1;NA;NA;NA
2012;2012-05-20;118;118;0,1;17:47;NA;2012-05-20
2012;2012-05-21;118;NA;1,1;NA;NA;NA
2012;2012-05-22;116;NA;2,1;NA;NA;NA
2012;2012-05-23;112;NA;3,1;NA;NA;NA
2012;2012-05-24;104;NA;4,1;NA;NA;NA
2012;2012-05-25;95;NA;5,1;NA;NA;NA
2012;2012-05-26;83;NA;6,1;NA;NA;NA
2012;2012-05-27;70;NA;7,1;NA;NA;NA
2012;2012-05-28;79;NA;8,1;NA;NA;NA
2012;2012-05-29;91;NA;9,1;NA;NA;NA
2012;2012-05-30;104;NA;10,1;NA;NA;NA
2012;2012-05-31;117;NA;11,1;NA;NA;NA
2012;2012-06-01;128;NA;12,1;NA;NA;NA
2012;2012-06-02;136;NA;13,1;NA;NA;NA
2012;2012-06-03;140;NA;14,1;NA;NA;NA
2012;2012-06-04;139;139;0,1;NA;05:11;2012-06-04
2012;2012-06-05;134;NA;1,1;NA;NA;NA
2012;2012-06-06;124;NA;2,1;NA;NA;NA
2012;2012-06-07;110;NA;3,1;NA;NA;NA
2012;2012-06-08;82;NA;4,1;NA;NA;NA
2012;2012-06-09;95;NA;5,1;NA;NA;NA
2012;2012-06-10;82;NA;6,1;NA;NA;NA
2012;2012-06-11;85;NA;7,1;NA;NA;NA
2012;2012-06-12;91;NA;8,1;NA;NA;NA
2012;2012-06-13;97;NA;9,1;NA;NA;NA
2012;2012-06-14;105;NA;10,1;NA;NA;NA
2012;2012-06-15;112;NA;11,1;NA;NA;NA
2012;2012-06-16;119;NA;12,1;NA;NA;NA
2012;2012-06-17;125;NA;13,1;NA;NA;NA
2012;2012-06-18;129;NA;14,1;NA;NA;NA
2012;2012-06-19;131;131;0,1;09:02;NA;2012-06-19
2012;2012-06-20;130;NA;1,1;NA;NA;NA
2012;2012-06-21;126;NA;2,1;NA;NA;NA
2012;2012-06-22;119;NA;3,1;NA;NA;NA
2012;2012-06-23;110;NA;4,1;NA;NA;NA
2012;2012-06-24;98;NA;5,1;NA;NA;NA
2012;2012-06-25;95;NA;6,1;NA;NA;NA
2012;2012-06-26;98;NA;7,1;NA;NA;NA
2012;2012-06-27;105;NA;8,1;NA;NA;NA
2012;2012-06-28;115;NA;9,1;NA;NA;NA
2012;2012-06-29;126;NA;10,1;NA;NA;NA
2012;2012-06-30;136;NA;11,1;NA;NA;NA
2012;2012-07-01;145;NA;12,1;NA;NA;NA
2012;2012-07-02;151;NA;13,1;NA;NA;NA
2012;2012-07-03;152;152;0,1;NA;12:51;2012-07-03
2012;2012-07-04;148;NA;1,1;NA;NA;NA
2012;2012-07-05;139;NA;2,1;NA;NA;NA
2012;2012-07-06;125;NA;3,1;NA;NA;NA
2012;2012-07-07;110;NA;4,1;NA;NA;NA
2012;2012-07-08;103;NA;5,1;NA;NA;NA
2012;2012-07-09;99;NA;6,1;NA;NA;NA
2012;2012-07-10;95;NA;7,1;NA;NA;NA
2012;2012-07-11;95;NA;8,1;NA;NA;NA
2012;2012-07-12;101;NA;9,1;NA;NA;NA
2012;2012-07-13;110;NA;10,1;NA;NA;NA
2012;2012-07-14;119;NA;11,1;NA;NA;NA
2012;2012-07-15;128;NA;12,1;NA;NA;NA
2012;2012-07-16;136;NA;13,1;NA;NA;NA
2012;2012-07-17;142;NA;14,1;NA;NA;NA
2012;2012-07-18;146;146;0,1;22:23;NA;2012-07-18
2012;2012-07-19;146;NA;1,1;NA;NA;NA
2012;2012-07-20;143;NA;2,1;NA;NA;NA
2012;2012-07-21;136;NA;3,1;NA;NA;NA
2012;2012-07-22;125;NA;4,1;NA;NA;NA
2012;2012-07-23;121;NA;5,1;NA;NA;NA
2012;2012-07-24;120;NA;6,1;NA;NA;NA
2012;2012-07-25;118;NA;7,1;NA;NA;NA
2012;2012-07-26;116;NA;8,1;NA;NA;NA
2012;2012-07-27;120;NA;9,1;NA;NA;NA
2012;2012-07-28;130;NA;10,1;NA;NA;NA
2012;2012-07-29;143;NA;11,1;NA;NA;NA
2012;2012-07-30;154;NA;12,1;NA;NA;NA
2012;2012-07-31;161;NA;13,1;NA;NA;NA
2013;2013-03-01;112;NA;226,1;NA;NA;NA
2013;2013-03-02;105;NA;227,1;NA;NA;NA
2013;2013-03-03;95;NA;228,1;NA;NA;NA
2013;2013-03-04;20;NA;229,1;NA;NA;NA
2013;2013-03-05;85;NA;230,1;NA;NA;NA
2013;2013-03-06;88;NA;231,1;NA;NA;NA
2013;2013-03-07;101;NA;232,1;NA;NA;NA
2013;2013-03-08;114;NA;233,1;NA;NA;NA
2013;2013-03-09;123;NA;234,1;NA;NA;NA
2013;2013-03-10;126;NA;235,1;NA;NA;NA
2013;2013-03-11;124;124;0,2;12:50;NA;2013-03-11
2013;2013-03-12;117;NA;1,2;NA;NA;NA
2013;2013-03-13;113;NA;2,2;NA;NA;NA
2013;2013-03-14;108;NA;3,2;NA;NA;NA
2013;2013-03-15;101;NA;4,2;NA;NA;NA
2013;2013-03-16;93;NA;5,2;NA;NA;NA
2013;2013-03-17;84;NA;6,2;NA;NA;NA
2013;2013-03-18;75;NA;7,2;NA;NA;NA
2013;2013-03-19;26;NA;8,2;NA;NA;NA
2013;2013-03-20;66;NA;9,2;NA;NA;NA
2013;2013-03-21;73;NA;10,2;NA;NA;NA
2013;2013-03-22;82;NA;11,2;NA;NA;NA
2013;2013-03-23;91;NA;12,2;NA;NA;NA
2013;2013-03-24;100;NA;13,2;NA;NA;NA
2013;2013-03-25;109;NA;14,2;NA;NA;NA
2013;2013-03-26;117;NA;15,2;NA;NA;NA
2013;2013-03-27;122;122;0,1;NA;02:27;2013-03-27
2013;2013-03-28;123;NA;1,1;NA;NA;NA
2013;2013-03-29;120;NA;2,1;NA;NA;NA
2013;2013-03-30;113;NA;3,1;NA;NA;NA
2013;2013-03-31;102;NA;4,1;NA;NA;NA
2013;2013-04-01;88;NA;5,1;NA;NA;NA
2013;2013-04-02;NA;NA;6,1;NA;NA;NA
2013;2013-04-03;76;NA;7,1;NA;NA;NA
2013;2013-04-04;83;NA;8,1;NA;NA;NA
2013;2013-04-05;95;NA;9,1;NA;NA;NA
2013;2013-04-06;104;NA;10,1;NA;NA;NA
2013;2013-04-07;111;NA;11,1;NA;NA;NA
2013;2013-04-08;114;NA;12,1;NA;NA;NA
2013;2013-04-09;116;NA;13,1;NA;NA;NA
2013;2013-04-10;115;115;0,1;03:35;NA;2013-04-10
2013;2013-04-11;112;NA;1,1;NA;NA;NA
2013;2013-04-12;108;NA;2,1;NA;NA;NA
2013;2013-04-13;102;NA;3,1;NA;NA;NA
2013;2013-04-14;95;NA;4,1;NA;NA;NA
2013;2013-04-15;86;NA;5,1;NA;NA;NA
2013;2013-04-16;75;NA;6,1;NA;NA;NA
2013;2013-04-17;NA;NA;7,1;NA;NA;NA
2013;2013-04-18;63;NA;8,1;NA;NA;NA
2013;2013-04-19;71;NA;9,1;NA;NA;NA
2013;2013-04-20;81;NA;10,1;NA;NA;NA
2013;2013-04-21;93;NA;11,1;NA;NA;NA
2013;2013-04-22;104;NA;12,1;NA;NA;NA
2013;2013-04-23;115;NA;13,1;NA;NA;NA
2013;2013-04-24;123;NA;14,1;NA;NA;NA
2013;2013-04-25;127;127;0,1;NA;13:57;2013-04-25
2013;2013-04-26;127;NA;1,1;NA;NA;NA
2013;2013-04-27;122;NA;2,1;NA;NA;NA
2013;2013-04-28;113;NA;3,1;NA;NA;NA
2013;2013-04-29;99;NA;4,1;NA;NA;NA
2013;2013-04-30;58;NA;5,1;NA;NA;NA
2013;2013-05-01;84;NA;6,1;NA;NA;NA
2013;2013-05-02;75;NA;7,1;NA;NA;NA
2013;2013-05-03;87;NA;8,1;NA;NA;NA
2013;2013-05-04;96;NA;9,1;NA;NA;NA
2013;2013-05-05;104;NA;10,1;NA;NA;NA
2013;2013-05-06;110;NA;11,1;NA;NA;NA
2013;2013-05-07;113;NA;12,1;NA;NA;NA
2013;2013-05-08;115;NA;13,1;NA;NA;NA
2013;2013-05-09;115;115;0,1;18:28;NA;2013-05-09
2013;2013-05-10;114;NA;1,1;NA;NA;NA
2013;2013-05-11;112;NA;2,1;NA;NA;NA
2013;2013-05-12;107;NA;3,1;NA;NA;NA
2013;2013-05-13;100;NA;4,1;NA;NA;NA
2013;2013-05-14;91;NA;5,1;NA;NA;NA
2013;2013-05-15;80;NA;6,1;NA;NA;NA
2013;2013-05-16;59;NA;7,1;NA;NA;NA
2013;2013-05-17;68;NA;8,1;NA;NA;NA
2013;2013-05-18;75;NA;9,1;NA;NA;NA
2013;2013-05-19;87;NA;10,1;NA;NA;NA
2013;2013-05-20;99;NA;11,1;NA;NA;NA
2013;2013-05-21;112;NA;12,1;NA;NA;NA
2013;2013-05-22;123;NA;13,1;NA;NA;NA
2013;2013-05-23;132;NA;14,1;NA;NA;NA
2013;2013-05-24;136;136;0,1;NA;22:24;2013-05-24
2013;2013-05-25;135;NA;1,1;NA;NA;NA
2013;2013-05-26;129;NA;2,1;NA;NA;NA
2013;2013-05-27;119;NA;3,1;NA;NA;NA
2013;2013-05-28;105;NA;4,1;NA;NA;NA
2013;2013-05-29;76;NA;5,1;NA;NA;NA
2013;2013-05-30;89;NA;6,1;NA;NA;NA
2013;2013-05-31;84;NA;7,1;NA;NA;NA
2013;2013-06-01;92;NA;8,1;NA;NA;NA
2013;2013-06-02;99;NA;9,1;NA;NA;NA
2013;2013-06-03;106;NA;10,1;NA;NA;NA
2013;2013-06-04;112;NA;11,1;NA;NA;NA
2013;2013-06-05;117;NA;12,1;NA;NA;NA
2013;2013-06-06;120;NA;13,1;NA;NA;NA
2013;2013-06-07;123;NA;14,1;NA;NA;NA
2013;2013-06-08;124;124;0,1;09:56;NA;2013-06-08
2013;2013-06-09;123;NA;1,1;NA;NA;NA
2013;2013-06-10;119;NA;2,1;NA;NA;NA
2013;2013-06-11;113;NA;3,1;NA;NA;NA
2013;2013-06-12;105;NA;4,1;NA;NA;NA
2013;2013-06-13;94;NA;5,1;NA;NA;NA
2013;2013-06-14;79;NA;6,1;NA;NA;NA
2013;2013-06-15;82;NA;7,1;NA;NA;NA
2013;2013-06-16;88;NA;8,1;NA;NA;NA
2013;2013-06-17;98;NA;9,1;NA;NA;NA
2013;2013-06-18;110;NA;10,1;NA;NA;NA
2013;2013-06-19;122;NA;11,1;NA;NA;NA
2013;2013-06-20;134;NA;12,1;NA;NA;NA
2013;2013-06-21;143;NA;13,1;NA;NA;NA
2013;2013-06-22;148;NA;14,1;NA;NA;NA
2013;2013-06-23;148;148;0,1;NA;05:32;2013-06-23
2013;2013-06-24;143;NA;1,1;NA;NA;NA
2013;2013-06-25;133;NA;2,1;NA;NA;NA
2013;2013-06-26;119;NA;3,1;NA;NA;NA
2013;2013-06-27;100;NA;4,1;NA;NA;NA
2013;2013-06-28;102;NA;5,1;NA;NA;NA
2013;2013-06-29;97;NA;6,1;NA;NA;NA
2013;2013-06-30;98;NA;7,1;NA;NA;NA
2013;2013-07-01;103;NA;8,1;NA;NA;NA
2013;2013-07-02;110;NA;9,1;NA;NA;NA
2013;2013-07-03;117;NA;10,1;NA;NA;NA
2013;2013-07-04;124;NA;11,1;NA;NA;NA
2013;2013-07-05;130;NA;12,1;NA;NA;NA
2013;2013-07-06;135;NA;13,1;NA;NA;NA
2013;2013-07-07;138;NA;14,1;NA;NA;NA
2013;2013-07-08;138;138;0,1;01:14;NA;2013-07-08
2013;2013-07-09;135;NA;1,1;NA;NA;NA
2013;2013-07-10;130;NA;2,1;NA;NA;NA
2013;2013-07-11;122;NA;3,1;NA;NA;NA
2013;2013-07-12;112;NA;4,1;NA;NA;NA
2013;2013-07-13;106;NA;5,1;NA;NA;NA
2013;2013-07-14;106;NA;6,1;NA;NA;NA
2013;2013-07-15;106;NA;7,1;NA;NA;NA
2013;2013-07-16;110;NA;8,1;NA;NA;NA
2013;2013-07-17;118;NA;9,1;NA;NA;NA
2013;2013-07-18;130;NA;10,1;NA;NA;NA
2013;2013-07-19;143;NA;11,1;NA;NA;NA
2013;2013-07-20;154;NA;12,1;NA;NA;NA
2013;2013-07-21;161;NA;13,1;NA;NA;NA
2013;2013-07-22;163;163;0,1;NA;12:15;2013-07-22
2013;2013-07-23;158;NA;1,1;NA;NA;NA
2013;2013-07-24;147;NA;2,1;NA;NA;NA
2013;2013-07-25;132;NA;3,1;NA;NA;NA
2013;2013-07-26;123;NA;4,1;NA;NA;NA
2013;2013-07-27;118;NA;5,1;NA;NA;NA
2013;2013-07-28;111;NA;6,1;NA;NA;NA
2013;2013-07-29;104;NA;7,1;NA;NA;NA
2013;2013-07-30;103;NA;8,1;NA;NA;NA
2013;2013-07-31;111;NA;9,1;NA;NA;NA
2013;2015-03-01;101;NA;587,1;NA;NA;NA
2013;2015-03-02;108;NA;588,1;NA;NA;NA
2013;2015-03-03;113;NA;589,1;NA;NA;NA
2013;2015-03-04;115;NA;590,1;NA;NA;NA
2013;2015-03-05;115;115;0,2;NA;11:05;2015-03-05
2013;2015-03-06;112;NA;1,2;NA;NA;NA
2013;2015-03-07;107;NA;2,2;NA;NA;NA
2013;2015-03-08;106;NA;3,2;NA;NA;NA
2013;2015-03-09;103;NA;4,2;NA;NA;NA
2013;2015-03-10;99;NA;5,2;NA;NA;NA
2013;2015-03-11;92;NA;6,2;NA;NA;NA
2013;2015-03-12;84;NA;7,2;NA;NA;NA
2013;2015-03-13;21;NA;8,2;NA;NA;NA
2013;2015-03-14;78;NA;9,2;NA;NA;NA
2013;2015-03-15;85;NA;10,2;NA;NA;NA
2013;2015-03-16;99;NA;11,2;NA;NA;NA
2013;2015-03-17;113;NA;12,2;NA;NA;NA
2013;2015-03-18;124;NA;13,2;NA;NA;NA
2013;2015-03-19;128;NA;14,2;NA;NA;NA
2013;2015-03-20;126;126;0,1;02:36;NA;2015-03-20
2013;2015-03-21;123;NA;1,1;NA;NA;NA
2013;2015-03-22;117;NA;2,1;NA;NA;NA
2013;2015-03-23;108;NA;3,1;NA;NA;NA
2013;2015-03-24;95;NA;4,1;NA;NA;NA
2013;2015-03-25;82;NA;5,1;NA;NA;NA
2013;2015-03-26;20;NA;6,1;NA;NA;NA
2013;2015-03-27;69;NA;7,1;NA;NA;NA
2013;2015-03-28;69;NA;8,1;NA;NA;NA
2013;2015-03-29;83;NA;9,1;NA;NA;NA
2013;2015-03-30;90;NA;10,1;NA;NA;NA
2013;2015-03-31;95;NA;11,1;NA;NA;NA
2015;2015-04-01;99;NA;12,1;NA;NA;NA
2015;2015-04-02;104;NA;13,1;NA;NA;NA
2015;2015-04-03;107;NA;14,1;NA;NA;NA
2015;2015-04-04;110;110;0,1;NA;05:05;2015-04-04
2015;2015-04-05;111;NA;1,1;NA;NA;NA
2015;2015-04-06;110;NA;2,1;NA;NA;NA
2015;2015-04-07;107;NA;3,1;NA;NA;NA
2015;2015-04-08;101;NA;4,1;NA;NA;NA
2015;2015-04-09;92;NA;5,1;NA;NA;NA
2015;2015-04-10;51;NA;6,1;NA;NA;NA
2015;2015-04-11;81;NA;7,1;NA;NA;NA
2015;2015-04-12;71;NA;8,1;NA;NA;NA
2015;2015-04-13;76;NA;9,1;NA;NA;NA
2015;2015-04-14;96;NA;10,1;NA;NA;NA
2015;2015-04-15;109;NA;11,1;NA;NA;NA
2015;2015-04-16;119;NA;12,1;NA;NA;NA
2015;2015-04-17;125;NA;13,1;NA;NA;NA
2015;2015-04-18;126;126;0,1;12:56;NA;2015-04-18
2015;2015-04-19;123;NA;1,1;NA;NA;NA
2015;2015-04-20;116;NA;2,1;NA;NA;NA
2015;2015-04-21;106;NA;3,1;NA;NA;NA
2015;2015-04-22;93;NA;4,1;NA;NA;NA
2015;2015-04-23;80;NA;5,1;NA;NA;NA
2015;2015-04-24;11;NA;6,1;NA;NA;NA
2015;2015-04-25;66;NA;7,1;NA;NA;NA
2015;2015-04-26;73;NA;8,1;NA;NA;NA
2015;2015-04-27;80;NA;9,1;NA;NA;NA
2015;2015-04-28;86;NA;10,1;NA;NA;NA
2015;2015-04-29;93;NA;11,1;NA;NA;NA
2015;2015-04-30;99;NA;12,1;NA;NA;NA
2015;2015-05-01;106;NA;13,1;NA;NA;NA
2015;2015-05-02;112;NA;14,1;NA;NA;NA
2015;2015-05-03;116;116;0,1;NA;21:42;2015-05-03
2015;2015-05-04;117;NA;1,1;NA;NA;NA
2015;2015-05-05;116;NA;2,1;NA;NA;NA
2015;2015-05-06;112;NA;3,1;NA;NA;NA
2015;2015-05-07;104;NA;4,1;NA;NA;NA
2015;2015-05-08;94;NA;5,1;NA;NA;NA
2015;2015-05-09;59;NA;6,1;NA;NA;NA
2015;2015-05-10;81;NA;7,1;NA;NA;NA
2015;2015-05-11;76;NA;8,1;NA;NA;NA
2015;2015-05-12;90;NA;9,1;NA;NA;NA
2015;2015-05-13;103;NA;10,1;NA;NA;NA
2015;2015-05-14;115;NA;11,1;NA;NA;NA
2015;2015-05-15;123;NA;12,1;NA;NA;NA
2015;2015-05-16;128;NA;13,1;NA;NA;NA
2015;2015-05-17;129;129;0,1;22:13;NA;2015-05-17
2015;2015-05-18;126;NA;1,1;NA;NA;NA
2015;2015-05-19;119;NA;2,1;NA;NA;NA
2015;2015-05-20;110;NA;3,1;NA;NA;NA
2015;2015-05-21;99;NA;4,1;NA;NA;NA
2015;2015-05-22;86;NA;5,1;NA;NA;NA
2015;2015-05-23;64;NA;6,1;NA;NA;NA
2015;2015-05-24;73;NA;7,1;NA;NA;NA
2015;2015-05-25;73;NA;8,1;NA;NA;NA
2015;2015-05-26;80;NA;9,1;NA;NA;NA
2015;2015-05-27;88;NA;10,1;NA;NA;NA
2015;2015-05-28;96;NA;11,1;NA;NA;NA
2015;2015-05-29;105;NA;12,1;NA;NA;NA
2015;2015-05-30;113;NA;13,1;NA;NA;NA
2015;2015-05-31;121;NA;14,1;NA;NA;NA
2015;2015-06-01;126;NA;15,1;NA;NA;NA
2015;2015-06-02;128;128;0,1;NA;10:19;2015-06-02
2015;2015-06-03;127;NA;1,1;NA;NA;NA
2015;2015-06-04;123;NA;2,1;NA;NA;NA
2015;2015-06-05;114;NA;3,1;NA;NA;NA
2015;2015-06-06;103;NA;4,1;NA;NA;NA
2015;2015-06-07;78;NA;5,1;NA;NA;NA
2015;2015-06-08;90;NA;6,1;NA;NA;NA
2015;2015-06-09;90;NA;7,1;NA;NA;NA
2015;2015-06-10;101;NA;8,1;NA;NA;NA
2015;2015-06-11;112;NA;9,1;NA;NA;NA
2015;2015-06-12;122;NA;10,1;NA;NA;NA
2015;2015-06-13;130;NA;11,1;NA;NA;NA
2015;2015-06-14;135;NA;12,1;NA;NA;NA
2015;2015-06-15;136;NA;13,1;NA;NA;NA
2015;2015-06-16;135;135;0,1;08:05;NA;2015-06-16
2015;2015-06-17;130;NA;1,1;NA;NA;NA
2015;2015-06-18;123;NA;2,1;NA;NA;NA
2015;2015-06-19;113;NA;3,1;NA;NA;NA
2015;2015-06-20;102;NA;4,1;NA;NA;NA
2015;2015-06-21;90;NA;5,1;NA;NA;NA
2015;2015-06-22;81;NA;6,1;NA;NA;NA
2015;2015-06-23;82;NA;7,1;NA;NA;NA
2015;2015-06-24;86;NA;8,1;NA;NA;NA
2015;2015-06-25;94;NA;9,1;NA;NA;NA
2015;2015-06-26;103;NA;10,1;NA;NA;NA
2015;2015-06-27;114;NA;11,1;NA;NA;NA
2015;2015-06-28;124;NA;12,1;NA;NA;NA
2015;2015-06-29;133;NA;13,1;NA;NA;NA
2015;2015-06-30;140;NA;14,1;NA;NA;NA
2015;2015-07-01;144;144;0,1;NA;20:19;2015-07-01
2015;2015-07-02;144;NA;1,1;NA;NA;NA
2015;2015-07-03;140;NA;2,1;NA;NA;NA
2015;2015-07-04;131;NA;3,1;NA;NA;NA
2015;2015-07-05;119;NA;4,1;NA;NA;NA
2015;2015-07-06;104;NA;5,1;NA;NA;NA
2015;2015-07-07;104;NA;6,1;NA;NA;NA
2015;2015-07-08;106;NA;7,1;NA;NA;NA
2015;2015-07-09;111;NA;8,1;NA;NA;NA
2015;2015-07-10;119;NA;9,1;NA;NA;NA
2015;2015-07-11;128;NA;10,1;NA;NA;NA
2015;2015-07-12;137;NA;11,1;NA;NA;NA
2015;2015-07-13;143;NA;12,1;NA;NA;NA
2015;2015-07-14;146;NA;13,1;NA;NA;NA
2015;2015-07-15;147;147;0,1;19:24;NA;2015-07-15
2015;2015-07-16;144;NA;1,1;NA;NA;NA
2015;2015-07-17;138;NA;2,1;NA;NA;NA
2015;2015-07-18;130;NA;3,1;NA;NA;NA
2015;2015-07-19;120;NA;4,1;NA;NA;NA
2015;2015-07-20;109;NA;5,1;NA;NA;NA
2015;2015-07-21;104;NA;6,1;NA;NA;NA
2015;2015-07-22;100;NA;7,1;NA;NA;NA
2015;2015-07-23;98;NA;8,1;NA;NA;NA
2015;2015-07-24;100;NA;9,1;NA;NA;NA
2015;2015-07-25;109;NA;10,1;NA;NA;NA
2015;2015-07-26;120;NA;11,1;NA;NA;NA
2015;2015-07-27;131;NA;12,1;NA;NA;NA
2015;2015-07-28;143;NA;13,1;NA;NA;NA
2015;2015-07-29;152;NA;14,1;NA;NA;NA
2015;2015-07-30;159;NA;15,1;NA;NA;NA
2015;2015-07-31;160;160;0,1;NA;04:42;2015-07-31
2015;2016-03-01;31;NA;214,1;NA;NA;NA
2015;2016-03-02;75;NA;215,1;NA;NA;NA
2015;2016-03-03;78;NA;216,1;NA;NA;NA
2015;2016-03-04;89;NA;217,1;NA;NA;NA
2015;2016-03-05;102;NA;218,1;NA;NA;NA
2015;2016-03-06;114;NA;219,1;NA;NA;NA
2015;2016-03-07;124;NA;220,1;NA;NA;NA
2015;2016-03-08;129;129;0,2;18:54;NA;2016-03-08
2015;2016-03-09;129;NA;1,2;NA;NA;NA
2015;2016-03-10;121;NA;2,2;NA;NA;NA
2015;2016-03-11;116;NA;3,2;NA;NA;NA
2015;2016-03-12;108;NA;4,2;NA;NA;NA
2015;2016-03-13;97;NA;5,2;NA;NA;NA
2015;2016-03-14;56;NA;6,2;NA;NA;NA
2015;2016-03-15;85;NA;7,2;NA;NA;NA
2015;2016-03-16;76;NA;8,2;NA;NA;NA
2015;2016-03-17;82;NA;9,2;NA;NA;NA
2015;2016-03-18;93;NA;10,2;NA;NA;NA
2015;2016-03-19;102;NA;11,2;NA;NA;NA
2015;2016-03-20;108;NA;12,2;NA;NA;NA
2015;2016-03-21;110;NA;13,2;NA;NA;NA
2015;2016-03-22;110;NA;14,2;NA;NA;NA
2015;2016-03-23;108;108;0,1;NA;05:00;2016-03-23
2015;2016-03-24;107;NA;1,1;NA;NA;NA
2015;2016-03-25;106;NA;2,1;NA;NA;NA
2015;2016-03-26;103;NA;3,1;NA;NA;NA
2015;2016-03-27;98;NA;4,1;NA;NA;NA
2015;2016-03-28;92;NA;5,1;NA;NA;NA
2015;2016-03-29;84;NA;6,1;NA;NA;NA
2015;2016-03-30;74;NA;7,1;NA;NA;NA
2015;2016-03-31;58;NA;8,1;NA;NA;NA
2016;2016-04-01;68;NA;9,1;NA;NA;NA
2016;2016-04-02;80;NA;10,1;NA;NA;NA
2016;2016-04-03;93;NA;11,1;NA;NA;NA
2016;2016-04-04;105;NA;12,1;NA;NA;NA
2016;2016-04-05;115;NA;13,1;NA;NA;NA
2016;2016-04-06;123;NA;14,1;NA;NA;NA
2016;2016-04-07;126;126;0,1;05:23;NA;2016-04-07
2016;2016-04-08;124;NA;1,1;NA;NA;NA
2016;2016-04-09;118;NA;2,1;NA;NA;NA
2016;2016-04-10;107;NA;3,1;NA;NA;NA
2016;2016-04-11;93;NA;4,1;NA;NA;NA
2016;2016-04-12;54;NA;5,1;NA;NA;NA
2016;2016-04-13;78;NA;6,1;NA;NA;NA
2016;2016-04-14;73;NA;7,1;NA;NA;NA
2016;2016-04-15;83;NA;8,1;NA;NA;NA
2016;2016-04-16;90;NA;9,1;NA;NA;NA
2016;2016-04-17;96;NA;10,1;NA;NA;NA
2016;2016-04-18;101;NA;11,1;NA;NA;NA
2016;2016-04-19;104;NA;12,1;NA;NA;NA
2016;2016-04-20;107;NA;13,1;NA;NA;NA
2016;2016-04-21;109;109;0,1;NA;23:23;2016-04-21
2016;2016-04-22;110;NA;1,1;NA;NA;NA
2016;2016-04-23;110;NA;2,1;NA;NA;NA
2016;2016-04-24;107;NA;3,1;NA;NA;NA
2016;2016-04-25;102;NA;4,1;NA;NA;NA
2016;2016-04-26;95;NA;5,1;NA;NA;NA
2016;2016-04-27;86;NA;6,1;NA;NA;NA
2016;2016-04-28;52;NA;7,1;NA;NA;NA
2016;2016-04-29;74;NA;8,1;NA;NA;NA
2016;2016-04-30;66;NA;9,1;NA;NA;NA
2016;2016-05-01;85;NA;10,1;NA;NA;NA
2016;2016-05-02;99;NA;11,1;NA;NA;NA
2016;2016-05-03;112;NA;12,1;NA;NA;NA
2016;2016-05-04;122;NA;13,1;NA;NA;NA
2016;2016-05-05;129;NA;14,1;NA;NA;NA
2016;2016-05-06;131;131;0,1;13:29;NA;2016-05-06
2016;2016-05-07;128;NA;1,1;NA;NA;NA
2016;2016-05-08;120;NA;2,1;NA;NA;NA
2016;2016-05-09;108;NA;3,1;NA;NA;NA
2016;2016-05-10;94;NA;4,1;NA;NA;NA
2016;2016-05-11;61;NA;5,1;NA;NA;NA
2016;2016-05-12;79;NA;6,1;NA;NA;NA
2016;2016-05-13;74;NA;7,1;NA;NA;NA
2016;2016-05-14;83;NA;8,1;NA;NA;NA
2016;2016-05-15;90;NA;9,1;NA;NA;NA
2016;2016-05-16;96;NA;10,1;NA;NA;NA
2016;2016-05-17;101;NA;11,1;NA;NA;NA
2016;2016-05-18;107;NA;12,1;NA;NA;NA
2016;2016-05-19;112;NA;13,1;NA;NA;NA
2016;2016-05-20;116;NA;14,1;NA;NA;NA
2016;2016-05-21;118;118;0,1;NA;15:14;2016-05-21
2016;2016-05-22;119;NA;1,1;NA;NA;NA
2016;2016-05-23;116;NA;2,1;NA;NA;NA
2016;2016-05-24;111;NA;3,1;NA;NA;NA
2016;2016-05-25;104;NA;4,1;NA;NA;NA
2016;2016-05-26;94;NA;5,1;NA;NA;NA
2016;2016-05-27;66;NA;6,1;NA;NA;NA
2016;2016-05-28;82;NA;7,1;NA;NA;NA
2016;2016-05-29;83;NA;8,1;NA;NA;NA
2016;2016-05-30;96;NA;9,1;NA;NA;NA
2016;2016-05-31;109;NA;10,1;NA;NA;NA
2016;2016-06-01;121;NA;11,1;NA;NA;NA
2016;2016-06-02;131;NA;12,1;NA;NA;NA
2016;2016-06-03;137;NA;13,1;NA;NA;NA
2016;2016-06-04;139;139;0,1;20:59;NA;2016-06-04
2016;2016-06-05;136;NA;1,1;NA;NA;NA
2016;2016-06-06;128;NA;2,1;NA;NA;NA
2016;2016-06-07;118;NA;3,1;NA;NA;NA
2016;2016-06-08;104;NA;4,1;NA;NA;NA
2016;2016-06-09;78;NA;5,1;NA;NA;NA
2016;2016-06-10;90;NA;6,1;NA;NA;NA
2016;2016-06-11;80;NA;7,1;NA;NA;NA
2016;2016-06-12;85;NA;8,1;NA;NA;NA
2016;2016-06-13;92;NA;9,1;NA;NA;NA
2016;2016-06-14;99;NA;10,1;NA;NA;NA
2016;2016-06-15;107;NA;11,1;NA;NA;NA
2016;2016-06-16;114;NA;12,1;NA;NA;NA
2016;2016-06-17;121;NA;13,1;NA;NA;NA
2016;2016-06-18;127;NA;14,1;NA;NA;NA
2016;2016-06-19;132;NA;15,1;NA;NA;NA
2016;2016-06-20;133;133;0,1;NA;05:02;2016-06-20
2016;2016-06-21;131;NA;1,1;NA;NA;NA
2016;2016-06-22;127;NA;2,1;NA;NA;NA
2016;2016-06-23;119;NA;3,1;NA;NA;NA
2016;2016-06-24;109;NA;4,1;NA;NA;NA
2016;2016-06-25;90;NA;5,1;NA;NA;NA
2016;2016-06-26;96;NA;6,1;NA;NA;NA
2016;2016-06-27;99;NA;7,1;NA;NA;NA
2016;2016-06-28;108;NA;8,1;NA;NA;NA
2016;2016-06-29;120;NA;9,1;NA;NA;NA
2016;2016-06-30;131;NA;10,1;NA;NA;NA
2016;2016-07-01;140;NA;11,1;NA;NA;NA
2016;2016-07-02;147;NA;12,1;NA;NA;NA
2016;2016-07-03;149;NA;13,1;NA;NA;NA
2016;2016-07-04;148;148;0,1;05:01;NA;2016-07-04
2016;2016-07-05;142;NA;1,1;NA;NA;NA
2016;2016-07-06;133;NA;2,1;NA;NA;NA
2016;2016-07-07;121;NA;3,1;NA;NA;NA
2016;2016-07-08;107;NA;4,1;NA;NA;NA
2016;2016-07-09;97;NA;5,1;NA;NA;NA
2016;2016-07-10;93;NA;6,1;NA;NA;NA
2016;2016-07-11;92;NA;7,1;NA;NA;NA
2016;2016-07-12;96;NA;8,1;NA;NA;NA
2016;2016-07-13;103;NA;9,1;NA;NA;NA
2016;2016-07-14;112;NA;10,1;NA;NA;NA
2016;2016-07-15;122;NA;11,1;NA;NA;NA
2016;2016-07-16;131;NA;12,1;NA;NA;NA
2016;2016-07-17;140;NA;13,1;NA;NA;NA
2016;2016-07-18;146;NA;14,1;NA;NA;NA
2016;2016-07-19;149;149;0,1;NA;16:56;2016-07-19
2016;2016-07-20;148;NA;1,1;NA;NA;NA
2016;2016-07-21;144;NA;2,1;NA;NA;NA
2016;2016-07-22;136;NA;3,1;NA;NA;NA
2016;2016-07-23;124;NA;4,1;NA;NA;NA
2016;2016-07-24;116;NA;5,1;NA;NA;NA
2016;2016-07-25;114;NA;6,1;NA;NA;NA
2016;2016-07-26;113;NA;7,1;NA;NA;NA
2016;2016-07-27;116;NA;8,1;NA;NA;NA
2016;2016-07-28;124;NA;9,1;NA;NA;NA
2016;2016-07-29;135;NA;10,1;NA;NA;NA
2016;2016-07-30;146;NA;11,1;NA;NA;NA
2016;2016-07-31;154;NA;12,1;NA;NA;NA