Year;Date;MP;IMP;DaNM;msequ
2006;2006-02-27;12:10:00;0,001;NA;NM
2006;2006-02-28;13:02:00;0,01;0,8;WxC
2006;2006-03-01;13:53:00;0,051;1,8;WxC
2006;2006-03-02;14:44:00;0,119;2,8;WxC
2006;2006-03-03;15:34:00;0,207;3,8;WxC
2006;2006-03-04;16:27:00;0,308;4,8;WxC
2006;2006-03-05;17:21:00;0,415;5,8;WxC
2006;2006-03-06;18:16:00;0,523;6,8;FQ
2006;2006-03-07;19:11:00;0,626;7,8;WxG
2006;2006-03-08;20:04:00;0,721;8,8;WxG
2006;2006-03-09;20:55:00;0,805;9,8;WxG
2006;2006-03-10;21:43:00;0,877;10,8;WxG
2006;2006-03-11;22:27:00;0,933;11,8;WxG
2006;2006-03-12;23:09:00;0,973;12,8;WxG
2006;2006-03-13;23:49:00;0,995;13,8;WxG
2006;2006-03-14;NA;NA;14,8;FM
2006;2006-03-15;00:28:00;0,999;15,8;WnG
2006;2006-03-16;01:07:00;0,983;16,8;WnG
2006;2006-03-17;01:48:00;0,949;17,8;WnG
2006;2006-03-18;02:31:00;0,895;18,8;WnG
2006;2006-03-19;03:16:00;0,825;19,8;WnG
2006;2006-03-20;04:06:00;0,738;20,8;WnG
2006;2006-03-21;05:01:00;0,639;21,8;WnG
2006;2006-03-22;05:59:00;0,529;22,8;TQ
2006;2006-03-23;06:59:00;0,415;23,8;WnC
2006;2006-03-24;08:00:00;0,302;24,8;WnC
2006;2006-03-25;08:58:00;0,197;25,8;WnC
2006;2006-03-26;09:53:00;0,108;26,8;WnC
2006;2006-03-27;10:46:00;0,043;27,8;WnC
2006;2006-03-28;11:38:00;0,006;28,8;WnC
2006;2006-03-29;12:28:00;0,002;0,4;NM
2006;2006-03-30;13:20:00;0,029;1,4;WxC
2006;2006-03-31;14:13:00;0,084;2,4;WxC
2006;2006-04-01;15:08:00;0,161;3,4;WxC
2006;2006-04-02;17:04:00;0,252;4,4;WxC
2006;2006-04-03;18:01:00;0,352;5,4;WxC
2006;2006-04-04;18:57:00;0,456;6,4;WxC
2006;2006-04-05;19:50:00;0,558;7,4;FQ
2006;2006-04-06;20:39:00;0,655;8,4;WxG
2006;2006-04-07;21:25:00;0,745;9,4;WxG
2006;2006-04-08;22:07:00;0,824;10,4;WxG
2006;2006-04-09;22:48:00;0,892;11,4;WxG
2006;2006-04-10;23:27:00;0,944;12,4;WxG
2006;2006-04-11;NA;NA;13,4;WxG
2006;2006-04-12;00:06:00;0,981;14,4;WxG
2006;2006-04-13;00:46:00;0,998;15,4;FM
2006;2006-04-14;01:29:00;0,996;16,4;WnG
2006;2006-04-15;02:14:00;0,973;17,4;WnG
2006;2006-04-16;03:03:00;0,928;18,4;WnG
2006;2006-04-17;03:56:00;0,863;19,4;WnG
2006;2006-04-18;04:54:00;0,779;20,4;WnG
2006;2006-04-19;05:53:00;0,68;21,4;WnG
2006;2006-04-20;06:52:00;0,569;22,4;TQ
2006;2006-04-21;07:49:00;0,452;23,4;WnC
2006;2006-04-22;08:44:00;0,336;24,4;WnC
2006;2006-04-23;09:36:00;0,227;25,4;WnC
2006;2006-04-24;10:26:00;0,133;26,4;WnC
2006;2006-04-25;11:15:00;0,061;27,4;WnC
2006;2006-04-26;12:05:00;0,016;28,4;WnC
2006;2006-04-27;12:57:00;0,001;29,4;NM
2006;2006-04-28;13:52:00;0,015;0,9;WxC
2006;2006-04-29;14:49:00;0,056;1,9;WxC
2006;2006-04-30;15:47:00;0,119;2,9;WxC
2006;2006-05-01;16:45:00;0,199;3,9;WxC
2006;2006-05-02;17:40:00;0,289;4,9;WxC
2006;2006-05-03;18:32:00;0,387;5,9;WxC
2006;2006-05-04;19:19:00;0,486;6,9;FQ
2006;2006-05-05;20:03:00;0,584;7,9;WxG
2006;2006-05-06;20:45:00;0,678;8,9;WxG
2006;2006-05-07;21:24:00;0,765;9,9;WxG
2006;2006-05-08;22:03:00;0,842;10,9;WxG
2006;2006-05-09;22:43:00;0,907;11,9;WxG
2006;2006-05-10;23:25:00;0,957;12,9;WxG
2006;2006-05-11;NA;NA;13,9;WxG
2006;2006-05-12;00:09:00;0,988;14,9;WxG
2006;2006-05-13;00:57:00;0,999;15,9;FM
2006;2006-05-14;01:50:00;0,987;16,9;WnG
2006;2006-05-15;02:47:00;0,95;17,9;WnG
2006;2006-05-16;03:47:00;0,89;18,9;WnG
2006;2006-05-17;04:47:00;0,809;19,9;WnG
2006;2006-05-18;05:45:00;0,71;20,9;WnG
2006;2006-05-19;06:40:00;0,599;21,9;WnG
2006;2006-05-20;07:32:00;0,481;22,9;TQ
2006;2006-05-21;08:21:00;0,364;23,9;WnC
2006;2006-05-22;09:09:00;0,254;24,9;WnC
2006;2006-05-23;09:57:00;0,157;25,9;WnC
2006;2006-05-24;10:47:00;0,081;26,9;WnC
2006;2006-05-25;11:39:00;0,029;27,9;WnC
2006;2006-05-26;12:34:00;0,004;28,9;NM
2006;2006-05-27;13:32:00;0,006;0,5;WxC
2006;2006-05-28;14:30:00;0,033;1,5;WxC
2006;2006-05-29;15:27:00;0,083;2,5;WxC
2006;2006-05-30;16:22:00;0,149;3,5;WxC
2006;2006-05-31;17:12:00;0,229;4,5;WxC
2006;2006-06-01;17:58:00;0,319;5,5;WxC
2006;2006-06-02;18:40:00;0,413;6,5;WxC
2006;2006-06-03;19:20:00;0,51;7,5;FQ
2006;2006-06-04;19:59:00;0,607;8,5;WxG
2006;2006-06-05;20:39:00;0,7;9,5;WxG
2006;2006-06-06;21:19:00;0,786;10,5;WxG
2006;2006-06-07;22:02:00;0,863;11,5;WxG
2006;2006-06-08;22:49:00;0,926;12,5;WxG
2006;2006-06-09;23:40:00;0,972;13,5;WxG
2006;2006-06-10;NA;NA;14,5;WxG
2006;2006-06-11;00:36:00;0,996;15,5;FM
2006;2006-06-12;01:36:00;0,994;16,5;WnG
2006;2006-06-13;02:38:00;0,966;17,5;WnG
2006;2006-06-14;03:38:00;0,911;18,5;WnG
2006;2006-06-15;04:35:00;0,833;19,5;WnG
2006;2006-06-16;05:29:00;0,735;20,5;WnG
2006;2006-06-17;06:19:00;0,624;21,5;WnG
2006;2006-06-18;07:07:00;0,506;22,5;TQ
2006;2006-06-19;07:54:00;0,389;23,5;WnC
2006;2006-06-20;08:42:00;0,279;24,5;WnC
2006;2006-06-21;09:32:00;0,181;25,5;WnC
2006;2006-06-22;10:25:00;0,102;26,5;WnC
2006;2006-06-23;11:21:00;0,045;27,5;WnC
2006;2006-06-24;12:18:00;0,011;28,5;WnC
2006;2006-06-25;13:16:00;0,002;0,1;NM
2006;2006-06-26;14:11:00;0,016;1,1;WxC
2006;2006-06-27;15:03:00;0,052;2,1;WxC
2006;2006-06-28;15:51:00;0,106;3,1;WxC
2006;2006-06-29;16:35:00;0,174;4,1;WxC
2006;2006-06-30;17:16:00;0,254;5,1;WxC
2006;2006-07-01;17:56:00;0,343;6,1;WxC
2006;2006-07-02;18:34:00;0,438;7,1;WxC
2006;2006-07-03;19:14:00;0,536;8,1;FQ
2006;2006-07-04;19:55:00;0,634;9,1;WxG
2006;2006-07-05;20:39:00;0,729;10,1;WxG
2006;2006-07-06;21:28:00;0,816;11,1;WxG
2006;2006-07-07;22:22:00;0,893;12,1;WxG
2006;2006-07-08;23:20:00;0,952;13,1;WxG
2006;2006-07-09;NA;NA;14,1;WxG
2006;2006-07-10;00:22:00;0,988;15,1;FM
2006;2006-07-11;01:24:00;0,998;16,1;WnG
2006;2006-07-12;02:24:00;0,978;17,1;WnG
2006;2006-07-13;03:21:00;0,929;18,1;WnG
2006;2006-07-14;04:14:00;0,854;19,1;WnG
2006;2006-07-15;05:03:00;0,758;20,1;WnG
2006;2006-07-16;05:52:00;0,648;21,1;WnG
2006;2006-07-17;06:40:00;0,532;22,1;TQ
2006;2006-07-18;07:29:00;0,416;23,1;WnC
2006;2006-07-19;08:21:00;0,306;24,1;WnC
2006;2006-07-20;09:15:00;0,209;25,1;WnC
2006;2006-07-21;10:11:00;0,127;26,1;WnC
2006;2006-07-22;11:08:00;0,064;27,1;WnC
2006;2006-07-23;12:04:00;0,023;28,1;WnC
2006;2006-07-24;12:56:00;0,003;29,1;NM
2006;2006-07-25;13:45:00;0,005;0,6;WxC
2006;2006-07-26;14:31:00;0,027;1,6;WxC
2006;2006-07-27;15:13:00;0,068;2,6;WxC
2006;2006-07-28;15:53:00;0,125;3,6;WxC
2006;2006-07-29;16:32:00;0,196;4,6;WxC
2006;2006-07-30;17:10:00;0,278;5,6;WxC
2006;2006-07-31;17:50:00;0,37;6,6;WxC
2007;2007-02-17;12:28:00;0;0,1;NM
2007;2007-02-18;13:20:00;0,02;1,1;WxC
2007;2007-02-19;14:10:00;0,069;2,1;WxC
2007;2007-02-20;15:00:00;0,146;3,1;WxC
2007;2007-02-21;15:52:00;0,242;4,1;WxC
2007;2007-02-22;16:46:00;0,352;5,1;WxC
2007;2007-02-23;17:43:00;0,468;6,1;WxC
2007;2007-02-24;18:41:00;0,582;7,1;FQ
2007;2007-02-25;19:40:00;0,69;8,1;WxG
2007;2007-02-26;20:37:00;0,786;9,1;WxG
2007;2007-02-27;21:31:00;0,866;10,1;WxG
2007;2007-02-28;22:21:00;0,929;11,1;WxG
2007;2007-03-01;23:07:00;0,972;12,1;WxG
2007;2007-03-02;23:50:00;0,996;13,1;WxG
2007;2007-03-03;NA;NA;14,1;FM
2007;2007-03-04;00:31:00;0,999;15,1;WnG
2007;2007-03-05;01:10:00;0,983;16,1;WnG
2007;2007-03-06;01:49:00;0,949;17,1;WnG
2007;2007-03-07;02:29:00;0,898;18,1;WnG
2007;2007-03-08;03:11:00;0,832;19,1;WnG
2007;2007-03-09;03:55:00;0,753;20,1;WnG
2007;2007-03-10;04:43:00;0,663;21,1;WnG
2007;2007-03-11;05:34:00;0,565;22,1;TQ
2007;2007-03-12;06:29:00;0,461;23,1;WnC
2007;2007-03-13;07:25:00;0,355;24,1;WnC
2007;2007-03-14;08:22:00;0,253;25,1;WnC
2007;2007-03-15;09:18:00;0,16;26,1;WnC
2007;2007-03-16;10:12:00;0,082;27,1;WnC
2007;2007-03-17;11:04:00;0,028;28,1;WnC
2007;2007-03-18;11:55:00;0,002;29,1;NM
2007;2007-03-19;12:47:00;0,008;0,7;WxC
2007;2007-03-20;13:39:00;0,047;1,7;WxC
2007;2007-03-21;14:34:00;0,115;2,7;WxC
2007;2007-03-22;15:32:00;0,205;3,7;WxC
2007;2007-03-23;16:32:00;0,31;4,7;WxC
2007;2007-03-24;17:33:00;0,422;5,7;WxC
2007;2007-03-25;18:32:00;0,534;6,7;FQ
2007;2007-03-26;19:28:00;0,64;7,7;WxG
2007;2007-03-27;20:19:00;0,738;8,7;WxG
2007;2007-03-28;21:06:00;0,822;9,7;WxG
2007;2007-03-29;21:49:00;0,892;10,7;WxG
2007;2007-03-30;22:30:00;0,945;11,7;WxG
2007;2007-03-31;23:10:00;0,981;12,7;WxG
2007;2007-04-01;NA;NA;13,7;WxG
2007;2007-04-02;00:49:00;0,998;14,7;FM
2007;2007-04-03;01:28:00;0,996;15,7;WnG
2007;2007-04-04;02:09:00;0,976;16,7;WnG
2007;2007-04-05;02:53:00;0,937;17,7;WnG
2007;2007-04-06;03:39:00;0,881;18,7;WnG
2007;2007-04-07;04:29:00;0,81;19,7;WnG
2007;2007-04-08;05:22:00;0,725;20,7;WnG
2007;2007-04-09;06:16:00;0,628;21,7;WnG
2007;2007-04-10;07:12:00;0,523;22,7;TQ
2007;2007-04-11;08:06:00;0,413;23,7;WnC
2007;2007-04-12;08:59:00;0,304;24,7;WnC
2007;2007-04-13;09:50:00;0,202;25,7;WnC
2007;2007-04-14;10:40:00;0,113;26,7;WnC
2007;2007-04-15;11:31:00;0,047;27,7;WnC
2007;2007-04-16;12:23:00;0,009;28,7;WnC
2007;2007-04-17;13:17:00;0,003;0,3;NM
2007;2007-04-18;14:15:00;0,03;1,3;WxC
2007;2007-04-19;15:16:00;0,087;2,3;WxC
2007;2007-04-20;16:19:00;0,168;3,3;WxC
2007;2007-04-21;17:21:00;0,265;4,3;WxC
2007;2007-04-22;18:20:00;0,371;5,3;WxC
2007;2007-04-23;19:14:00;0,478;6,3;WxC
2007;2007-04-24;20:03:00;0,583;7,3;FQ
2007;2007-04-25;20:48:00;0,681;8,3;WxG
2007;2007-04-26;21:30:00;0,77;9,3;WxG
2007;2007-04-27;22:09:00;0,847;10,3;WxG
2007;2007-04-28;22:48:00;0,91;11,3;WxG
2007;2007-04-29;23:27:00;0,957;12,3;WxG
2007;2007-04-30;NA;NA;13,3;WxG
2007;2007-05-01;00:08:00;0,987;14,3;WxG
2007;2007-05-02;00:51:00;0,999;15,3;FM
2007;2007-05-03;01:36:00;0,991;16,3;WnG
2007;2007-05-04;02:25:00;0,964;17,3;WnG
2007;2007-05-05;03:18:00;0,918;18,3;WnG
2007;2007-05-06;04:12:00;0,853;19,3;WnG
2007;2007-05-07;05:06:00;0,772;20,3;WnG
2007;2007-05-08;06:00:00;0,677;21,3;WnG
2007;2007-05-09;06:52:00;0,571;22,3;TQ
2007;2007-05-10;07:42:00;0,459;23,3;WnC
2007;2007-05-11;08:31:00;0,345;24,3;WnC
2007;2007-05-12;09:19:00;0,237;25,3;WnC
2007;2007-05-13;10:09:00;0,142;26,3;WnC
2007;2007-05-14;11:00:00;0,067;27,3;WnC
2007;2007-05-15;11:56:00;0,018;28,3;WnC
2007;2007-05-16;12:55:00;0,002;29,3;NM
2007;2007-05-17;13:58:00;0,017;0,9;WxC
2007;2007-05-18;15:03:00;0,063;1,9;WxC
2007;2007-05-19;16:05:00;0,132;2,9;WxC
2007;2007-05-20;17:03:00;0,218;3,9;WxC
2007;2007-05-21;17:56:00;0,315;4,9;WxC
2007;2007-05-22;18:44:00;0,417;5,9;WxC
2007;2007-05-23;19:27:00;0,519;6,9;FQ
2007;2007-05-24;20:08:00;0,618;7,9;WxG
2007;2007-05-25;20:47:00;0,71;8,9;WxG
2007;2007-05-26;21:26:00;0,794;9,9;WxG
2007;2007-05-27;22:06:00;0,866;10,9;WxG
2007;2007-05-28;22:48:00;0,925;11,9;WxG
2007;2007-05-29;23:33:00;0,967;12,9;WxG
2007;2007-05-30;NA;NA;13,9;WxG
2007;2007-05-31;00:21:00;0,992;14,9;FM
2007;2007-06-01;01:13:00;0,997;15,9;WnG
2007;2007-06-02;02:07:00;0,982;16,9;WnG
2007;2007-06-03;03:02:00;0,944;17,9;WnG
2007;2007-06-04;03:56:00;0,886;18,9;WnG
2007;2007-06-05;04:49:00;0,809;19,9;WnG
2007;2007-06-06;05:39:00;0,715;20,9;WnG
2007;2007-06-07;06:28:00;0,608;21,9;WnG
2007;2007-06-08;07:15:00;0,494;22,9;TQ
2007;2007-06-09;08:02:00;0,377;23,9;WnC
2007;2007-06-10;08:51:00;0,265;24,9;WnC
2007;2007-06-11;09:43:00;0,165;25,9;WnC
2007;2007-06-12;10:39:00;0,085;26,9;WnC
2007;2007-06-13;11:39:00;0,029;27,9;WnC
2007;2007-06-14;12:43:00;0,004;28,9;NM
2007;2007-06-15;13:47:00;0,008;0,6;WxC
2007;2007-06-16;14:48:00;0,041;1,6;WxC
2007;2007-06-17;15:44:00;0,097;2,6;WxC
2007;2007-06-18;16:35:00;0,171;3,6;WxC
2007;2007-06-19;17:21:00;0,258;4,6;WxC
2007;2007-06-20;18:03:00;0,353;5,6;WxC
2007;2007-06-21;18:44:00;0,451;6,6;WxC
2007;2007-06-22;19:23:00;0,55;7,6;FQ
2007;2007-06-23;20:03:00;0,645;8,6;WxG
2007;2007-06-24;20:44:00;0,735;9,6;WxG
2007;2007-06-25;21:28:00;0,816;10,6;WxG
2007;2007-06-26;22:15:00;0,886;11,6;WxG
2007;2007-06-27;23:05:00;0,942;12,6;WxG
2007;2007-06-28;23:59:00;0,98;13,6;WxG
2007;2007-06-29;NA;NA;14,6;WxG
2007;2007-06-30;00:55:00;0,998;15,6;FM
2007;2007-07-01;01:50:00;0,993;16,6;WnG
2007;2007-07-02;02:44:00;0,964;17,6;WnG
2007;2007-07-03;03:36:00;0,912;18,6;WnG
2007;2007-07-04;04:25:00;0,837;19,6;WnG
2007;2007-07-05;05:13:00;0,744;20,6;WnG
2007;2007-07-06;06:00:00;0,637;21,6;WnG
2007;2007-07-07;06:47:00;0,521;22,6;TQ
2007;2007-07-08;07:37:00;0,402;23,6;WnC
2007;2007-07-09;08:30:00;0,288;24,6;WnC
2007;2007-07-10;09:27:00;0,186;25,6;WnC
2007;2007-07-11;10:28:00;0,102;26,6;WnC
2007;2007-07-12;11:31:00;0,042;27,6;WnC
2007;2007-07-13;12:32:00;0,008;28,6;WnC
2007;2007-07-14;13:31:00;0,002;0,2;NM
2007;2007-07-15;14:24:00;0,022;1,2;WxC
2007;2007-07-16;15:12:00;0,065;2,2;WxC
2007;2007-07-17;15:57:00;0,126;3,2;WxC
2007;2007-07-18;16:39:00;0,202;4,2;WxC
2007;2007-07-19;17:19:00;0,288;5,2;WxC
2007;2007-07-20;17:58:00;0,382;6,2;WxC
2007;2007-07-21;18:39:00;0,478;7,2;WxC
2007;2007-07-22;19:22:00;0,576;8,2;FQ
2007;2007-07-23;20:07:00;0,671;9,2;WxG
2007;2007-07-24;20:56:00;0,761;10,2;WxG
2007;2007-07-25;21:48:00;0,842;11,2;WxG
2007;2007-07-26;22:43:00;0,91;12,2;WxG
2007;2007-07-27;23:39:00;0,962;13,2;WxG
2007;2007-07-28;NA;NA;14,2;WxG
2007;2007-07-29;00:35:00;0,992;15,2;WxG
2007;2007-07-30;01:29:00;0,999;16,2;WxG
2007;2007-07-31;02:20:00;0,979;17,2;WxG
2008;2008-02-06;12:03:00;0,002;NA;NM
2008;2008-02-07;12:52:00;0,005;0,6;WxC
2008;2008-02-08;13:39:00;0,034;1,6;WxC
2008;2008-02-09;14:25:00;0,088;2,6;WxC
2008;2008-02-10;15:12:00;0,165;3,6;WxC
2008;2008-02-11;16:01:00;0,261;4,6;WxC
2008;2008-02-12;16:53:00;0,371;5,6;WxC
2008;2008-02-13;17:49:00;0,488;6,6;FQ
2008;2008-02-14;18:48:00;0,607;7,6;WxG
2008;2008-02-15;19:50:00;0,719;8,6;WxG
2008;2008-02-16;20:52:00;0,818;9,6;WxG
2008;2008-02-17;21:52:00;0,899;10,6;WxG
2008;2008-02-18;22:48:00;0,958;11,6;WxG
2008;2008-02-19;23:39:00;0,991;12,6;WxG
2008;2008-02-20;NA;NA;13,6;FM
2008;2008-02-21;00:26:00;1;14,6;WnG
2008;2008-02-22;01:10:00;0,984;15,6;WnG
2008;2008-02-23;01:52:00;0,947;16,6;WnG
2008;2008-02-24;02:34:00;0,892;17,6;WnG
2008;2008-02-25;03:16:00;0,822;18,6;WnG
2008;2008-02-26;04:00:00;0,741;19,6;WnG
2008;2008-02-27;04:46:00;0,651;20,6;WnG
2008;2008-02-28;05:34:00;0,555;21,6;TQ
2008;2008-02-29;06:24:00;0,457;22,6;WnC
2008;2008-03-01;07:16:00;0,36;23,6;WnC
2008;2008-03-02;08:09:00;0,266;24,6;WnC
2008;2008-03-03;09:01:00;0,18;25,6;WnC
2008;2008-03-04;09:52:00;0,106;26,6;WnC
2008;2008-03-05;10:42:00;0,048;27,6;WnC
2008;2008-03-06;11:30:00;0,011;28,6;WnC
2008;2008-03-07;12:17:00;0;0,1;NM
2008;2008-03-08;13:05:00;0,017;1,1;WxC
2008;2008-03-09;13:55:00;0,063;2,1;WxC
2008;2008-03-10;14:47:00;0,134;3,1;WxC
2008;2008-03-11;15:43:00;0,228;4,1;WxC
2008;2008-03-12;16:43:00;0,337;5,1;WxC
2008;2008-03-13;17:45:00;0,454;6,1;WxC
2008;2008-03-14;18:47:00;0,572;7,1;FQ
2008;2008-03-15;19:46:00;0,684;8,1;WxG
2008;2008-03-16;20:42:00;0,784;9,1;WxG
2008;2008-03-17;21:33:00;0,868;10,1;WxG
2008;2008-03-18;22:21:00;0,933;11,1;WxG
2008;2008-03-19;23:05:00;0,976;12,1;WxG
2008;2008-03-20;23:47:00;0,997;13,1;WxG
2008;2008-03-21;NA;NA;14,1;FM
2008;2008-03-22;00:29:00;0,996;15,1;WnG
2008;2008-03-23;01:11:00;0,975;16,1;WnG
2008;2008-03-24;01:54:00;0,935;17,1;WnG
2008;2008-03-25;02:40:00;0,878;18,1;WnG
2008;2008-03-26;03:27:00;0,807;19,1;WnG
2008;2008-03-27;04:16:00;0,725;20,1;WnG
2008;2008-03-28;05:07:00;0,634;21,1;WnG
2008;2008-03-29;05:59:00;0,537;22,1;TQ
2008;2008-03-30;06:51:00;0,436;23,1;WnC
2008;2008-03-31;07:41:00;0,336;24,1;WnC
2008;2008-04-01;08:30:00;0,24;25,1;WnC
2008;2008-04-02;09:18:00;0,153;26,1;WnC
2008;2008-04-03;10:05:00;0,08;27,1;WnC
2008;2008-04-04;10:53:00;0,029;28,1;WnC
2008;2008-04-05;11:43:00;0,003;29,1;NM
2008;2008-04-06;13:35:00;0,008;0,6;WxC
2008;2008-04-07;14:31:00;0,044;1,6;WxC
2008;2008-04-08;15:31:00;0,109;2,6;WxC
2008;2008-04-09;16:35:00;0,198;3,6;WxC
2008;2008-04-10;17:39:00;0,304;4,6;WxC
2008;2008-04-11;18:41:00;0,418;5,6;WxC
2008;2008-04-12;19:38:00;0,534;6,6;FQ
2008;2008-04-13;20:31:00;0,644;7,6;WxG
2008;2008-04-14;21:19:00;0,745;8,6;WxG
2008;2008-04-15;22:03:00;0,831;9,6;WxG
2008;2008-04-16;22:46:00;0,902;10,6;WxG
2008;2008-04-17;23:27:00;0,953;11,6;WxG
2008;2008-04-18;NA;NA;12,6;WxG
2008;2008-04-19;00:09:00;0,986;13,6;WxG
2008;2008-04-20;00:51:00;0,998;14,6;FM
2008;2008-04-21;01:35:00;0,991;15,6;WnG
2008;2008-04-22;02:22:00;0,965;16,6;WnG
2008;2008-04-23;03:11:00;0,921;17,6;WnG
2008;2008-04-24;04:01:00;0,861;18,6;WnG
2008;2008-04-25;04:52:00;0,787;19,6;WnG
2008;2008-04-26;05:43:00;0,702;20,6;WnG
2008;2008-04-27;06:33:00;0,606;21,6;WnG
2008;2008-04-28;07:22:00;0,505;22,6;TQ
2008;2008-04-29;08:09:00;0,4;23,6;WnC
2008;2008-04-30;08:55:00;0,296;24,6;WnC
2008;2008-05-01;09:41:00;0,199;25,6;WnC
2008;2008-05-02;10:29:00;0,114;26,6;WnC
2008;2008-05-03;11:19:00;0,049;27,6;WnC
2008;2008-05-04;12:13:00;0,01;28,6;WnC
2008;2008-05-05;13:13:00;0,003;0,2;NM
2008;2008-05-06;14:16:00;0,029;1,2;WxC
2008;2008-05-07;15:23:00;0,086;2,2;WxC
2008;2008-05-08;16:28:00;0,169;3,2;WxC
2008;2008-05-09;17:30:00;0,269;4,2;WxC
2008;2008-05-10;18:26:00;0,378;5,2;WxC
2008;2008-05-11;19:16:00;0,49;6,2;FQ
2008;2008-05-12;20:02:00;0,598;7,2;WxG
2008;2008-05-13;20:45:00;0,699;8,2;WxG
2008;2008-05-14;21:27:00;0,788;9,2;WxG
2008;2008-05-15;22:08:00;0,864;10,2;WxG
2008;2008-05-16;22:50:00;0,924;11,2;WxG
2008;2008-05-17;23:33:00;0,967;12,2;WxG
2008;2008-05-18;NA;NA;13,2;WxG
2008;2008-05-19;00:19:00;0,992;14,2;FM
2008;2008-05-20;01:07:00;0,998;15,2;WnG
2008;2008-05-21;01:57:00;0,985;16,2;WnG
2008;2008-05-22;02:48:00;0,953;17,2;WnG
2008;2008-05-23;03:39:00;0,903;18,2;WnG
2008;2008-05-24;04:29:00;0,837;19,2;WnG
2008;2008-05-25;05:17:00;0,757;20,2;WnG
2008;2008-05-26;06:04:00;0,665;21,2;WnG
2008;2008-05-27;06:49:00;0,562;22,2;TQ
2008;2008-05-28;07:34:00;0,454;23,2;WnC
2008;2008-05-29;08:19:00;0,345;24,2;WnC
2008;2008-05-30;09:06:00;0,239;25,2;WnC
2008;2008-05-31;09:57:00;0,145;26,2;WnC
2008;2008-06-01;10:53:00;0,069;27,2;WnC
2008;2008-06-02;11:54:00;0,019;28,2;WnC
2008;2008-06-03;13:00:00;0,002;29,2;NM
2008;2008-06-04;14:07:00;0,018;0,9;WxC
2008;2008-06-05;15:13:00;0,065;1,9;WxC
2008;2008-06-06;16:13:00;0,139;2,9;WxC
2008;2008-06-07;17:08:00;0,23;3,9;WxC
2008;2008-06-08;17:57:00;0,333;4,9;WxC
2008;2008-06-09;18:42:00;0,439;5,9;WxC
2008;2008-06-10;19:25:00;0,545;6,9;FQ
2008;2008-06-11;20:07:00;0,646;7,9;WxG
2008;2008-06-12;20:49:00;0,739;8,9;WxG
2008;2008-06-13;21:31:00;0,82;9,9;WxG
2008;2008-06-14;22:16:00;0,889;10,9;WxG
2008;2008-06-15;23:03:00;0,942;11,9;WxG
2008;2008-06-16;23:53:00;0,978;12,9;WxG
2008;2008-06-17;NA;NA;13,9;WxG
2008;2008-06-18;00:44:00;0,997;14,9;FM
2008;2008-06-19;01:35:00;0,996;15,9;WnG
2008;2008-06-20;02:26:00;0,975;16,9;WnG
2008;2008-06-21;03:15:00;0,935;17,9;WnG
2008;2008-06-22;04:02:00;0,877;18,9;WnG
2008;2008-06-23;04:47:00;0,801;19,9;WnG
2008;2008-06-24;05:31:00;0,711;20,9;WnG
2008;2008-06-25;06:15:00;0,608;21,9;WnG
2008;2008-06-26;07:00:00;0,497;22,9;TQ
2008;2008-06-27;07:48:00;0,383;23,9;WnC
2008;2008-06-28;08:40:00;0,272;24,9;WnC
2008;2008-06-29;09:36:00;0,17;25,9;WnC
2008;2008-06-30;10:39:00;0,087;26,9;WnC
2008;2008-07-01;11:45:00;0,029;27,9;WnC
2008;2008-07-02;12:51:00;0,002;28,9;NM
2008;2008-07-03;13:55:00;0,008;0,7;WxC
2008;2008-07-04;14:54:00;0,045;1,7;WxC
2008;2008-07-05;15:47:00;0,107;2,7;WxC
2008;2008-07-06;16:35:00;0,188;3,7;WxC
2008;2008-07-07;17:20:00;0,282;4,7;WxC
2008;2008-07-08;18:03:00;0,383;5,7;WxC
2008;2008-07-09;18:45:00;0,486;6,7;FQ
2008;2008-07-10;19:28:00;0,586;7,7;WxG
2008;2008-07-11;20:13:00;0,681;8,7;WxG
2008;2008-07-12;20:59:00;0,769;9,7;WxG
2008;2008-07-13;21:48:00;0,846;10,7;WxG
2008;2008-07-14;22:39:00;0,909;11,7;WxG
2008;2008-07-15;23:30:00;0,958;12,7;WxG
2008;2008-07-16;NA;NA;13,7;WxG
2008;2008-07-17;00:21:00;0,988;14,7;WxG
2008;2008-07-18;01:12:00;1;15,7;FM
2008;2008-07-19;02:00:00;0,99;16,7;WnG
2008;2008-07-20;02:46:00;0,959;17,7;WnG
2008;2008-07-21;03:30:00;0,907;18,7;WnG
2008;2008-07-22;04:14:00;0,836;19,7;WnG
2008;2008-07-23;04:59:00;0,747;20,7;WnG
2008;2008-07-24;05:45:00;0,643;21,7;WnG
2008;2008-07-25;06:34:00;0,53;22,7;TQ
2008;2008-07-26;07:27:00;0,412;23,7;WnC
2008;2008-07-27;08:25:00;0,297;24,7;WnC
2008;2008-07-28;09:28:00;0,191;25,7;WnC
2008;2008-07-29;10:33:00;0,104;26,7;WnC
2008;2008-07-30;11:37:00;0,04;27,7;WnC
2008;2008-07-31;12:37:00;0,006;28,7;WnC
2009;2009-02-24;12:03:00;0,001;NA;NM
2009;2009-02-25;12:46:00;0,007;0,7;WxC
2009;2009-02-26;13:30:00;0,035;1,7;WxC
2009;2009-02-27;14:15:00;0,086;2,7;WxC
2009;2009-02-28;15:02:00;0,157;3,7;WxC
2009;2009-03-01;15:53:00;0,248;4,7;WxC
2009;2009-03-02;16:48:00;0,353;5,7;WxC
2009;2009-03-03;17:47:00;0,468;6,7;WxC
2009;2009-03-04;18:49:00;0,587;7,7;FQ
2009;2009-03-05;19:51:00;0,702;8,7;WxG
2009;2009-03-06;20:51:00;0,806;9,7;WxG
2009;2009-03-07;21:48:00;0,892;10,7;WxG
2009;2009-03-08;22:41:00;0,954;11,7;WxG
2009;2009-03-09;23:31:00;0,99;12,7;WxG
2009;2009-03-10;NA;NA;13,7;FM
2009;2009-03-11;00:19:00;0,999;14,7;WnG
2009;2009-03-12;01:06:00;0,98;15,7;WnG
2009;2009-03-13;01:53:00;0,938;16,7;WnG
2009;2009-03-14;02:40:00;0,876;17,7;WnG
2009;2009-03-15;03:29:00;0,799;18,7;WnG
2009;2009-03-16;04:20:00;0,712;19,7;WnG
2009;2009-03-17;05:11:00;0,617;20,7;WnG
2009;2009-03-18;06:02:00;0,52;21,7;TQ
2009;2009-03-19;06:52:00;0,423;22,7;WnC
2009;2009-03-20;07:41:00;0,328;23,7;WnC
2009;2009-03-21;08:28:00;0,24;24,7;WnC
2009;2009-03-22;09:14:00;0,16;25,7;WnC
2009;2009-03-23;09:58:00;0,093;26,7;WnC
2009;2009-03-24;10:41:00;0,042;27,7;WnC
2009;2009-03-25;11:25:00;0,01;28,7;WnC
2009;2009-03-26;12:10:00;0,002;0,1;NM
2009;2009-03-27;12:57:00;0,018;1,1;WxC
2009;2009-03-28;13:48:00;0,06;2,1;WxC
2009;2009-03-29;14:43:00;0,127;3,1;WxC
2009;2009-03-30;15:42:00;0,215;4,1;WxC
2009;2009-03-31;16:43:00;0,32;5,1;WxC
2009;2009-04-01;17:45:00;0,436;6,1;WxC
2009;2009-04-02;18:45:00;0,554;7,1;FQ
2009;2009-04-03;19:41:00;0,67;8,1;WxG
2009;2009-04-04;20:34:00;0,775;9,1;WxG
2009;2009-04-05;22:24:00;0,864;10,1;WxG
2009;2009-04-06;23:11:00;0,932;11,1;WxG
2009;2009-04-07;23:57:00;0,977;12,1;WxG
2009;2009-04-08;NA;NA;13,1;WxG
2009;2009-04-09;00:44:00;0,997;14,1;FM
2009;2009-04-10;01:31:00;0,993;15,1;WnG
2009;2009-04-11;02:20:00;0,966;16,1;WnG
2009;2009-04-12;03:10:00;0,919;17,1;WnG
2009;2009-04-13;04:01:00;0,856;18,1;WnG
2009;2009-04-14;04:53:00;0,779;19,1;WnG
2009;2009-04-15;05:44:00;0,693;20,1;WnG
2009;2009-04-16;06:34:00;0,599;21,1;WnG
2009;2009-04-17;07:21:00;0,502;22,1;TQ
2009;2009-04-18;08:07:00;0,405;23,1;WnC
2009;2009-04-19;08:50:00;0,309;24,1;WnC
2009;2009-04-20;09:33:00;0,219;25,1;WnC
2009;2009-04-21;10:17:00;0,139;26,1;WnC
2009;2009-04-22;11:01:00;0,073;27,1;WnC
2009;2009-04-23;11:47:00;0,027;28,1;WnC
2009;2009-04-24;12:38:00;0,004;29,1;NM
2009;2009-04-25;13:32:00;0,008;0,6;WxC
2009;2009-04-26;14:31:00;0,041;1,6;WxC
2009;2009-04-27;15:33:00;0,103;2,6;WxC
2009;2009-04-28;16:37:00;0,188;3,6;WxC
2009;2009-04-29;17:39:00;0,292;4,6;WxC
2009;2009-04-30;18:37:00;0,406;5,6;WxC
2009;2009-05-01;19:31:00;0,524;6,6;FQ
2009;2009-05-02;20:21:00;0,638;7,6;WxG
2009;2009-05-03;21:08:00;0,743;8,6;WxG
2009;2009-05-04;21:54:00;0,834;9,6;WxG
2009;2009-05-05;22:39:00;0,907;10,6;WxG
2009;2009-05-06;23:25:00;0,959;11,6;WxG
2009;2009-05-07;NA;NA;12,6;WxG
2009;2009-05-08;00:13:00;0,99;13,6;FM
2009;2009-05-09;01:02:00;0,998;14,6;WnG
2009;2009-05-10;01:53:00;0,985;15,6;WnG
2009;2009-05-11;02:45:00;0,953;16,6;WnG
2009;2009-05-12;03:36:00;0,902;17,6;WnG
2009;2009-05-13;04:26:00;0,837;18,6;WnG
2009;2009-05-14;05:15:00;0,759;19,6;WnG
2009;2009-05-15;06:01:00;0,671;20,6;WnG
2009;2009-05-16;06:45:00;0,576;21,6;WnG
2009;2009-05-17;07:27:00;0,477;22,6;TQ
2009;2009-05-18;08:09:00;0,376;23,6;WnC
2009;2009-05-19;08:52:00;0,278;24,6;WnC
2009;2009-05-20;09:37:00;0,186;25,6;WnC
2009;2009-05-21;10:24:00;0,107;26,6;WnC
2009;2009-05-22;11:17:00;0,046;27,6;WnC
2009;2009-05-23;12:14:00;0,01;28,6;WnC
2009;2009-05-24;13:16:00;0,003;0,2;NM
2009;2009-05-25;14:22:00;0,027;1,2;WxC
2009;2009-05-26;15:27:00;0,082;2,2;WxC
2009;2009-05-27;16:28:00;0,164;3,2;WxC
2009;2009-05-28;17:25:00;0,264;4,2;WxC
2009;2009-05-29;18:18:00;0,375;5,2;WxC
2009;2009-05-30;19:07:00;0,491;6,2;FQ
2009;2009-05-31;19:53:00;0,603;7,2;WxG
2009;2009-06-01;20:38:00;0,708;8,2;WxG
2009;2009-06-02;21:23:00;0,8;9,2;WxG
2009;2009-06-03;22:10:00;0,877;10,2;WxG
2009;2009-06-04;22:58:00;0,937;11,2;WxG
2009;2009-06-05;23:47:00;0,977;12,2;WxG
2009;2009-06-06;NA;NA;13,2;WxG
2009;2009-06-07;00:39:00;0,997;14,2;FM
2009;2009-06-08;01:30:00;0,996;15,2;WnG
2009;2009-06-09;02:21:00;0,977;16,2;WnG
2009;2009-06-10;03:10:00;0,939;17,2;WnG
2009;2009-06-11;03:57:00;0,884;18,2;WnG
2009;2009-06-12;04:41:00;0,815;19,2;WnG
2009;2009-06-13;05:24:00;0,733;20,2;WnG
2009;2009-06-14;06:05:00;0,641;21,2;WnG
2009;2009-06-15;06:46:00;0,541;22,2;TQ
2009;2009-06-16;07:29:00;0,437;23,2;WnC
2009;2009-06-17;08:14:00;0,331;24,2;WnC
2009;2009-06-18;09:03:00;0,23;25,2;WnC
2009;2009-06-19;09:57:00;0,14;26,2;WnC
2009;2009-06-20;10:56:00;0,067;27,2;WnC
2009;2009-06-21;12:00:00;0,018;28,2;WnC
2009;2009-06-22;13:06:00;0,001;29,2;NM
2009;2009-06-23;14:11:00;0,016;0,9;WxC
2009;2009-06-24;15:12:00;0,064;1,9;WxC
2009;2009-06-25;16:09:00;0,139;2,9;WxC
2009;2009-06-26;17:01:00;0,234;3,9;WxC
2009;2009-06-27;17:49:00;0,341;4,9;WxC
2009;2009-06-28;18:35:00;0,452;5,9;WxC
2009;2009-06-29;19:21:00;0,563;6,9;FQ
2009;2009-06-30;20:08:00;0,667;7,9;WxG
2009;2009-07-01;20:55:00;0,761;8,9;WxG
2009;2009-07-02;21:44:00;0,843;9,9;WxG
2009;2009-07-03;22:35:00;0,909;10,9;WxG
2009;2009-07-04;23:26:00;0,958;11,9;WxG
2009;2009-07-05;NA;NA;12,9;WxG
2009;2009-07-06;00:17:00;0,988;13,9;WxG
2009;2009-07-07;01:06:00;1;14,9;FM
2009;2009-07-08;01:54:00;0,992;15,9;WnG
2009;2009-07-09;02:39:00;0,966;16,9;WnG
2009;2009-07-10;03:22:00;0,921;17,9;WnG
2009;2009-07-11;04:04:00;0,86;18,9;WnG
2009;2009-07-12;04:45:00;0,784;19,9;WnG
2009;2009-07-13;05:26:00;0,695;20,9;WnG
2009;2009-07-14;06:09:00;0,595;21,9;WnG
2009;2009-07-15;06:55:00;0,488;22,9;TQ
2009;2009-07-16;07:45:00;0,377;23,9;WnC
2009;2009-07-17;08:40:00;0,269;24,9;WnC
2009;2009-07-18;09:40:00;0,169;25,9;WnC
2009;2009-07-19;10:44:00;0,087;26,9;WnC
2009;2009-07-20;11:49:00;0,029;27,9;WnC
2009;2009-07-21;12:53:00;0,002;28,9;NM
2009;2009-07-22;13:53:00;0,008;0,6;WxC
2009;2009-07-23;14:48:00;0,047;1,6;WxC
2009;2009-07-24;15:39:00;0,113;2,6;WxC
2009;2009-07-25;16:28:00;0,2;3,6;WxC
2009;2009-07-26;17:16:00;0,3;4,6;WxC
2009;2009-07-27;18:03:00;0,406;5,6;WxC
2009;2009-07-28;18:51:00;0,514;6,6;FQ
2009;2009-07-29;19:40:00;0,617;7,6;WxG
2009;2009-07-30;20:31:00;0,713;8,6;WxG
2009;2009-07-31;21:22:00;0,799;9,6;WxG
2010;2010-02-13;12:02:00;0,001;NA;NM
2010;2010-02-14;12:43:00;0,005;0,7;WxC
2010;2010-02-15;13:24:00;0,028;1,7;WxC
2010;2010-02-16;14:04:00;0,07;2,7;WxC
2010;2010-02-17;14:46:00;0,129;3,7;WxC
2010;2010-02-18;15:29:00;0,204;4,7;WxC
2010;2010-02-19;16:16:00;0,293;5,7;WxC
2010;2010-02-20;17:06:00;0,394;6,7;WxC
2010;2010-02-21;18:00:00;0,503;7,7;FQ
2010;2010-02-22;18:58:00;0,615;8,7;WxG
2010;2010-02-23;19:59:00;0,725;9,7;WxG
2010;2010-02-24;21:00:00;0,826;10,7;WxG
2010;2010-02-25;21:59:00;0,909;11,7;WxG
2010;2010-02-26;22:56:00;0,968;12,7;WxG
2010;2010-02-27;23:51:00;0,997;13,7;WxG
2010;2010-02-28;NA;NA;14,7;FM
2010;2010-03-01;00:44:00;0,993;15,7;WnG
2010;2010-03-02;01:36:00;0,958;16,7;WnG
2010;2010-03-03;02:27:00;0,896;17,7;WnG
2010;2010-03-04;03:20:00;0,814;18,7;WnG
2010;2010-03-05;04:13:00;0,719;19,7;WnG
2010;2010-03-06;05:07:00;0,617;20,7;WnG
2010;2010-03-07;06:01:00;0,512;21,7;TQ
2010;2010-03-08;06:53:00;0,411;22,7;WnC
2010;2010-03-09;07:44:00;0,315;23,7;WnC
2010;2010-03-10;08:32:00;0,228;24,7;WnC
2010;2010-03-11;09:17:00;0,152;25,7;WnC
2010;2010-03-12;10:00:00;0,09;26,7;WnC
2010;2010-03-13;10:42:00;0,043;27,7;WnC
2010;2010-03-14;11:23:00;0,013;28,7;WnC
2010;2010-03-15;12:03:00;0,002;29,7;NM
2010;2010-03-16;12:45:00;0,01;0,9;WxC
2010;2010-03-17;13:28:00;0,04;1,9;WxC
2010;2010-03-18;14:14:00;0,089;2,9;WxC
2010;2010-03-19;15:03:00;0,158;3,9;WxC
2010;2010-03-20;15:56:00;0,244;4,9;WxC
2010;2010-03-21;16:52:00;0,344;5,9;WxC
2010;2010-03-22;17:50:00;0,454;6,9;WxC
2010;2010-03-23;18:49:00;0,57;7,9;FQ
2010;2010-03-24;19:46:00;0,685;8,9;WxG
2010;2010-03-25;20:42:00;0,791;9,9;WxG
2010;2010-03-26;21:36:00;0,881;10,9;WxG
2010;2010-03-27;22:29:00;0,949;11,9;WxG
2010;2010-03-28;23:20:00;0,988;12,9;WxG
2010;2010-03-29;NA;NA;13,9;FM
2010;2010-03-30;00:12:00;0,998;14,9;WnG
2010;2010-03-31;01:05:00;0,977;15,9;WnG
2010;2010-04-01;01:59:00;0,93;16,9;WnG
2010;2010-04-02;02:54:00;0,862;17,9;WnG
2010;2010-04-03;03:49:00;0,778;18,9;WnG
2010;2010-04-04;05:44:00;0,685;19,9;WnG
2010;2010-04-05;06:36:00;0,586;20,9;WnG
2010;2010-04-06;07:26:00;0,486;21,9;TQ
2010;2010-04-07;08:13:00;0,389;22,9;WnC
2010;2010-04-08;08:57:00;0,297;23,9;WnC
2010;2010-04-09;09:39:00;0,212;24,9;WnC
2010;2010-04-10;10:20:00;0,139;25,9;WnC
2010;2010-04-11;11:01:00;0,078;26,9;WnC
2010;2010-04-12;11:42:00;0,034;27,9;WnC
2010;2010-04-13;12:25:00;0,008;28,9;WnC
2010;2010-04-14;13:11:00;0,003;0,2;NM
2010;2010-04-15;13:59:00;0,02;1,2;WxC
2010;2010-04-16;14:52:00;0,06;2,2;WxC
2010;2010-04-17;15:47:00;0,123;3,2;WxC
2010;2010-04-18;16:45:00;0,206;4,2;WxC
2010;2010-04-19;17:44:00;0,306;5,2;WxC
2010;2010-04-20;18:41:00;0,418;6,2;WxC
2010;2010-04-21;19:36:00;0,536;7,2;FQ
2010;2010-04-22;20:29:00;0,653;8,2;WxG
2010;2010-04-23;21:20:00;0,762;9,2;WxG
2010;2010-04-24;22:10:00;0,856;10,2;WxG
2010;2010-04-25;23:00:00;0,929;11,2;WxG
2010;2010-04-26;23:51:00;0,977;12,2;WxG
2010;2010-04-27;NA;NA;13,2;WxG
2010;2010-04-28;00:44:00;0,998;14,2;FM
2010;2010-04-29;01:39:00;0,991;15,2;WnG
2010;2010-04-30;02:35:00;0,958;16,2;WnG
2010;2010-05-01;03:31:00;0,904;17,2;WnG
2010;2010-05-02;04:25:00;0,833;18,2;WnG
2010;2010-05-03;05:17:00;0,75;19,2;WnG
2010;2010-05-04;06:06:00;0,658;20,2;WnG
2010;2010-05-05;06:51:00;0,562;21,2;TQ
2010;2010-05-06;07:34:00;0,465;22,2;WnC
2010;2010-05-07;08:16:00;0,369;23,2;WnC
2010;2010-05-08;08:56:00;0,277;24,2;WnC
2010;2010-05-09;09:37:00;0,193;25,2;WnC
2010;2010-05-10;10:19:00;0,12;26,2;WnC
2010;2010-05-11;11:04:00;0,061;27,2;WnC
2010;2010-05-12;11:52:00;0,021;28,2;WnC
2010;2010-05-13;12:43:00;0,002;29,2;NM
2010;2010-05-14;13:39:00;0,008;0,7;WxC
2010;2010-05-15;14:37:00;0,04;1,7;WxC
2010;2010-05-16;15:37:00;0,098;2,7;WxC
2010;2010-05-17;16:36:00;0,179;3,7;WxC
2010;2010-05-18;17:32:00;0,278;4,7;WxC
2010;2010-05-19;18:26:00;0,39;5,7;WxC
2010;2010-05-20;19:17:00;0,509;6,7;FQ
2010;2010-05-21;20:06:00;0,626;7,7;WxG
2010;2010-05-22;20:55:00;0,736;8,7;WxG
2010;2010-05-23;21:44:00;0,832;9,7;WxG
2010;2010-05-24;22:35:00;0,909;10,7;WxG
2010;2010-05-25;23:28:00;0,964;11,7;WxG
2010;2010-05-26;NA;NA;12,7;WxG
2010;2010-05-27;00:23:00;0,993;13,7;FM
2010;2010-05-28;01:18:00;0,998;14,7;WnG
2010;2010-05-29;02:14:00;0,979;15,7;WnG
2010;2010-05-30;03:07:00;0,939;16,7;WnG
2010;2010-05-31;03:57:00;0,881;17,7;WnG
2010;2010-06-01;04:45:00;0,809;18,7;WnG
2010;2010-06-02;05:29:00;0,725;19,7;WnG
2010;2010-06-03;06:11:00;0,634;20,7;WnG
2010;2010-06-04;06:52:00;0,538;21,7;TQ
2010;2010-06-05;07:32:00;0,44;22,7;WnC
2010;2010-06-06;08:13:00;0,343;23,7;WnC
2010;2010-06-07;08:56:00;0,25;24,7;WnC
2010;2010-06-08;09:42:00;0,166;25,7;WnC
2010;2010-06-09;10:32:00;0,094;26,7;WnC
2010;2010-06-10;11:26:00;0,039;27,7;WnC
2010;2010-06-11;12:24:00;0,007;28,7;WnC
2010;2010-06-12;13:24:00;0,002;0,3;NM
2010;2010-06-13;14:25:00;0,026;1,3;WxC
2010;2010-06-14;15:24:00;0,078;2,3;WxC
2010;2010-06-15;16:20:00;0,156;3,3;WxC
2010;2010-06-16;17:13:00;0,255;4,3;WxC
2010;2010-06-17;18:04:00;0,366;5,3;WxC
2010;2010-06-18;18:53:00;0,484;6,3;FQ
2010;2010-06-19;19:42:00;0,601;7,3;WxG
2010;2010-06-20;20:31:00;0,71;8,3;WxG
2010;2010-06-21;21:23:00;0,807;9,3;WxG
2010;2010-06-22;22:16:00;0,887;10,3;WxG
2010;2010-06-23;23:10:00;0,947;11,3;WxG
2010;2010-06-24;NA;NA;12,3;WxG
2010;2010-06-25;00:05:00;0,984;13,3;WxG
2010;2010-06-26;00:59:00;1;14,3;FM
2010;2010-06-27;01:50:00;0,993;15,3;WnG
2010;2010-06-28;02:38:00;0,966;16,3;WnG
2010;2010-06-29;03:24:00;0,921;17,3;WnG
2010;2010-06-30;04:07:00;0,859;18,3;WnG
2010;2010-07-01;04:48:00;0,785;19,3;WnG
2010;2010-07-02;05:28:00;0,7;20,3;WnG
2010;2010-07-03;06:08:00;0,607;21,3;WnG
2010;2010-07-04;06:50:00;0,508;22,3;TQ
2010;2010-07-05;07:34:00;0,407;23,3;WnC
2010;2010-07-06;08:21:00;0,307;24,3;WnC
2010;2010-07-07;09:12:00;0,212;25,3;WnC
2010;2010-07-08;10:07:00;0,128;26,3;WnC
2010;2010-07-09;11:07:00;0,06;27,3;WnC
2010;2010-07-10;12:08:00;0,016;28,3;WnC
2010;2010-07-11;13:09:00;0;29,3;NM
2010;2010-07-12;14:08:00;0,015;0,9;WxC
2010;2010-07-13;15:04:00;0,062;1,9;WxC
2010;2010-07-14;15:57:00;0,136;2,9;WxC
2010;2010-07-15;16:48:00;0,231;3,9;WxC
2010;2010-07-16;17:38:00;0,341;4,9;WxC
2010;2010-07-17;18:29:00;0,456;5,9;WxC
2010;2010-07-18;19:20:00;0,571;6,9;FQ
2010;2010-07-19;20:12:00;0,679;7,9;WxG
2010;2010-07-20;21:06:00;0,776;8,9;WxG
2010;2010-07-21;22:00:00;0,859;9,9;WxG
2010;2010-07-22;22:53:00;0,923;10,9;WxG
2010;2010-07-23;23:45:00;0,969;11,9;WxG
2010;2010-07-24;NA;NA;12,9;WxG
2010;2010-07-25;00:34:00;0,994;13,9;FM
2010;2010-07-26;01:20:00;0,999;14,9;WnG
2010;2010-07-27;02:04:00;0,985;15,9;WnG
2010;2010-07-28;02:46:00;0,952;16,9;WnG
2010;2010-07-29;03:26:00;0,902;17,9;WnG
2010;2010-07-30;04:06:00;0,837;18,9;WnG
2010;2010-07-31;04:47:00;0,758;19,9;WnG
2011;2011-02-02;12:01:00;0,002;NA;NM
2011;2011-02-03;12:45:00;0,006;0,7;WxC
2011;2011-02-04;13:27:00;0,03;1,7;WxC
2011;2011-02-05;14:08:00;0,072;2,7;WxC
2011;2011-02-06;14:49:00;0,129;3,7;WxC
2011;2011-02-07;15:30:00;0,201;4,7;WxC
2011;2011-02-08;16:12:00;0,283;5,7;WxC
2011;2011-02-09;16:56:00;0,376;6,7;WxC
2011;2011-02-10;17:44:00;0,474;7,7;WxC
2011;2011-02-11;18:34:00;0,577;8,7;FQ
2011;2011-02-12;19:28:00;0,68;9,7;WxG
2011;2011-02-13;20:24:00;0,777;10,7;WxG
2011;2011-02-14;21:21:00;0,865;11,7;WxG
2011;2011-02-15;22:19:00;0,935;12,7;WxG
2011;2011-02-16;23:15:00;0,981;13,7;WxG
2011;2011-02-17;NA;NA;14,7;WxG
2011;2011-02-18;00:10:00;0,999;15,7;FM
2011;2011-02-19;01:04:00;0,984;16,7;WnG
2011;2011-02-20;01:57:00;0,938;17,7;WnG
2011;2011-02-21;02:51:00;0,864;18,7;WnG
2011;2011-02-22;03:45:00;0,77;19,7;WnG
2011;2011-02-23;04:41:00;0,663;20,7;WnG
2011;2011-02-24;05:38:00;0,55;21,7;TQ
2011;2011-02-25;06:34:00;0,438;22,7;WnC
2011;2011-02-26;07:29:00;0,333;23,7;WnC
2011;2011-02-27;08:22:00;0,238;24,7;WnC
2011;2011-02-28;09:12:00;0,156;25,7;WnC
2011;2011-03-01;09:59:00;0,09;26,7;WnC
2011;2011-03-02;10:43:00;0,042;27,7;WnC
2011;2011-03-03;11:26:00;0,012;28,7;WnC
2011;2011-03-04;12:07:00;0,002;29,7;NM
2011;2011-03-05;12:47:00;0,01;0,9;WxC
2011;2011-03-06;13:28:00;0,037;1,9;WxC
2011;2011-03-07;14:10:00;0,082;2,9;WxC
2011;2011-03-08;14:53:00;0,142;3,9;WxC
2011;2011-03-09;15:39:00;0,217;4,9;WxC
2011;2011-03-10;16:28:00;0,305;5,9;WxC
2011;2011-03-11;17:19:00;0,403;6,9;WxC
2011;2011-03-12;18:13:00;0,508;7,9;FQ
2011;2011-03-13;19:07:00;0,616;8,9;WxG
2011;2011-03-14;20:03:00;0,722;9,9;WxG
2011;2011-03-15;20:58:00;0,82;10,9;WxG
2011;2011-03-16;21:52:00;0,903;11,9;WxG
2011;2011-03-17;22:46:00;0,963;12,9;WxG
2011;2011-03-18;23:40:00;0,995;13,9;WxG
2011;2011-03-19;NA;NA;14,9;FM
2011;2011-03-20;00:34:00;0,993;15,9;WnG
2011;2011-03-21;01:30:00;0,959;16,9;WnG
2011;2011-03-22;02:28:00;0,897;17,9;WnG
2011;2011-03-23;03:26:00;0,812;18,9;WnG
2011;2011-03-24;04:25:00;0,712;19,9;WnG
2011;2011-03-25;05:22:00;0,605;20,9;WnG
2011;2011-03-26;06:17:00;0,496;21,9;TQ
2011;2011-03-27;07:09:00;0,392;22,9;WnC
2011;2011-03-28;07:57:00;0,294;23,9;WnC
2011;2011-03-29;08:42:00;0,208;24,9;WnC
2011;2011-03-30;09:25:00;0,134;25,9;WnC
2011;2011-03-31;10:06:00;0,075;26,9;WnC
2011;2011-04-01;10:47:00;0,033;27,9;WnC
2011;2011-04-02;11:27:00;0,008;28,9;WnC
2011;2011-04-03;13:09:00;0,002;0,1;NM
2011;2011-04-04;13:52:00;0,015;1,1;WxC
2011;2011-04-05;14:37:00;0,047;2,1;WxC
2011;2011-04-06;15:25:00;0,097;3,1;WxC
2011;2011-04-07;16:15:00;0,165;4,1;WxC
2011;2011-04-08;17:07:00;0,249;5,1;WxC
2011;2011-04-09;18:01:00;0,345;6,1;WxC
2011;2011-04-10;18:54:00;0,451;7,1;WxC
2011;2011-04-11;19:47:00;0,563;8,1;FQ
2011;2011-04-12;20:40:00;0,675;9,1;WxG
2011;2011-04-13;21:32:00;0,781;10,1;WxG
2011;2011-04-14;22:24:00;0,873;11,1;WxG
2011;2011-04-15;23:17:00;0,944;12,1;WxG
2011;2011-04-16;NA;NA;13,1;WxG
2011;2011-04-17;00:12:00;0,987;14,1;FM
2011;2011-04-18;01:09:00;0,998;15,1;WnG
2011;2011-04-19;02:08:00;0,977;16,1;WnG
2011;2011-04-20;03:08:00;0,927;17,1;WnG
2011;2011-04-21;04:08:00;0,853;18,1;WnG
2011;2011-04-22;05:06:00;0,763;19,1;WnG
2011;2011-04-23;06:01:00;0,663;20,1;WnG
2011;2011-04-24;06:52:00;0,559;21,1;TQ
2011;2011-04-25;07:39:00;0,457;22,1;WnC
2011;2011-04-26;08:23:00;0,358;23,1;WnC
2011;2011-04-27;09:05:00;0,267;24,1;WnC
2011;2011-04-28;09:45:00;0,186;25,1;WnC
2011;2011-04-29;10:26:00;0,117;26,1;WnC
2011;2011-04-30;11:07:00;0,062;27,1;WnC
2011;2011-05-01;11:50:00;0,024;28,1;WnC
2011;2011-05-02;12:35:00;0,004;29,1;WnC
2011;2011-05-03;13:22:00;0,003;0,5;NM
2011;2011-05-04;14:12:00;0,024;1,5;WxC
2011;2011-05-05;15:04:00;0,065;2,5;WxC
2011;2011-05-06;15:57:00;0,126;3,5;WxC
2011;2011-05-07;16:50:00;0,206;4,5;WxC
2011;2011-05-08;17:43:00;0,302;5,5;WxC
2011;2011-05-09;18:35:00;0,409;6,5;WxC
2011;2011-05-10;19:25:00;0,524;7,5;FQ
2011;2011-05-11;20:16:00;0,64;8,5;WxG
2011;2011-05-12;21:06:00;0,751;9,5;WxG
2011;2011-05-13;21:58:00;0,849;10,5;WxG
2011;2011-05-14;22:52:00;0,926;11,5;WxG
2011;2011-05-15;23:49:00;0,978;12,5;WxG
2011;2011-05-16;NA;NA;13,5;WxG
2011;2011-05-17;00:49:00;0,999;14,5;FM
2011;2011-05-18;01:50:00;0,99;15,5;WnG
2011;2011-05-19;02:50:00;0,952;16,5;WnG
2011;2011-05-20;03:47:00;0,891;17,5;WnG
2011;2011-05-21;04:41:00;0,812;18,5;WnG
2011;2011-05-22;05:31:00;0,722;19,5;WnG
2011;2011-05-23;06:17:00;0,625;20,5;WnG
2011;2011-05-24;07:01:00;0,525;21,5;TQ
2011;2011-05-25;07:42:00;0,426;22,5;WnC
2011;2011-05-26;08:23:00;0,331;23,5;WnC
2011;2011-05-27;09:04:00;0,243;24,5;WnC
2011;2011-05-28;09:46:00;0,165;25,5;WnC
2011;2011-05-29;10:30:00;0,098;26,5;WnC
2011;2011-05-30;11:17:00;0,047;27,5;WnC
2011;2011-05-31;12:06:00;0,013;28,5;WnC
2011;2011-06-01;12:58:00;0;29,5;NM
2011;2011-06-02;13:52:00;0,01;0,9;WxC
2011;2011-06-03;14:46:00;0,042;1,9;WxC
2011;2011-06-04;15:40:00;0,098;2,9;WxC
2011;2011-06-05;16:32:00;0,175;3,9;WxC
2011;2011-06-06;17:23:00;0,27;4,9;WxC
2011;2011-06-07;18:13:00;0,379;5,9;WxC
2011;2011-06-08;19:02:00;0,496;6,9;FQ
2011;2011-06-09;19:52:00;0,614;7,9;WxG
2011;2011-06-10;20:43:00;0,727;8,9;WxG
2011;2011-06-11;21:37:00;0,828;9,9;WxG
2011;2011-06-12;22:34:00;0,909;10,9;WxG
2011;2011-06-13;23:33:00;0,966;11,9;WxG
2011;2011-06-14;NA;NA;12,9;WxG
2011;2011-06-15;00:33:00;0,996;13,9;FM
2011;2011-06-16;01:32:00;0,997;14,9;WnG
2011;2011-06-17;02:28:00;0,972;15,9;WnG
2011;2011-06-18;03:21:00;0,924;16,9;WnG
2011;2011-06-19;04:09:00;0,858;17,9;WnG
2011;2011-06-20;04:55:00;0,779;18,9;WnG
2011;2011-06-21;05:37:00;0,689;19,9;WnG
2011;2011-06-22;06:19:00;0,594;20,9;WnG
2011;2011-06-23;07:00:00;0,497;21,9;TQ
2011;2011-06-24;07:41:00;0,399;22,9;WnC
2011;2011-06-25;08:24:00;0,306;23,9;WnC
2011;2011-06-26;09:10:00;0,218;24,9;WnC
2011;2011-06-27;09:58:00;0,141;25,9;WnC
2011;2011-06-28;10:49:00;0,077;26,9;WnC
2011;2011-06-29;11:42:00;0,03;27,9;WnC
2011;2011-06-30;12:37:00;0,004;28,9;WnC
2011;2011-07-01;13:32:00;0,003;0,4;NM
2011;2011-07-02;14:26:00;0,027;1,4;WxC
2011;2011-07-03;15:19:00;0,078;2,4;WxC
2011;2011-07-04;16:10:00;0,152;3,4;WxC
2011;2011-07-05;17:00:00;0,246;4,4;WxC
2011;2011-07-06;17:50:00;0,356;5,4;WxC
2011;2011-07-07;18:40:00;0,473;6,4;WxC
2011;2011-07-08;19:33:00;0,592;7,4;FQ
2011;2011-07-09;20:27:00;0,706;8,4;WxG
2011;2011-07-10;21:24:00;0,807;9,4;WxG
2011;2011-07-11;22:22:00;0,89;10,4;WxG
2011;2011-07-12;23:20:00;0,951;11,4;WxG
2011;2011-07-13;NA;NA;12,4;WxG
2011;2011-07-14;00:17:00;0,988;13,4;WxG
2011;2011-07-15;01:10:00;0,999;14,4;FM
2011;2011-07-16;02:01:00;0,987;15,4;WnG
2011;2011-07-17;02:47:00;0,952;16,4;WnG
2011;2011-07-18;03:32:00;0,899;17,4;WnG
2011;2011-07-19;04:14:00;0,831;18,4;WnG
2011;2011-07-20;04:55:00;0,751;19,4;WnG
2011;2011-07-21;05:37:00;0,662;20,4;WnG
2011;2011-07-22;06:19:00;0,567;21,4;TQ
2011;2011-07-23;07:03:00;0,469;22,4;WnC
2011;2011-07-24;07:49:00;0,371;23,4;WnC
2011;2011-07-25;08:39:00;0,277;24,4;WnC
2011;2011-07-26;09:30:00;0,189;25,4;WnC
2011;2011-07-27;10:24:00;0,112;26,4;WnC
2011;2011-07-28;11:20:00;0,052;27,4;WnC
2011;2011-07-29;12:15:00;0,014;28,4;WnC
2011;2011-07-30;13:09:00;0,001;29,4;NM
2011;2011-07-31;14:02:00;0,017;1;WxC
2012;2012-02-21;12:05:00;0,002;NA;NM
2012;2012-02-22;12:50:00;0,01;0,9;WxC
2012;2012-02-23;13:33:00;0,039;1,9;WxC
2012;2012-02-24;14:16:00;0,086;2,9;WxC
2012;2012-02-25;14:59:00;0,149;3,9;WxC
2012;2012-02-26;15:44:00;0,224;4,9;WxC
2012;2012-02-27;16:29:00;0,31;5,9;WxC
2012;2012-02-28;17:16:00;0,403;6,9;WxC
2012;2012-02-29;18:05:00;0,5;7,9;FQ
2012;2012-03-01;18:55:00;0,6;8,9;WxG
2012;2012-03-02;19:46:00;0,697;9,9;WxG
2012;2012-03-03;20:37:00;0,789;10,9;WxG
2012;2012-03-04;21:29:00;0,871;11,9;WxG
2012;2012-03-05;22:20:00;0,936;12,9;WxG
2012;2012-03-06;23:11:00;0,98;13,9;WxG
2012;2012-03-07;NA;NA;14,9;WxG
2012;2012-03-08;00:03:00;0,998;15,9;FM
2012;2012-03-09;00:55:00;0,986;16,9;WnG
2012;2012-03-10;01:49:00;0,944;17,9;WnG
2012;2012-03-11;02:45:00;0,875;18,9;WnG
2012;2012-03-12;03:43:00;0,783;19,9;WnG
2012;2012-03-13;04:42:00;0,676;20,9;WnG
2012;2012-03-14;05:41:00;0,561;21,9;TQ
2012;2012-03-15;06:39:00;0,445;22,9;WnC
2012;2012-03-16;07:34:00;0,335;23,9;WnC
2012;2012-03-17;08:26:00;0,235;24,9;WnC
2012;2012-03-18;09:15:00;0,151;25,9;WnC
2012;2012-03-19;10:02:00;0,084;26,9;WnC
2012;2012-03-20;10:46:00;0,036;27,9;WnC
2012;2012-03-21;11:30:00;0,009;28,9;WnC
2012;2012-03-22;12:13:00;0,002;0,2;NM
2012;2012-03-23;12:56:00;0,015;1,2;WxC
2012;2012-03-24;13:39:00;0,047;2,2;WxC
2012;2012-03-25;14:24:00;0,097;3,2;WxC
2012;2012-03-26;15:11:00;0,161;4,2;WxC
2012;2012-03-27;15:59:00;0,239;5,2;WxC
2012;2012-03-28;16:48:00;0,327;6,2;WxC
2012;2012-03-29;17:37:00;0,424;7,2;WxC
2012;2012-03-30;18:27:00;0,525;8,2;FQ
2012;2012-03-31;19:17:00;0,629;9,2;WxG
2012;2012-04-01;21:07:00;0,73;10,2;WxG
2012;2012-04-02;21:57:00;0,824;11,2;WxG
2012;2012-04-03;22:48:00;0,903;12,2;WxG
2012;2012-04-04;23:39:00;0,962;13,2;WxG
2012;2012-04-05;NA;NA;14,2;WxG
2012;2012-04-06;00:33:00;0,994;15,2;FM
2012;2012-04-07;01:29:00;0,995;16,2;WnG
2012;2012-04-08;02:28:00;0,964;17,2;WnG
2012;2012-04-09;03:29:00;0,902;18,2;WnG
2012;2012-04-10;04:30:00;0,816;19,2;WnG
2012;2012-04-11;05:31:00;0,714;20,2;WnG
2012;2012-04-12;06:29:00;0,603;21,2;WnG
2012;2012-04-13;07:23:00;0,49;22,2;TQ
2012;2012-04-14;08:13:00;0,381;23,2;WnC
2012;2012-04-15;09:01:00;0,281;24,2;WnC
2012;2012-04-16;09:45:00;0,193;25,2;WnC
2012;2012-04-17;10:29:00;0,119;26,2;WnC
2012;2012-04-18;11:11:00;0,062;27,2;WnC
2012;2012-04-19;11:54:00;0,023;28,2;WnC
2012;2012-04-20;12:37:00;0,003;29,2;WnC
2012;2012-04-21;13:22:00;0,003;0,4;NM
2012;2012-04-22;14:08:00;0,021;1,4;WxC
2012;2012-04-23;14:55:00;0,058;2,4;WxC
2012;2012-04-24;15:43:00;0,112;3,4;WxC
2012;2012-04-25;16:32:00;0,182;4,4;WxC
2012;2012-04-26;17:22:00;0,265;5,4;WxC
2012;2012-04-27;18:11:00;0,36;6,4;WxC
2012;2012-04-28;18:59:00;0,463;7,4;WxC
2012;2012-04-29;19:48:00;0,571;8,4;FQ
2012;2012-04-30;20:36:00;0,679;9,4;WxG
2012;2012-05-01;21:25:00;0,781;10,4;WxG
2012;2012-05-02;22:17:00;0,872;11,4;WxG
2012;2012-05-03;23:11:00;0,943;12,4;WxG
2012;2012-05-04;NA;NA;13,4;WxG
2012;2012-05-05;00:08:00;0,987;14,4;FM
2012;2012-05-06;01:09:00;0,999;15,4;WnG
2012;2012-05-07;02:11:00;0,978;16,4;WnG
2012;2012-05-08;03:15:00;0,926;17,4;WnG
2012;2012-05-09;04:16:00;0,849;18,4;WnG
2012;2012-05-10;05:14:00;0,754;19,4;WnG
2012;2012-05-11;06:07:00;0,648;20,4;WnG
2012;2012-05-12;06:57:00;0,54;21,4;TQ
2012;2012-05-13;07:43:00;0,433;22,4;WnC
2012;2012-05-14;08:27:00;0,332;23,4;WnC
2012;2012-05-15;09:10:00;0,241;24,4;WnC
2012;2012-05-16;09:53:00;0,161;25,4;WnC
2012;2012-05-17;10:36:00;0,096;26,4;WnC
2012;2012-05-18;11:20:00;0,046;27,4;WnC
2012;2012-05-19;12:05:00;0,014;28,4;WnC
2012;2012-05-20;12:52:00;0;29,4;NM
2012;2012-05-21;13:40:00;0,006;0,8;WxC
2012;2012-05-22;14:29:00;0,032;1,8;WxC
2012;2012-05-23;15:19:00;0,076;2,8;WxC
2012;2012-05-24;16:08:00;0,138;3,8;WxC
2012;2012-05-25;16:56:00;0,217;4,8;WxC
2012;2012-05-26;17:44:00;0,31;5,8;WxC
2012;2012-05-27;18:31:00;0,413;6,8;WxC
2012;2012-05-28;19:18:00;0,524;7,8;FQ
2012;2012-05-29;20:07:00;0,637;8,8;WxG
2012;2012-05-30;20:57:00;0,747;9,8;WxG
2012;2012-05-31;21:51:00;0,845;10,8;WxG
2012;2012-06-01;22:49:00;0,924;11,8;WxG
2012;2012-06-02;23:50:00;0,977;12,8;WxG
2012;2012-06-03;NA;NA;13,8;WxG
2012;2012-06-04;00:53:00;0,999;14,8;FM
2012;2012-06-05;01:56:00;0,989;15,8;WnG
2012;2012-06-06;02:58:00;0,947;16,8;WnG
2012;2012-06-07;03:55:00;0,88;17,8;WnG
2012;2012-06-08;04:48:00;0,795;18,8;WnG
2012;2012-06-09;05:37:00;0,698;19,8;WnG
2012;2012-06-10;06:23:00;0,595;20,8;WnG
2012;2012-06-11;07:07:00;0,491;21,8;TQ
2012;2012-06-12;07:50:00;0,391;22,8;WnC
2012;2012-06-13;08:33:00;0,296;23,8;WnC
2012;2012-06-14;09:17:00;0,211;24,8;WnC
2012;2012-06-15;10:02:00;0,137;25,8;WnC
2012;2012-06-16;10:48:00;0,077;26,8;WnC
2012;2012-06-17;11:36:00;0,033;27,8;WnC
2012;2012-06-18;12:25:00;0,007;28,8;WnC
2012;2012-06-19;13:15:00;0,001;0,1;NM
2012;2012-06-20;14:05:00;0,015;1,1;WxC
2012;2012-06-21;14:54:00;0,05;2,1;WxC
2012;2012-06-22;15:42:00;0,106;3,1;WxC
2012;2012-06-23;16:29:00;0,18;4,1;WxC
2012;2012-06-24;17:16:00;0,271;5,1;WxC
2012;2012-06-25;18:03:00;0,376;6,1;WxC
2012;2012-06-26;18:52:00;0,489;7,1;FQ
2012;2012-06-27;19:43:00;0,605;8,1;WxG
2012;2012-06-28;20:37:00;0,719;9,1;WxG
2012;2012-06-29;21:34:00;0,822;10,1;WxG
2012;2012-06-30;22:35:00;0,906;11,1;WxG
2012;2012-07-01;23:37:00;0,966;12,1;WxG
2012;2012-07-02;NA;NA;13,1;WxG
2012;2012-07-03;00:39:00;0,996;14,1;FM
2012;2012-07-04;01:38:00;0,995;15,1;WnG
2012;2012-07-05;02:34:00;0,965;16,1;WnG
2012;2012-07-06;03:26:00;0,911;17,1;WnG
2012;2012-07-07;04:15:00;0,837;18,1;WnG
2012;2012-07-08;05:01:00;0,75;19,1;WnG
2012;2012-07-09;05:46:00;0,654;20,1;WnG
2012;2012-07-10;06:29:00;0,555;21,1;TQ
2012;2012-07-11;07:13:00;0,456;22,1;WnC
2012;2012-07-12;07:58:00;0,359;23,1;WnC
2012;2012-07-13;08:44:00;0,268;24,1;WnC
2012;2012-07-14;09:31:00;0,187;25,1;WnC
2012;2012-07-15;10:20:00;0,116;26,1;WnC
2012;2012-07-16;11:09:00;0,06;27,1;WnC
2012;2012-07-17;11:59:00;0,022;28,1;WnC
2012;2012-07-18;12:49:00;0,003;29,1;NM
2012;2012-07-19;13:38:00;0,006;0,6;WxC
2012;2012-07-20;14:27:00;0,032;1,6;WxC
2012;2012-07-21;15:14:00;0,081;2,6;WxC
2012;2012-07-22;16:02:00;0,152;3,6;WxC
2012;2012-07-23;16:50:00;0,242;4,6;WxC
2012;2012-07-24;17:40:00;0,346;5,6;WxC
2012;2012-07-25;18:32:00;0,461;6,6;WxC
2012;2012-07-26;19:27:00;0,58;7,6;FQ
2012;2012-07-27;20:24:00;0,695;8,6;WxG
2012;2012-07-28;21:24:00;0,8;9,6;WxG
2012;2012-07-29;22:24:00;0,887;10,6;WxG
2012;2012-07-30;23:24:00;0,951;11,6;WxG
2012;2012-07-31;NA;NA;12,6;WxG
2013;2013-02-10;12:39:00;0,005;0,5;NM
2013;2013-02-11;13:29:00;0,032;1,5;WxC
2013;2013-02-12;14:17:00;0,083;2,5;WxC
2013;2013-02-13;15:04:00;0,152;3,5;WxC
2013;2013-02-14;15:51:00;0,234;4,5;WxC
2013;2013-02-15;16:37:00;0,326;5,5;WxC
2013;2013-02-16;17:24:00;0,422;6,5;WxC
2013;2013-02-17;18:12:00;0,52;7,5;FQ
2013;2013-02-18;18:59:00;0,616;8,5;WxG
2013;2013-02-19;19:48:00;0,708;9,5;WxG
2013;2013-02-20;20:36:00;0,792;10,5;WxG
2013;2013-02-21;21:24:00;0,866;11,5;WxG
2013;2013-02-22;22:11:00;0,927;12,5;WxG
2013;2013-02-23;22:58:00;0,971;13,5;WxG
2013;2013-02-24;23:45:00;0,995;14,5;WxG
2013;2013-02-25;NA;NA;15,5;FM
2013;2013-02-26;00:32:00;0,996;16,5;WnG
2013;2013-02-27;01:20:00;0,973;17,5;WnG
2013;2013-02-28;02:09:00;0,926;18,5;WnG
2013;2013-03-01;03:00:00;0,856;19,5;WnG
2013;2013-03-02;03:53:00;0,766;20,5;WnG
2013;2013-03-03;04:49:00;0,66;21,5;WnG
2013;2013-03-04;05:46:00;0,544;22,5;TQ
2013;2013-03-05;06:45:00;0,426;23,5;WnC
2013;2013-03-06;07:43:00;0,311;24,5;WnC
2013;2013-03-07;08:40:00;0,207;25,5;WnC
2013;2013-03-08;09:35:00;0,12;26,5;WnC
2013;2013-03-09;10:28:00;0,056;27,5;WnC
2013;2013-03-10;11:18:00;0,015;28,5;WnC
2013;2013-03-11;12:07:00;0,001;29,5;NM
2013;2013-03-12;12:55:00;0,013;1;WxC
2013;2013-03-13;13:42:00;0,047;2;WxC
2013;2013-03-14;14:29:00;0,1;3;WxC
2013;2013-03-15;15:16:00;0,169;4;WxC
2013;2013-03-16;16:04:00;0,251;5;WxC
2013;2013-03-17;16:52:00;0,34;6;WxC
2013;2013-03-18;17:40:00;0,436;7;WxC
2013;2013-03-19;18:28:00;0,533;8;FQ
2013;2013-03-20;19:16:00;0,63;9;WxG
2013;2013-03-21;20:03:00;0,723;10;WxG
2013;2013-03-22;20:49:00;0,809;11;WxG
2013;2013-03-23;21:36:00;0,883;12;WxG
2013;2013-03-24;22:23:00;0,943;13;WxG
2013;2013-03-25;23:11:00;0,983;14;WxG
2013;2013-03-26;NA;NA;15;WxG
2013;2013-03-27;00:00:00;0,999;16;FM
2013;2013-03-28;00:52:00;0,988;17;WnG
2013;2013-03-29;01:46:00;0,95;18;WnG
2013;2013-03-30;02:42:00;0,885;19;WnG
2013;2013-03-31;03:40:00;0,798;20;WnG
2013;2013-04-01;04:40:00;0,693;21;WnG
2013;2013-04-02;05:39:00;0,577;22;TQ
2013;2013-04-03;06:36:00;0,459;23;WnC
2013;2013-04-04;07:31:00;0,344;24;WnC
2013;2013-04-05;08:23:00;0,239;25;WnC
2013;2013-04-06;09:13:00;0,15;26;WnC
2013;2013-04-07;11:01:00;0,079;27;WnC
2013;2013-04-08;11:48:00;0,031;28;WnC
2013;2013-04-09;12:35:00;0,005;29;WnC
2013;2013-04-10;13:21:00;0,002;0,4;NM
2013;2013-04-11;14:09:00;0,021;1,4;WxC
2013;2013-04-12;14:56:00;0,06;2,4;WxC
2013;2013-04-13;15:44:00;0,116;3,4;WxC
2013;2013-04-14;16:33:00;0,186;4,4;WxC
2013;2013-04-15;17:21:00;0,268;5,4;WxC
2013;2013-04-16;18:08:00;0,358;6,4;WxC
2013;2013-04-17;18:55:00;0,455;7,4;WxC
2013;2013-04-18;19:41:00;0,555;8,4;FQ
2013;2013-04-19;20:27:00;0,654;9,4;WxG
2013;2013-04-20;21:13:00;0,749;10,4;WxG
2013;2013-04-21;22:00:00;0,837;11,4;WxG
2013;2013-04-22;22:48:00;0,911;12,4;WxG
2013;2013-04-23;23:38:00;0,965;13,4;WxG
2013;2013-04-24;NA;NA;14,4;WxG
2013;2013-04-25;00:32:00;0,995;15,4;FM
2013;2013-04-26;01:28:00;0,997;16,4;WnG
2013;2013-04-27;02:28:00;0,967;17,4;WnG
2013;2013-04-28;03:29:00;0,908;18,4;WnG
2013;2013-04-29;04:30:00;0,824;19,4;WnG
2013;2013-04-30;05:30:00;0,721;20,4;WnG
2013;2013-05-01;06:27:00;0,608;21,4;WnG
2013;2013-05-02;07:20:00;0,491;22,4;TQ
2013;2013-05-03;08:11:00;0,378;23,4;WnC
2013;2013-05-04;08:59:00;0,274;24,4;WnC
2013;2013-05-05;09:46:00;0,182;25,4;WnC
2013;2013-05-06;10:32:00;0,107;26,4;WnC
2013;2013-05-07;11:17:00;0,051;27,4;WnC
2013;2013-05-08;12:04:00;0,016;28,4;WnC
2013;2013-05-09;12:51:00;0,001;29,4;NM
2013;2013-05-10;13:39:00;0,006;0,7;WxC
2013;2013-05-11;14:27:00;0,031;1,7;WxC
2013;2013-05-12;15:15:00;0,075;2,7;WxC
2013;2013-05-13;16:03:00;0,134;3,7;WxC
2013;2013-05-14;16:50:00;0,207;4,7;WxC
2013;2013-05-15;17:36:00;0,292;5,7;WxC
2013;2013-05-16;18:21:00;0,386;6,7;WxC
2013;2013-05-17;19:06:00;0,487;7,7;FQ
2013;2013-05-18;19:51:00;0,591;8,7;WxG
2013;2013-05-19;20:37:00;0,694;9,7;WxG
2013;2013-05-20;21:25:00;0,791;10,7;WxG
2013;2013-05-21;22:16:00;0,877;11,7;WxG
2013;2013-05-22;23:11:00;0,945;12,7;WxG
2013;2013-05-23;NA;NA;13,7;WxG
2013;2013-05-24;00:09:00;0,987;14,7;FM
2013;2013-05-25;01:10:00;1;15,7;WnG
2013;2013-05-26;02:13:00;0,979;16,7;WnG
2013;2013-05-27;03:16:00;0,927;17,7;WnG
2013;2013-05-28;04:16:00;0,849;18,7;WnG
2013;2013-05-29;05:13:00;0,751;19,7;WnG
2013;2013-05-30;06:06:00;0,642;20,7;WnG
2013;2013-05-31;06:56:00;0,529;21,7;TQ
2013;2013-06-01;07:44:00;0,418;22,7;WnC
2013;2013-06-02;08:30:00;0,314;23,7;WnC
2013;2013-06-03;09:16:00;0,221;24,7;WnC
2013;2013-06-04;10:02:00;0,142;25,7;WnC
2013;2013-06-05;10:48:00;0,079;26,7;WnC
2013;2013-06-06;11:36:00;0,034;27,7;WnC
2013;2013-06-07;12:24:00;0,008;28,7;WnC
2013;2013-06-08;13:12:00;0,001;0,1;NM
2013;2013-06-09;14:00:00;0,013;1,1;WxC
2013;2013-06-10;14:47:00;0,045;2,1;WxC
2013;2013-06-11;15:33:00;0,093;3,1;WxC
2013;2013-06-12;16:18:00;0,158;4,1;WxC
2013;2013-06-13;17:03:00;0,237;5,1;WxC
2013;2013-06-14;17:47:00;0,329;6,1;WxC
2013;2013-06-15;18:32:00;0,429;7,1;WxC
2013;2013-06-16;19:17:00;0,536;8,1;FQ
2013;2013-06-17;20:05:00;0,644;9,1;WxG
2013;2013-06-18;20:56:00;0,75;10,1;WxG
2013;2013-06-19;21:51:00;0,845;11,1;WxG
2013;2013-06-20;22:50:00;0,923;12,1;WxG
2013;2013-06-21;23:52:00;0,976;13,1;WxG
2013;2013-06-22;NA;NA;14,1;WxG
2013;2013-06-23;00:55:00;0,998;15,1;FM
2013;2013-06-24;01:58:00;0,987;16,1;WnG
2013;2013-06-25;02:59:00;0,944;17,1;WnG
2013;2013-06-26;03:56:00;0,874;18,1;WnG
2013;2013-06-27;04:49:00;0,784;19,1;WnG
2013;2013-06-28;05:39:00;0,681;20,1;WnG
2013;2013-06-29;06:27:00;0,573;21,1;TQ
2013;2013-06-30;07:14:00;0,465;22,1;WnC
2013;2013-07-01;08:00:00;0,362;23,1;WnC
2013;2013-07-02;08:46:00;0,268;24,1;WnC
2013;2013-07-03;09:33:00;0,184;25,1;WnC
2013;2013-07-04;10:21:00;0,114;26,1;WnC
2013;2013-07-05;11:09:00;0,06;27,1;WnC
2013;2013-07-06;11:57:00;0,023;28,1;WnC
2013;2013-07-07;12:44:00;0,004;29,1;WnC
2013;2013-07-08;13:31:00;0,004;0,4;NM
2013;2013-07-09;14:17:00;0,024;1,4;WxC
2013;2013-07-10;15:02:00;0,062;2,4;WxC
2013;2013-07-11;15:46:00;0,119;3,4;WxC
2013;2013-07-12;16:30:00;0,193;4,4;WxC
2013;2013-07-13;17:15:00;0,281;5,4;WxC
2013;2013-07-14;18:01:00;0,381;6,4;WxC
2013;2013-07-15;18:49:00;0,49;7,4;FQ
2013;2013-07-16;19:40:00;0,603;8,4;WxG
2013;2013-07-17;20:35:00;0,714;9,4;WxG
2013;2013-07-18;21:34:00;0,817;10,4;WxG
2013;2013-07-19;22:35:00;0,902;11,4;WxG
2013;2013-07-20;23:38:00;0,964;12,4;WxG
2013;2013-07-21;NA;NA;13,4;WxG
2013;2013-07-22;00:39:00;0,995;14,4;FM
2013;2013-07-23;01:39:00;0,993;15,4;WnG
2013;2013-07-24;02:35:00;0,961;16,4;WnG
2013;2013-07-25;03:28:00;0,901;17,4;WnG
2013;2013-07-26;04:19:00;0,821;18,4;WnG
2013;2013-07-27;05:07:00;0,727;19,4;WnG
2013;2013-07-28;05:55:00;0,626;20,4;WnG
2013;2013-07-29;06:42:00;0,522;21,4;TQ
2013;2013-07-30;07:30:00;0,42;22,4;WnC
2013;2013-07-31;08:17:00;0,324;23,4;WnC
2015;2015-02-18;12:03:00;0,002;NA;NM
2015;2015-02-19;13:00:00;0,011;0,8;WxC
2015;2015-02-20;13:56:00;0,054;1,8;WxC
2015;2015-02-21;14:51:00;0,123;2,8;WxC
2015;2015-02-22;15:45:00;0,214;3,8;WxC
2015;2015-02-23;16:39:00;0,318;4,8;WxC
2015;2015-02-24;17:32:00;0,428;5,8;WxC
2015;2015-02-25;18:24:00;0,537;6,8;FQ
2015;2015-02-26;19:16:00;0,641;7,8;WxG
2015;2015-02-27;20:06:00;0,736;8,8;WxG
2015;2015-02-28;20:54:00;0,82;9,8;WxG
2015;2015-03-01;21:41:00;0,889;10,8;WxG
2015;2015-03-02;22:27:00;0,943;11,8;WxG
2015;2015-03-03;23:11:00;0,979;12,8;WxG
2015;2015-03-04;23:54:00;0,998;13,8;WxG
2015;2015-03-05;NA;NA;14,8;FM
2015;2015-03-06;00:36:00;0,997;15,8;WnG
2015;2015-03-07;01:19:00;0,978;16,8;WnG
2015;2015-03-08;02:02:00;0,94;17,8;WnG
2015;2015-03-09;02:46:00;0,885;18,8;WnG
2015;2015-03-10;03:31:00;0,813;19,8;WnG
2015;2015-03-11;04:19:00;0,727;20,8;WnG
2015;2015-03-12;05:08:00;0,629;21,8;WnG
2015;2015-03-13;06:01:00;0,522;22,8;TQ
2015;2015-03-14;06:55:00;0,411;23,8;WnC
2015;2015-03-15;07:51:00;0,3;24,8;WnC
2015;2015-03-16;08:48:00;0,197;25,8;WnC
2015;2015-03-17;09:44:00;0,108;26,8;WnC
2015;2015-03-18;10:41:00;0,043;27,8;WnC
2015;2015-03-19;11:38:00;0,006;28,8;WnC
2015;2015-03-20;12:34:00;0,003;0,4;NM
2015;2015-03-21;13:29:00;0,032;1,4;WxC
2015;2015-03-22;14:25:00;0,089;2,4;WxC
2015;2015-03-23;15:20:00;0,169;3,4;WxC
2015;2015-03-24;16:15:00;0,264;4,4;WxC
2015;2015-03-25;17:08:00;0,367;5,4;WxC
2015;2015-03-26;18:00:00;0,473;6,4;WxC
2015;2015-03-27;18:50:00;0,577;7,4;FQ
2015;2015-03-28;19:38:00;0,674;8,4;WxG
2015;2015-03-29;20:24:00;0,763;9,4;WxG
2015;2015-03-30;21:09:00;0,841;10,4;WxG
2015;2015-03-31;21:52:00;0,905;11,4;WxG
2015;2015-04-01;22:35:00;0,954;12,4;WxG
2015;2015-04-02;23:17:00;0,986;13,4;WxG
2015;2015-04-03;NA;NA;14,4;WxG
2015;2015-04-04;00:00:00;1;15,4;FM
2015;2015-04-05;00:44:00;0,994;16,4;WnG
2015;2015-04-06;02:29:00;0,968;17,4;WnG
2015;2015-04-07;03:16:00;0,922;18,4;WnG
2015;2015-04-08;04:05:00;0,857;19,4;WnG
2015;2015-04-09;04:57:00;0,775;20,4;WnG
2015;2015-04-10;05:49:00;0,678;21,4;WnG
2015;2015-04-11;06:43:00;0,57;22,4;TQ
2015;2015-04-12;07:38:00;0,455;23,4;WnC
2015;2015-04-13;08:33:00;0,34;24,4;WnC
2015;2015-04-14;09:28:00;0,231;25,4;WnC
2015;2015-04-15;10:22:00;0,136;26,4;WnC
2015;2015-04-16;11:17:00;0,062;27,4;WnC
2015;2015-04-17;12:12:00;0,015;28,4;WnC
2015;2015-04-18;13:07:00;0;29,4;NM
2015;2015-04-19;14:03:00;0,016;1;WxC
2015;2015-04-20;15:00:00;0,06;2;WxC
2015;2015-04-21;15:55:00;0,127;3;WxC
2015;2015-04-22;16:50:00;0,211;4;WxC
2015;2015-04-23;17:42:00;0,306;5;WxC
2015;2015-04-24;18:32:00;0,406;6;WxC
2015;2015-04-25;19:20:00;0,507;7;FQ
2015;2015-04-26;20:05:00;0,606;8;WxG
2015;2015-04-27;20:49:00;0,699;9;WxG
2015;2015-04-28;21:32:00;0,784;10;WxG
2015;2015-04-29;22:14:00;0,858;11;WxG
2015;2015-04-30;22:57:00;0,919;12;WxG
2015;2015-05-01;23:40:00;0,965;13;WxG
2015;2015-05-02;NA;NA;14;WxG
2015;2015-05-03;00:25:00;0,992;15;FM
2015;2015-05-04;01:12:00;0,999;16;WnG
2015;2015-05-05;02:02:00;0,985;17;WnG
2015;2015-05-06;02:53:00;0,948;18;WnG
2015;2015-05-07;03:46:00;0,889;19;WnG
2015;2015-05-08;04:40:00;0,81;20;WnG
2015;2015-05-09;05:34:00;0,714;21;WnG
2015;2015-05-10;06:28:00;0,605;22;WnG
2015;2015-05-11;07:22:00;0,488;23;TQ
2015;2015-05-12;08:15:00;0,37;24;WnC
2015;2015-05-13;09:07:00;0,259;25;WnC
2015;2015-05-14;10:00:00;0,16;26;WnC
2015;2015-05-15;10:54:00;0,081;27;WnC
2015;2015-05-16;11:48:00;0,028;28;WnC
2015;2015-05-17;12:44:00;0,003;29;NM
2015;2015-05-18;13:40:00;0,007;0,6;WxC
2015;2015-05-19;14:36:00;0,037;1,6;WxC
2015;2015-05-20;15:30:00;0,091;2,6;WxC
2015;2015-05-21;16:22:00;0,162;3,6;WxC
2015;2015-05-22;17:12:00;0,246;4,6;WxC
2015;2015-05-23;17:59:00;0,339;5,6;WxC
2015;2015-05-24;18:44:00;0,436;6,6;WxC
2015;2015-05-25;19:28:00;0,534;7,6;FQ
2015;2015-05-26;20:10:00;0,63;8,6;WxG
2015;2015-05-27;20:52:00;0,721;9,6;WxG
2015;2015-05-28;21:35:00;0,804;10,6;WxG
2015;2015-05-29;22:20:00;0,877;11,6;WxG
2015;2015-05-30;23:06:00;0,936;12,6;WxG
2015;2015-05-31;23:54:00;0,977;13,6;WxG
2015;2015-06-01;NA;NA;14,6;WxG
2015;2015-06-02;00:45:00;0,997;15,6;FM
2015;2015-06-03;01:39:00;0,994;16,6;WnG
2015;2015-06-04;02:34:00;0,965;17,6;WnG
2015;2015-06-05;03:29:00;0,912;18,6;WnG
2015;2015-06-06;04:24:00;0,836;19,6;WnG
2015;2015-06-07;05:19:00;0,741;20,6;WnG
2015;2015-06-08;06:12:00;0,631;21,6;WnG
2015;2015-06-09;07:04:00;0,514;22,6;TQ
2015;2015-06-10;07:56:00;0,395;23,6;WnC
2015;2015-06-11;08:48:00;0,283;24,6;WnC
2015;2015-06-12;09:40:00;0,183;25,6;WnC
2015;2015-06-13;10:34:00;0,102;26,6;WnC
2015;2015-06-14;11:28:00;0,043;27,6;WnC
2015;2015-06-15;12:23:00;0,01;28,6;WnC
2015;2015-06-16;13:18:00;0,002;0,2;NM
2015;2015-06-17;14:11:00;0,02;1,2;WxC
2015;2015-06-18;15:03:00;0,059;2,2;WxC
2015;2015-06-19;15:51:00;0,117;3,2;WxC
2015;2015-06-20;16:38:00;0,19;4,2;WxC
2015;2015-06-21;17:22:00;0,274;5,2;WxC
2015;2015-06-22;18:05:00;0,365;6,2;WxC
2015;2015-06-23;18:48:00;0,461;7,2;WxC
2015;2015-06-24;19:30:00;0,558;8,2;FQ
2015;2015-06-25;20:13:00;0,655;9,2;WxG
2015;2015-06-26;20:58:00;0,746;10,2;WxG
2015;2015-06-27;21:45:00;0,83;11,2;WxG
2015;2015-06-28;22:35:00;0,901;12,2;WxG
2015;2015-06-29;23:28:00;0,956;13,2;WxG
2015;2015-06-30;NA;NA;14,2;WxG
2015;2015-07-01;00:22:00;0,989;15,2;FM
2015;2015-07-02;01:19:00;0,998;16,2;WnG
2015;2015-07-03;02:16:00;0,978;17,2;WnG
2015;2015-07-04;03:12:00;0,931;18,2;WnG
2015;2015-07-05;04:07:00;0,858;19,2;WnG
2015;2015-07-06;05:01:00;0,764;20,2;WnG
2015;2015-07-07;05:53:00;0,655;21,2;WnG
2015;2015-07-08;06:45:00;0,538;22,2;TQ
2015;2015-07-09;07:37:00;0,42;23,2;WnC
2015;2015-07-10;08:30:00;0,308;24,2;WnC
2015;2015-07-11;09:23:00;0,208;25,2;WnC
2015;2015-07-12;10:16:00;0,124;26,2;WnC
2015;2015-07-13;11:10:00;0,061;27,2;WnC
2015;2015-07-14;12:03:00;0,02;28,2;WnC
2015;2015-07-15;12:55:00;0,003;29,2;NM
2015;2015-07-16;13:44:00;0,008;0,7;WxC
2015;2015-07-17;14:32:00;0,034;1,7;WxC
2015;2015-07-18;15:17:00;0,078;2,7;WxC
2015;2015-07-19;16:01:00;0,139;3,7;WxC
2015;2015-07-20;16:44:00;0,213;4,7;WxC
2015;2015-07-21;17:26:00;0,298;5,7;WxC
2015;2015-07-22;18:08:00;0,391;6,7;WxC
2015;2015-07-23;18:52:00;0,488;7,7;FQ
2015;2015-07-24;19:37:00;0,588;8,7;WxG
2015;2015-07-25;20:25:00;0,687;9,7;WxG
2015;2015-07-26;21:15:00;0,781;10,7;WxG
2015;2015-07-27;22:08:00;0,864;11,7;WxG
2015;2015-07-28;23:04:00;0,932;12,7;WxG
2015;2015-07-29;NA;NA;13,7;WxG
2015;2015-07-30;00:01:00;0,979;14,7;WxG
2015;2015-07-31;00:59:00;0,998;15,7;FM
2016;2016-02-08;12:26:00;0,001;0,5;NM
2016;2016-02-09;13:21:00;0,021;1,5;WxC
2016;2016-02-10;14:15:00;0,071;2,5;WxC
2016;2016-02-11;15:09:00;0,146;3,5;WxC
2016;2016-02-12;16:03:00;0,242;4,5;WxC
2016;2016-02-13;16:56:00;0,352;5,5;WxC
2016;2016-02-14;17:51:00;0,469;6,5;WxC
2016;2016-02-15;18:45:00;0,585;7,5;FQ
2016;2016-02-16;19:40:00;0,694;8,5;WxG
2016;2016-02-17;20:34:00;0,791;9,5;WxG
2016;2016-02-18;21:27:00;0,872;10,5;WxG
2016;2016-02-19;22:19:00;0,935;11,5;WxG
2016;2016-02-20;23:08:00;0,977;12,5;WxG
2016;2016-02-21;23:55:00;0,997;13,5;WxG
2016;2016-02-22;NA;NA;14,5;FM
2016;2016-02-23;00:41:00;0,997;15,5;WnG
2016;2016-02-24;01:24:00;0,976;16,5;WnG
2016;2016-02-25;02:07:00;0,938;17,5;WnG
2016;2016-02-26;02:50:00;0,882;18,5;WnG
2016;2016-02-27;03:33:00;0,813;19,5;WnG
2016;2016-02-28;04:17:00;0,732;20,5;WnG
2016;2016-02-29;05:02:00;0,641;21,5;WnG
2016;2016-03-01;05:48:00;0,543;22,5;TQ
2016;2016-03-02;06:37:00;0,442;23,5;WnC
2016;2016-03-03;07:28:00;0,34;24,5;WnC
2016;2016-03-04;08:21:00;0,241;25,5;WnC
2016;2016-03-05;09:15:00;0,152;26,5;WnC
2016;2016-03-06;10:09:00;0,078;27,5;WnC
2016;2016-03-07;11:05:00;0,026;28,5;WnC
2016;2016-03-08;12:00:00;0,001;29,5;NM
2016;2016-03-09;12:55:00;0,008;0,7;WxC
2016;2016-03-10;13:51:00;0,048;1,7;WxC
2016;2016-03-11;14:47:00;0,115;2,7;WxC
2016;2016-03-12;15:43:00;0,206;3,7;WxC
2016;2016-03-13;16:39:00;0,312;4,7;WxC
2016;2016-03-14;17:35:00;0,426;5,7;WxC
2016;2016-03-15;18:30:00;0,54;6,7;FQ
2016;2016-03-16;19:24:00;0,648;7,7;WxG
2016;2016-03-17;20:16:00;0,747;8,7;WxG
2016;2016-03-18;21:05:00;0,832;9,7;WxG
2016;2016-03-19;21:52:00;0,902;10,7;WxG
2016;2016-03-20;22:38:00;0,953;11,7;WxG
2016;2016-03-21;23:22:00;0,986;12,7;WxG
2016;2016-03-22;NA;NA;13,7;WxG
2016;2016-03-23;00:05:00;1;14,7;FM
2016;2016-03-24;00:47:00;0,994;15,7;WnG
2016;2016-03-25;01:30:00;0,969;16,7;WnG
2016;2016-03-26;02:14:00;0,927;17,7;WnG
2016;2016-03-27;02:58:00;0,868;18,7;WnG
2016;2016-03-28;03:44:00;0,795;19,7;WnG
2016;2016-03-29;04:31:00;0,709;20,7;WnG
2016;2016-03-30;05:20:00;0,614;21,7;WnG
2016;2016-03-31;06:11:00;0,51;22,7;TQ
2016;2016-04-01;07:02:00;0,403;23,7;WnC
2016;2016-04-02;07:55:00;0,297;24,7;WnC
2016;2016-04-03;09:49:00;0,197;25,7;WnC
2016;2016-04-04;10:43:00;0,111;26,7;WnC
2016;2016-04-05;11:37:00;0,045;27,7;WnC
2016;2016-04-06;12:33:00;0,008;28,7;WnC
2016;2016-04-07;13:29:00;0,002;0,3;NM
2016;2016-04-08;14:27:00;0,03;1,3;WxC
2016;2016-04-09;15:25:00;0,089;2,3;WxC
2016;2016-04-10;16:24:00;0,171;3,3;WxC
2016;2016-04-11;17:21:00;0,27;4,3;WxC
2016;2016-04-12;18:18:00;0,379;5,3;WxC
2016;2016-04-13;19:11:00;0,489;6,3;FQ
2016;2016-04-14;20:02:00;0,596;7,3;WxG
2016;2016-04-15;20:50:00;0,696;8,3;WxG
2016;2016-04-16;21:36:00;0,785;9,3;WxG
2016;2016-04-17;22:21:00;0,86;10,3;WxG
2016;2016-04-18;23:04:00;0,921;11,3;WxG
2016;2016-04-19;23:46:00;0,965;12,3;WxG
2016;2016-04-20;NA;NA;13,3;WxG
2016;2016-04-21;00:28:00;0,991;14,3;FM
2016;2016-04-22;01:12:00;0,999;15,3;WnG
2016;2016-04-23;01:56:00;0,988;16,3;WnG
2016;2016-04-24;02:41:00;0,958;17,3;WnG
2016;2016-04-25;03:28:00;0,909;18,3;WnG
2016;2016-04-26;04:16:00;0,844;19,3;WnG
2016;2016-04-27;05:06:00;0,764;20,3;WnG
2016;2016-04-28;05:57:00;0,67;21,3;WnG
2016;2016-04-29;06:48:00;0,566;22,3;TQ
2016;2016-04-30;07:39:00;0,456;23,3;WnC
2016;2016-05-01;08:31:00;0,344;24,3;WnC
2016;2016-05-02;09:23:00;0,237;25,3;WnC
2016;2016-05-03;10:17:00;0,142;26,3;WnC
2016;2016-05-04;11:11:00;0,066;27,3;WnC
2016;2016-05-05;12:08:00;0,018;28,3;WnC
2016;2016-05-06;13:06:00;0,001;29,3;NM
2016;2016-05-07;14:05:00;0,018;0,9;WxC
2016;2016-05-08;15:05:00;0,065;1,9;WxC
2016;2016-05-09;16:04:00;0,137;2,9;WxC
2016;2016-05-10;17:01:00;0,227;3,9;WxC
2016;2016-05-11;17:55:00;0,327;4,9;WxC
2016;2016-05-12;18:46:00;0,432;5,9;WxC
2016;2016-05-13;19:33:00;0,537;6,9;FQ
2016;2016-05-14;20:19:00;0,637;7,9;WxG
2016;2016-05-15;21:02:00;0,729;8,9;WxG
2016;2016-05-16;21:45:00;0,811;9,9;WxG
2016;2016-05-17;22:27:00;0,881;10,9;WxG
2016;2016-05-18;23:10:00;0,936;11,9;WxG
2016;2016-05-19;23:53:00;0,974;12,9;WxG
2016;2016-05-20;NA;NA;13,9;WxG
2016;2016-05-21;00:39:00;0,995;14,9;FM
2016;2016-05-22;01:25:00;0,996;15,9;WnG
2016;2016-05-23;02:14:00;0,978;16,9;WnG
2016;2016-05-24;03:03:00;0,939;17,9;WnG
2016;2016-05-25;03:54:00;0,881;18,9;WnG
2016;2016-05-26;04:45:00;0,805;19,9;WnG
2016;2016-05-27;05:36:00;0,713;20,9;WnG
2016;2016-05-28;06:26:00;0,609;21,9;WnG
2016;2016-05-29;07:17:00;0,496;22,9;TQ
2016;2016-05-30;08:08:00;0,381;23,9;WnC
2016;2016-05-31;09:00:00;0,269;24,9;WnC
2016;2016-06-01;09:54:00;0,168;25,9;WnC
2016;2016-06-02;10:49:00;0,086;26,9;WnC
2016;2016-06-03;11:47:00;0,03;27,9;WnC
2016;2016-06-04;12:46:00;0,004;28,9;NM
2016;2016-06-05;13:46:00;0,009;0,6;WxC
2016;2016-06-06;14:45:00;0,044;1,6;WxC
2016;2016-06-07;15:42:00;0,104;2,6;WxC
2016;2016-06-08;16:36:00;0,182;3,6;WxC
2016;2016-06-09;17:26:00;0,273;4,6;WxC
2016;2016-06-10;18:14:00;0,371;5,6;WxC
2016;2016-06-11;18:59:00;0,472;6,6;WxC
2016;2016-06-12;19:42:00;0,572;7,6;FQ
2016;2016-06-13;20:25:00;0,667;8,6;WxG
2016;2016-06-14;21:07:00;0,755;9,6;WxG
2016;2016-06-15;21:50:00;0,833;10,6;WxG
2016;2016-06-16;22:35:00;0,899;11,6;WxG
2016;2016-06-17;23:21:00;0,95;12,6;WxG
2016;2016-06-18;NA;NA;13,6;WxG
2016;2016-06-19;00:09:00;0,984;14,6;WxG
2016;2016-06-20;00:59:00;0,998;15,6;FM
2016;2016-06-21;01:50:00;0,991;16,6;WnG
2016;2016-06-22;02:41:00;0,961;17,6;WnG
2016;2016-06-23;03:33:00;0,91;18,6;WnG
2016;2016-06-24;04:24:00;0,837;19,6;WnG
2016;2016-06-25;05:15:00;0,746;20,6;WnG
2016;2016-06-26;06:05:00;0,641;21,6;WnG
2016;2016-06-27;06:56:00;0,527;22,6;TQ
2016;2016-06-28;07:47:00;0,409;23,6;WnC
2016;2016-06-29;08:40:00;0,294;24,6;WnC
2016;2016-06-30;09:35:00;0,19;25,6;WnC
2016;2016-07-01;10:32:00;0,104;26,6;WnC
2016;2016-07-02;11:30:00;0,042;27,6;WnC
2016;2016-07-03;12:29:00;0,008;28,6;WnC
2016;2016-07-04;13:27:00;0,003;0,3;NM
2016;2016-07-05;14:23:00;0,025;1,3;WxC
2016;2016-07-06;15:16:00;0,072;2,3;WxC
2016;2016-07-07;16:05:00;0,138;3,3;WxC
2016;2016-07-08;16:52:00;0,218;4,3;WxC
2016;2016-07-09;17:37:00;0,308;5,3;WxC
2016;2016-07-10;18:20:00;0,404;6,3;WxC
2016;2016-07-11;19:03:00;0,502;7,3;FQ
2016;2016-07-12;19:46:00;0,599;8,3;WxG
2016;2016-07-13;20:30:00;0,692;9,3;WxG
2016;2016-07-14;21:15:00;0,779;10,3;WxG
2016;2016-07-15;22:02:00;0,856;11,3;WxG
2016;2016-07-16;22:51:00;0,919;12,3;WxG
2016;2016-07-17;23:42:00;0,966;13,3;WxG
2016;2016-07-18;NA;NA;14,3;WxG
2016;2016-07-19;00:34:00;0,993;15,3;FM
2016;2016-07-20;01:26:00;0,998;16,3;WnG
2016;2016-07-21;02:19:00;0,977;17,3;WnG
2016;2016-07-22;03:11:00;0,932;18,3;WnG
2016;2016-07-23;04:02:00;0,862;19,3;WnG
2016;2016-07-24;04:54:00;0,773;20,3;WnG
2016;2016-07-25;05:45:00;0,667;21,3;WnG
2016;2016-07-26;06:37:00;0,551;22,3;TQ
2016;2016-07-27;07:30:00;0,432;23,3;WnC
2016;2016-07-28;08:25:00;0,316;24,3;WnC
2016;2016-07-29;09:21:00;0,211;25,3;WnC
2016;2016-07-30;10:18:00;0,123;26,3;WnC
2016;2016-07-31;11:15:00;0,057;27,3;WnC