Year;Site;Nest;ID;FD;LD;ED;F
2006;A;1;2006A1;2006-05-02;2006-04-27;2006-05-12;ABAN
2006;A;2;2006A2;2006-05-05;2006-04-27;2006-06-01;UNHATCH
2006;A;3;2006A3;2006-05-05;2006-05-06;2006-05-19;PRED
2006;A;4;2006A4;2006-05-07;2006-05-04;2006-06-07;UNHATCH
2006;A;5;2006A5;2006-05-08;2006-05-04;2006-05-29;HATCH
2006;A;6;2006A6;2006-05-08;2006-05-05;2006-05-09;PRED
2006;A;7;2006A7;2006-05-08;2006-05-06;2006-05-31;HATCH
2006;A;8;2006A8;2006-05-16;2006-05-05;2006-05-21;PRED
2006;A;101;2006A101;2006-05-12;2006-05-12;2006-06-06;HATCH
2006;A;102;2006A102;2006-05-12;2006-05-07;2006-05-19;PRED
2006;A;103;2006A103;2006-05-13;2006-05-11;2006-06-05;HATCH
2006;A;104;2006A104;2006-05-13;2006-05-16;2006-06-10;HATCH
2006;A;105;2006A105;2006-05-13;2006-05-03;2006-05-23;PRED
2006;A;106;2006A106;2006-05-13;2006-05-10;2006-05-23;PRED
2006;B;1;2006B1;2006-05-02;2006-05-01;2006-05-26;HATCH
2006;B;2;2006B2;2006-05-02;2006-05-04;2006-05-29;HATCH
2006;B;3;2006B3;2006-05-03;2006-04-25;2006-05-13;ABAN
2006;B;4;2006B4;2006-05-07;2006-05-08;2006-06-02;HATCH
2006;B;5;2006B5;2006-05-08;2006-05-11;2006-06-05;HATCH
2006;B;6;2006B6;2006-05-14;2006-05-11;2006-06-05;HATCH
2006;B;7;2006B7;2006-05-17;2006-05-14;2006-06-08;HATCH
2006;B;8;2006B8;2006-05-27;2006-05-17;2006-06-11;HATCH
2006;B;9;2006B9;2006-06-01;2006-05-21;2006-06-07;ABAN
2006;B;101;2006B101;2006-05-04;2006-05-01;2006-05-09;PRED
2006;B;102;2006B102;2006-05-12;2006-05-07;2006-05-19;PRED
2006;B;207;2006B207;2006-06-06;2006-05-24;2006-06-18;HATCH
2006;B;208;2006B208;2006-06-07;2006-05-13;2006-06-07;HATCH
2006;B;209;2006B209;2006-06-07;2006-05-13;2006-06-07;HATCH
2006;C;1;2006C1;2006-05-03;2006-04-24;2006-05-19;HATCH
2006;C;2;2006C2;2006-05-07;2006-05-06;2006-05-10;PRED
2006;C;3;2006C3;2006-05-07;2006-04-29;2006-05-20;PRED
2006;C;4;2006C4;2006-05-08;2006-05-03;2006-05-08;ABAN
2006;C;5;2006C5;2006-05-12;2006-05-09;2006-06-03;HATCH
2006;C;6;2006C6;2006-05-12;2006-05-07;2006-06-10;UNHATCH
2006;C;7;2006C7;2006-05-12;2006-05-08;2006-06-02;HATCH
2006;C;8;2006C8;2006-05-13;2006-05-07;2006-06-08;HATCH
2006;C;9;2006C9;2006-05-13;2006-05-10;2006-06-13;UNHATCH
2006;C;10;2006C10;2006-05-13;2006-05-18;2006-06-12;HATCH
2006;C;11;2006C11;2006-05-14;2006-05-13;2006-05-27;PRED
2006;C;12;2006C12;2006-05-16;2006-05-14;2006-06-08;HATCH
2006;C;13;2006C13;2006-05-20;2006-05-22;2006-06-16;HATCH
2006;C;14;2006C14;2006-05-20;2006-05-17;2006-05-26;PRED
2006;C;15;2006C15;2006-05-23;2006-05-15;2006-06-18;UNHATCH
2006;C;16;2006C16;2006-05-23;2006-05-21;2006-06-15;HATCH
2006;C;17;2006C17;2006-06-02;2006-06-03;2006-06-22;PRED
2006;C;18;2006C18;2006-06-08;2006-06-09;2006-06-22;PRED
2006;C;19;2006C19;2006-06-10;2006-06-07;2006-06-20;PRED
2006;C;20;2006C20;2006-06-11;2006-06-08;2006-07-03;HATCH
2006;C;21;2006C21;2006-06-14;2006-06-18;2006-06-30;ABAN
2006;C;22;2006C22;2006-06-16;2006-06-20;2006-07-10;UNKNOWN
2006;C;23;2006C23;2006-06-22;2006-06-22;NA;UNKNOWN
2006;C;24;2006C24;2006-06-22;2006-06-21;NA;UNKNOWN
2006;C;25;2006C25;2006-06-22;2006-06-19;2006-07-03;ABAN
2006;C;26;2006C26;2006-06-23;2006-06-26;NA;UNKNOWN
2006;C;27;2006C27;2006-06-23;2006-06-15;NA;UNKNOWN
2006;C;28;2006C28;2006-06-23;2006-06-20;NA;UNKNOWN
2006;C;29;2006C29;2006-06-23;2006-06-20;NA;UNKNOWN
2006;C;30;2006C30;2006-06-23;2006-06-12;2006-07-07;HATCH
2006;C;31;2006C31;2006-06-23;2006-06-13;NA;UNKNOWN
2006;C;32;2006C32;2006-06-23;2006-06-20;NA;UNKNOWN
2006;C;33;2006C33;2006-06-26;2006-06-18;NA;UNKNOWN
2006;C;34;2006C34;2006-06-29;2006-06-26;NA;UNKNOWN
2006;C;35;2006C35;2006-07-09;2006-06-28;NA;UNKNOWN
2006;C;36;2006C36;2006-07-09;2006-07-01;NA;UNKNOWN
2006;C;37;2006C37;2006-07-09;2006-07-01;NA;UNKNOWN
2006;C;38;2006C38;2006-07-09;2006-06-28;NA;UNKNOWN
2006;C;39;2006C39;2006-07-09;2006-07-04;NA;UNKNOWN
2006;C;101;2006C101;2006-05-03;NA;2006-05-03;ABAN
2006;C;103;2006C103;2006-05-03;2006-04-28;2006-05-05;PRED
2006;C;104;2006C104;2006-05-04;2006-04-29;2006-05-04;ABAN
2006;C;105;2006C105;2006-05-05;2006-05-02;2006-05-27;HATCH
2006;C;106;2006C106;2006-05-12;2006-05-12;2006-05-27;PRED
2006;C;107;2006C107;2006-05-14;2006-05-06;2006-06-01;HATCH
2006;C;108;2006C108;2006-05-20;2006-05-17;2006-06-10;UNKNOWN
2006;C;109;2006C109;2006-05-20;2006-05-17;2006-06-02;PRED
2006;C;110;2006C110;2006-05-21;2006-05-13;2006-06-07;PRED
2006;C;111;2006C111;2006-05-24;2006-05-16;2006-06-04;HATCH
2006;C;112;2006C112;2006-05-24;2006-05-20;2006-06-14;HATCH
2006;C;113;2006C113;2006-06-06;2006-06-05;2006-06-30;HATCH
2006;C;201;2006C201;2006-06-06;2006-06-08;2006-07-10;UNHATCH
2006;C;205;2006C205;2006-06-06;2006-06-01;2006-06-14;ABAN
2006;C;206;2006C206;2006-06-06;2006-05-20;2006-06-14;HATCH
2006;C;210;2006C210;2006-06-07;2006-06-01;2006-06-26;HATCH
2006;C;211;2006C211;2006-06-07;2006-05-31;2006-06-25;HATCH
2006;C;212;2006C212;2006-06-07;2006-06-06;2006-06-16;PRED
2006;C;213;2006C213;2006-06-07;2006-05-25;2006-06-19;HATCH
2006;C;214;2006C214;2006-06-07;2006-05-30;2006-06-19;UNKNOWN
2006;D;1;2006D1;2006-05-03;2006-04-24;2006-05-19;HATCH
2006;D;2;2006D2;2006-05-03;2006-05-02;2006-05-27;HATCH
2006;D;3;2006D3;2006-05-12;2006-05-07;2006-05-31;PRED
2006;D;4;2006D4;2006-05-14;2006-05-15;2006-06-09;HATCH
2006;D;5;2006D5;2006-05-16;2006-05-15;2006-06-10;PRED
2006;D;6;2006D6;2006-05-16;2006-04-30;2006-05-25;HATCH
2006;D;7;2006D7;2006-05-21;2006-05-24;2006-06-18;HATCH
2006;D;8;2006D8;2006-05-23;2006-05-14;2006-06-08;HATCH
2006;D;9;2006D9;2006-05-23;2006-05-15;2006-06-07;UNKNOWN
2006;D;10;2006D10;2006-05-23;2006-05-20;2006-06-10;PRED
2006;D;11;2006D11;2006-05-23;2006-05-17;2006-06-11;HATCH
2006;D;12;2006D12;2006-05-23;2006-05-18;2006-06-04;PRED
2006;D;13;2006D13;2006-06-01;2006-05-22;2006-06-16;HATCH
2006;D;14;2006D14;2006-05-28;2006-05-26;2006-06-20;HATCH
2006;D;15;2006D15;2006-05-23;2006-05-18;2006-06-11;PRED
2006;D;16;2006D16;2006-06-11;2006-06-03;2006-06-18;PRED
2006;D;17;2006D17;2006-06-12;2006-05-30;2006-06-24;HATCH
2006;D;18;2006D18;2006-06-12;2006-06-11;2006-07-06;HATCH
2006;D;19;2006D19;2006-06-12;2006-06-04;2006-06-15;PRED
2006;D;20;2006D20;2006-06-12;2006-05-31;2006-06-21;PRED
2006;D;21;2006D21;2006-06-12;2006-05-29;2006-06-23;HATCH
2006;D;22;2006D22;2006-06-13;2006-06-05;2006-06-30;HATCH
2006;D;23;2006D23;2006-06-13;2006-06-02;2006-06-27;HATCH
2006;D;24;2006D24;2006-06-13;2006-06-12;2006-07-07;HATCH
2006;D;25;2006D25;2006-06-15;2006-06-12;2006-07-07;HATCH
2006;D;26;2006D26;2006-06-16;2006-06-20;NA;UNKNOWN
2006;D;27;2006D27;2006-06-16;2006-06-20;NA;UNKNOWN
2006;D;28;2006D28;2006-06-16;2006-06-05;2006-06-30;HATCH
2006;D;29;2006D29;2006-06-16;2006-06-04;2006-06-17;PRED
2006;D;30;2006D30;2006-06-16;2006-06-19;2006-07-04;ABAN
2006;D;31;2006D31;2006-06-16;2006-05-25;2006-06-19;HATCH
2006;D;32;2006D32;2006-06-16;2006-06-13;2006-07-08;HATCH
2006;D;33;2006D33;2006-06-16;2006-06-05;2006-06-30;HATCH
2006;D;34;2006D34;2006-06-16;2006-05-24;2006-06-18;HATCH
2006;D;35;2006D35;2006-06-17;2006-06-09;2006-07-04;HATCH
2006;D;36;2006D36;2006-06-17;2006-06-03;2006-06-28;HATCH
2006;D;37;2006D37;2006-06-19;2006-06-13;2006-07-08;HATCH
2006;D;38;2006D38;2006-06-21;2006-06-11;2006-07-03;UNKNOWN
2006;D;39;2006D39;2006-06-21;2006-06-13;2006-07-08;HATCH
2006;D;40;2006D40;2006-06-21;2006-06-08;2006-07-03;HATCH
2006;D;41;2006D41;2006-07-03;2006-06-28;NA;UNKNOWN
2006;D;42;2006D42;2006-07-04;2006-06-26;NA;UNKNOWN
2006;D;43;2006D43;2006-07-04;2006-06-09;2006-07-04;HATCH
2006;D;44;2006D44;2006-07-06;2006-06-25;NA;UNKNOWN
2006;D;45;2006D45;2006-07-06;2006-07-01;NA;UNKNOWN
2006;D;46;2006D46;2006-07-06;2006-06-28;NA;UNKNOWN
2006;D;47;2006D47;2006-07-06;2006-07-03;NA;UNKNOWN
2006;D;101;2006D101;2006-05-04;2006-05-06;2006-05-31;UNKNOWN
2006;D;102;2006D102;2006-05-07;2006-05-04;2006-05-29;HATCH
2006;D;103;2006D103;2006-05-07;2006-05-02;2006-05-27;PRED
2006;D;104;2006D104;2006-05-14;2006-05-11;2006-06-04;UNKNOWN
2006;D;105;2006D105;2006-05-14;2006-05-11;2006-05-23;PRED
2006;D;106;2006D106;2006-05-14;2006-05-14;2006-05-31;PRED
2006;D;107;2006D107;2006-05-20;2006-05-20;2006-06-09;UNKNOWN
2006;D;108;2006D108;2006-05-20;2006-05-15;2006-06-09;UNKNOWN
2006;D;109;2006D109;2006-05-20;2006-05-17;2006-05-21;PRED
2006;D;110;2006D110;2006-05-20;2006-05-15;2006-06-02;PRED
2006;D;111;2006D111;2006-05-21;2006-05-18;2006-05-31;PRED
2006;D;112;2006D112;2006-05-21;2006-05-21;2006-06-05;PRED
2006;D;113;2006D113;2006-05-24;2006-05-12;2006-06-06;HATCH
2006;D;114;2006D114;2006-05-24;2006-05-11;2006-06-07;HATCH
2006;D;115;2006D115;2006-05-24;2006-05-16;2006-06-04;BROKEN
2006;D;116;2006D116;2006-05-24;2006-05-26;2006-06-20;HATCH
2006;D;117;2006D117;2006-05-24;2006-05-10;2006-06-04;HATCH
2006;D;118;2006D118;2006-05-26;2006-05-20;2006-06-14;HATCH
2006;D;119;2006D119;2006-05-26;2006-05-26;2006-06-20;HATCH
2006;D;120;2006D120;2006-06-06;2006-06-08;2006-06-16;PRED
2006;D;122;2006D122;2006-06-07;2006-05-28;2006-06-09;PRED
2006;D;202;2006D202;2006-06-06;2006-06-03;2006-06-28;HATCH
2006;D;203;2006D203;2006-06-06;2006-06-03;2006-06-28;HATCH
2006;D;204;2006D204;2006-06-06;2006-06-01;2006-06-21;PRED
2006;E;1;2006E1;2006-05-13;2006-05-08;2006-06-07;UNHATCH
2006;E;2;2006E2;2006-06-02;2006-06-06;2006-06-25;PRED
2006;F;1;2006F1;2006-06-15;2006-06-10;2006-06-25;ABAN
2007;A;1;2007A1;2007-04-29;2007-05-03;2007-05-28;HATCH
2007;A;2;2007A2;2007-04-29;2007-05-03;2007-05-31;UNHATCH
2007;A;3;2007A3;2007-04-29;2007-05-04;2007-05-29;HATCH
2007;A;4;2007A4;2007-05-06;2007-05-07;2007-06-01;HATCH
2007;A;5;2007A5;2007-05-06;2007-05-05;2007-05-30;HATCH
2007;A;6;2007A6;2007-05-06;2007-05-03;2007-05-28;HATCH
2007;A;7;2007A7;2007-05-16;2007-05-15;2007-06-09;HATCH
2007;A;8;2007A8;2007-05-16;2007-05-19;2007-06-13;HATCH
2007;A;9;2007A9;2007-05-16;2007-05-17;2007-06-11;HATCH
2007;A;101;2007A101;2007-04-29;2007-04-28;NA;ABAN
2007;A;102;2007A102;2007-04-29;2007-04-28;2007-05-23;HATCH
2007;A;103;2007A103;2007-04-30;2007-05-06;2007-05-31;HATCH
2007;A;104;2007A104;2007-05-15;2007-05-17;2007-06-03;PRED
2007;A;105;2007A105;2007-05-17;NA;NA;ABAN
2007;A;106;2007A106;2007-05-18;2007-05-21;2007-06-15;HATCH
2007;A;107;2007A107;2007-05-18;2007-05-20;2007-06-01;PRED
2007;A;108;2007A108;2007-05-18;2007-05-10;2007-06-01;ABAN
2007;A;109;2007A109;2007-05-19;2007-05-18;2007-06-06;PRED
2007;A;110;2007A110;2007-05-22;2007-05-12;2007-06-10;UNHATCH
2007;A;111;2007A111;2007-05-23;2007-05-22;2007-06-13;ABAN
2007;A;112;2007A112;2007-05-23;2007-05-15;2007-06-09;HATCH
2007;A;113;2007A113;2007-05-24;2007-05-25;2007-06-19;HATCH
2007;A;114;2007A114;2007-05-24;2007-05-23;2007-06-06;PRED
2007;A;115;2007A115;2007-05-24;2007-05-22;2007-06-16;HATCH
2007;A;116;2007A116;2007-05-25;NA;2007-06-02;ABAN
2007;A;117;2007A117;2007-05-25;2007-05-20;2007-06-11;PRED
2007;A;118;2007A118;2007-05-25;2007-05-30;2007-06-24;HATCH
2007;A;119;2007A119;2007-05-25;2007-05-23;2007-06-17;HATCH
2007;A;120;2007A120;2007-05-28;2007-05-23;2007-06-14;PRED
2007;A;121;2007A121;2007-06-04;2007-05-27;2007-06-21;HATCH
2007;A;122;2007A122;2007-06-10;2007-05-31;2007-06-25;HATCH
2007;A;123;2007A123;2007-06-10;2007-05-16;2007-06-10;HATCH
2007;A;124;2007A124;2007-06-11;2007-06-03;2007-06-28;HATCH
2007;A;125;2007A125;2007-06-11;2007-06-03;2007-06-28;HATCH
2007;A;126;2007A126;2007-06-12;NA;2007-06-19;PRED
2007;A;127;2007A127;2007-06-12;2007-06-07;2007-07-02;HATCH
2007;A;128;2007A128;2007-06-12;2007-06-01;2007-06-26;HATCH
2007;A;129;2007A129;2007-06-12;2007-06-10;2007-06-25;PRED
2007;A;130;2007A130;2007-06-12;2007-06-04;2007-06-29;HATCH
2007;A;131;2007A131;2007-06-13;2007-06-03;2007-06-28;HATCH
2007;A;132;2007A132;2007-06-13;2007-06-02;2007-06-27;HATCH
2007;A;133;2007A133;2007-06-13;2007-05-23;2007-06-17;HATCH
2007;A;134;2007A134;2007-06-24;2007-06-07;2007-07-02;HATCH
2007;A;201;2007A201;2007-05-07;NA;2007-05-14;PRED
2007;A;202;2007A202;2007-05-10;2007-05-06;2007-06-01;HATCH
2007;A;203;2007A203;2007-05-10;2007-05-06;2007-06-01;HATCH
2007;A;204;2007A204;2007-05-11;2007-04-30;2007-05-25;HATCH
2007;A;205;2007A205;2007-05-11;2007-05-09;2007-05-24;PRED
2007;A;206;2007A206;2007-05-11;2007-05-05;2007-05-30;HATCH
2007;A;207;2007A207;2007-05-11;2007-05-11;2007-06-05;HATCH
2007;A;301;2007A301;2007-06-23;2007-06-01;2007-06-25;HATCH
2007;B;1;2007B1;2007-04-28;2007-04-24;2007-05-18;HATCH
2007;B;2;2007B2;2007-05-01;2007-05-02;2007-05-12;PRED
2007;B;3;2007B3;2007-04-28;2007-04-18;2007-05-10;PRED
2007;B;4;2007B4;2007-04-29;2007-05-04;2007-05-29;HATCH
2007;B;5;2007B5;2007-06-03;2007-06-01;2007-06-26;HATCH
2007;B;6;2007B6;2007-06-10;2007-06-10;2007-07-05;HATCH
2007;B;7;2007B7;2007-06-10;2007-06-05;2007-07-05;UNHATCH
2007;B;8;2007B8;2007-06-20;2007-06-18;2007-07-04;PRED
2007;B;9;2007B9;2007-06-23;2007-06-22;2007-06-26;PRED
2007;B;10;2007B10;2007-07-05;NA;2007-07-12;UNKNOWN
2007;B;11;2007B11;2007-07-08;NA;2007-07-12;UNKNOWN
2007;B;12;2007B12;2007-07-10;NA;2007-07-12;UNKNOWN
2007;B;13;2007B13;2007-07-10;NA;2007-07-12;UNKNOWN
2007;B;101;2007B101;2007-05-06;2007-05-03;2007-05-28;HATCH
2007;B;102;2007B102;2007-05-16;2007-05-14;2007-06-02;PRED
2007;B;103;2007B103;2007-05-16;2007-04-22;2007-05-17;HATCH
2007;B;104;2007B104;2007-05-19;2007-05-17;2007-06-11;HATCH
2007;B;105;2007B105;2007-05-19;2007-05-18;2007-06-12;HATCH
2007;B;106;2007B106;2007-06-06;2007-05-31;2007-06-25;HATCH
2007;B;107;2007B107;2007-06-06;2007-06-04;2007-06-29;HATCH
2007;B;108;2007B108;2007-06-06;2007-06-01;2007-06-26;HATCH
2007;B;109;2007B109;2007-06-28;NA;2007-06-30;UNHATCH
2007;B;301;2007B301;2007-06-17;2007-06-15;2007-07-04;PRED
2007;C;1;2007C1;2007-04-28;2007-04-18;2007-05-22;UNHATCH
2007;C;2;2007C2;2007-04-28;2007-04-23;2007-05-21;UNHATCH
2007;C;3;2007C3;2007-04-28;2007-04-17;2007-05-09;PRED
2007;C;4;2007C4;2007-04-28;2007-04-13;2007-05-08;HATCH
2007;C;5;2007C5;2007-04-29;2007-04-15;2007-05-05;PRED
2007;C;6;2007C6;2007-04-30;2007-04-20;2007-05-16;UNHATCH
2007;C;7;2007C7;2007-05-01;2007-04-15;2007-05-10;HATCH
2007;C;8;2007C8;2007-05-01;2007-05-05;2007-05-30;HATCH
2007;C;9;2007C9;2007-05-03;2007-05-05;2007-05-15;PRED
2007;C;10;2007C10;2007-05-03;2007-05-07;2007-06-01;HATCH
2007;C;11;2007C11;2007-05-04;2007-04-20;2007-05-15;HATCH
2007;C;12;2007C12;2007-05-05;2007-04-30;2007-05-25;HATCH
2007;C;13;2007C13;2007-05-05;2007-05-06;2007-05-31;HATCH
2007;C;14;2007C14;2007-05-05;2007-04-25;2007-05-23;UNHATCH
2007;C;15;2007C15;2007-05-10;2007-05-04;2007-05-29;HATCH
2007;C;16;2007C16;2007-06-02;2007-06-01;2007-06-16;PRED
2007;C;17;2007C17;2007-06-12;2007-06-10;2007-07-05;HATCH
2007;C;101;2007C101;2007-05-01;2007-04-21;2007-05-06;PRED
2007;C;102;2007C102;2007-05-05;2007-04-29;2007-05-24;HATCH
2007;C;103;2007C103;2007-05-20;2007-05-10;2007-06-24;UNHATCH
2007;C;104;2007C104;2007-06-15;2007-06-15;2007-07-10;HATCH
2007;C;301;2007C301;2007-06-15;NA;2007-06-25;UNHATCH
2007;C;305;2007C305;2007-07-07;2007-07-05;2007-07-12;UNKNOWN
2007;C;302;2007C302;2007-06-26;2007-06-28;2007-07-12;UNKNOWN
2007;C;303;2007C303;2007-06-30;2007-06-05;2007-06-30;HATCH
2007;C;304;2007C304;2007-07-02;2007-06-27;2007-07-12;UNKNOWN
2007;D;1;2007D1;2007-06-21;2007-06-13;2007-06-30;UNKNOWN
2007;D;2;2007D2;2007-05-01;2007-04-29;2007-05-24;HATCH
2007;D;3;2007D3;2007-05-10;2007-05-05;2007-05-30;HATCH
2007;D;4;2007D4;2007-05-14;2007-05-05;2007-05-30;HATCH
2007;D;5;2007D5;2007-05-14;2007-05-06;2007-05-24;PRED
2007;D;6;2007D6;2007-06-11;2007-06-04;2007-06-29;HATCH
2007;D;7;2007D7;2007-06-12;2007-06-11;2007-07-06;HATCH
2007;D;8;2007D8;2007-06-20;2007-06-12;2007-07-07;HATCH
2007;D;9;2007D9;2007-06-21;2007-06-20;2007-07-12;UNKNOWN
2007;D;10;2007D10;2007-06-21;2007-06-09;2007-07-04;HATCH
2007;D;11;2007D11;2007-06-23;2007-06-21;2007-07-12;UNKNOWN
2007;D;12;2007D12;2007-06-26;2007-06-15;2007-07-10;HATCH
2007;D;13;2007D13;2007-06-26;2007-06-25;2007-07-01;ABAN
2007;D;101;2007D101;2007-06-08;2007-06-10;2007-07-05;HATCH
2007;D;102;2007D102;2007-06-08;2007-05-31;2007-06-25;HATCH
2007;D;103;2007D103;2007-06-08;2007-06-09;2007-07-04;HATCH
2007;D;104;2007D104;2007-06-09;2007-06-11;2007-07-06;HATCH
2007;D;105;2007D105;2007-06-09;2007-06-09;2007-07-04;HATCH
2007;D;106;2007D106;2007-06-17;2007-06-16;2007-07-12;UNKNOWN
2007;D;107;2007D107;2007-06-13;2007-06-15;2007-07-10;HATCH
2007;D;108;2007D108;2007-06-13;2007-06-09;2007-07-04;HATCH
2007;D;109;2007D109;2007-06-13;2007-06-12;2007-07-07;HATCH
2007;D;110;2007D110;2007-06-17;2007-06-20;2007-06-24;UNHATCH
2007;D;111;2007D111;2007-06-19;2007-06-11;2007-07-06;HATCH
2007;D;302;2007D302;2007-07-07;2007-07-06;2007-07-12;UNKNOWN
2007;E;1;2007E1;2007-04-29;2007-04-17;2007-05-12;HATCH
2007;E;2;2007E2;2007-06-12;2007-06-07;2007-07-02;HATCH
2007;E;3;2007E3;2007-06-14;2007-06-12;2007-07-07;HATCH
2007;E;4;2007E4;2007-06-19;2007-06-11;2007-07-06;HATCH
2007;E;5;2007E5;2007-06-24;NA;2007-07-01;ABAN
2007;E;101;2007E101;2007-05-27;2007-05-30;2007-06-24;HATCH
2007;E;102;2007E102;2007-06-08;2007-06-02;2007-06-27;HATCH
2007;E;103;2007E103;2007-06-08;2007-05-29;2007-06-11;PRED
2007;E;301;2007E301;2007-05-24;2007-05-24;2007-06-18;HATCH
2007;E;302;2007E302;2007-06-19;NA;2007-06-25;UNHATCH
2007;E;303;2007E303;2007-06-19;2007-05-25;2007-06-19;HATCH
2007;E;304;2007E304;2007-06-21;2007-06-20;2007-07-12;UNKNOWN
2007;E;305;2007E305;2007-06-21;2007-06-16;2007-07-12;UNKNOWN
2007;E;306;2007E306;2007-06-25;2007-06-26;2007-07-12;UNKNOWN
2007;F;101;2007F101;2007-06-17;2007-05-26;2007-06-20;HATCH
2008;A;1;2008A1;2008-04-21;2008-04-20;2008-05-15;HATCH
2008;A;2;2008A2;2008-04-22;2008-04-27;2008-05-22;HATCH
2008;A;3;2008A3;2008-04-26;2008-04-26;2008-05-21;HATCH
2008;A;4;2008A4;2008-04-26;2008-04-21;2008-05-16;HATCH
2008;A;5;2008A5;2008-04-27;2008-04-24;2008-05-19;HATCH
2008;A;6;2008A6;2008-04-27;2008-04-23;2008-05-18;HATCH
2008;A;7;2008A7;2008-04-29;2008-04-28;2008-05-07;FLOOD
2008;A;8;2008A8;2008-04-30;2008-04-28;2008-06-01;UNHATCH
2008;A;9;2008A9;2008-05-01;2008-05-01;2008-05-26;HATCH
2008;A;10;2008A10;2008-05-04;2008-05-11;2008-06-05;HATCH
2008;A;11;2008A11;2008-05-05;2008-05-03;2008-05-18;PRED
2008;A;12;2008A12;2008-05-06;2008-05-05;2008-05-12;FLOOD
2008;A;13;2008A13;2008-05-07;2008-05-06;2008-05-20;ABAN
2008;A;14;2008A14;2008-05-10;2008-05-12;2008-06-06;HATCH
2008;A;15;2008A15;2008-05-17;2008-05-12;2008-05-25;ABAN
2008;A;16;2008A16;2008-05-12;2008-05-11;2008-05-31;PRED
2008;A;17;2008A17;2008-05-12;2008-05-15;2008-06-09;HATCH
2008;A;18;2008A18;2008-05-20;2008-04-22;2008-05-17;HATCH
2008;A;19;2008A19;2008-05-20;2008-05-19;2008-06-13;HATCH
2008;A;20;2008A20;2008-05-22;2008-05-21;2008-06-15;HATCH
2008;A;22;2008A22;2008-05-26;2008-05-29;2008-06-23;HATCH
2008;A;23;2008A23;2008-05-29;2008-05-29;2008-06-23;HATCH
2008;A;24;2008A24;2008-06-05;2008-06-05;2008-06-30;HATCH
2008;A;25;2008A25;2008-06-11;2008-06-09;2008-07-04;HATCH
2008;A;101;2008A101;2008-04-28;2008-04-16;2008-05-11;ABAN
2008;A;102;2008A102;2008-05-04;2008-05-05;2008-05-30;HATCH
2008;A;103;2008A103;2008-05-06;2008-05-07;2008-06-01;HATCH
2008;A;104;2008A104;2008-05-29;2008-05-29;2008-06-23;HATCH
2008;A ;21;2008A 21;2008-05-23;2008-05-25;2008-06-19;HATCH
2008;B;1;2008B1;2008-04-24;2008-04-27;2008-04-28;PRED
2008;B;2;2008B2;2008-05-09;2008-05-13;2008-06-07;HATCH
2008;B;3;2008B3;2008-05-15;2008-05-20;2008-06-14;HATCH
2008;B;4;2008B4;2008-05-15;2008-05-10;2008-05-27;ABAN
2008;B;101;2008B101;2008-04-27;2008-04-29;2008-05-24;HATCH
2008;B;102;2008B102;2008-05-02;2008-05-01;2008-05-04;PRED
2008;B;103;2008B103;2008-05-02;2008-05-04;2008-05-29;HATCH
2008;B;104;2008B104;2008-05-03;2008-04-25;2008-05-20;ABAN
2008;B;105;2008B105;2008-05-20;2008-05-24;2008-06-18;HATCH
2008;B;106;2008B106;2008-05-27;2008-05-28;2008-06-22;HATCH
2008;B;107;2008B107;2008-06-14;2008-06-09;2008-07-01;PRED
2008;B;201;2008B201;2008-06-14;2008-06-09;2008-07-06;FLOOD
2008;C;1;2008C1;2008-05-27;2008-05-30;2008-06-24;HATCH
2008;C;101;2008C101;2008-04-23;2008-04-22;2008-05-16;ABAN
2008;C;102;2008C102;2008-04-23;2008-04-16;2008-05-11;HATCH
2008;C;103;2008C103;2008-04-23;2008-04-14;2008-05-09;HATCH
2008;C;104;2008C104;2008-04-24;2008-04-16;2008-05-11;HATCH
2008;C;105;2008C105;2008-04-25;2008-04-27;2008-05-12;ABAN
2008;C;106;2008C106;2008-05-02;2008-05-01;2008-05-19;PRED
2008;C;107;2008C107;2008-05-04;2008-05-07;2008-05-27;PRED
2008;C;108;2008C108;2008-05-09;2008-05-08;2008-05-31;PRED
2008;C;109;2008C109;2008-05-25;2008-05-25;2008-06-19;HATCH
2008;C;110;2008C110;2008-05-27;2008-05-25;2008-06-19;HATCH
2008;C;111;2008C111;2008-05-28;2008-06-01;2008-06-26;HATCH
2008;C;112;2008C112;2008-05-31;2008-05-29;2008-06-23;HATCH
2008;C;113;2008C113;2008-06-06;2008-06-09;2008-07-04;ABAN
2008;C;114;2008C114;2008-06-08;2008-06-09;2008-07-04;HATCH
2008;C;115;2008C115;2008-06-09;2008-06-10;2008-07-06;HATCH
2008;D;1;2008D1;2008-06-02;2008-06-03;2008-06-28;HATCH
2008;D;2;2008D2;2008-06-10;2008-06-11;2008-07-04;FLOOD
2008;D;3;2008D3;2008-06-10;2008-06-09;2008-07-04;HATCH
2008;D;4;2008D4;2008-06-10;2008-06-08;2008-07-03;HATCH
2008;D;5;2008D5;2008-06-23;2008-06-24;2008-07-04;FLOOD
2008;D;6;2008D6;2008-06-25;2008-06-23;2008-07-04;FLOOD
2008;D;101;2008D101;2008-04-24;2008-04-22;2008-04-28;PRED
2008;D;102;2008D102;2008-04-26;2008-04-24;2008-05-19;HATCH
2008;D;103;2008D103;2008-06-12;2008-06-13;2008-06-30;ABAN
2008;D;104;2008D104;2008-06-14;2008-06-09;2008-07-04;FLOOD
2008;D;105;2008D105;2008-06-29;2008-06-24;2008-07-04;FLOOD
2008;D;201;2008D201;2008-06-10;2008-06-02;2008-06-27;HATCH
2008;D;202;2008D202;2008-06-11;2008-06-06;2008-07-03;FLOOD
2008;D;203;2008D203;2008-06-13;2008-06-08;2008-07-05;FLOOD
2008;D;204;2008D204;2008-06-13;2008-06-12;2008-07-09;FLOOD
2008;E;101;2008E101;2008-05-05;2008-05-06;2008-05-31;HATCH
2008;E;102;2008E102;2008-05-05;2008-05-07;2008-06-01;HATCH
2008;F;101;2008F101;2008-05-07;2008-05-02;2008-05-15;PRED
2008;F;102;2008F102;2008-05-08;2008-05-07;2008-05-23;ABAN
2009;A;1;2009A1;2009-04-25;2009-04-20;2009-05-15;HATCH
2009;A;2;2009A2;2009-04-29;2009-04-24;2009-05-14;ABAN
2009;A;3;2009A3;2009-04-29;2009-04-22;2009-05-17;HATCH
2009;A;4;2009A4;2009-05-01;2009-05-01;2009-05-26;HATCH
2009;A;5;2009A5;2009-05-07;2009-05-02;2009-05-27;HATCH
2009;A;6;2009A6;2009-05-07;2009-05-02;2009-05-27;HATCH
2009;A;7;2009A7;2009-05-07;2009-05-03;2009-05-28;HATCH
2009;A;8;2009A8;2009-05-07;2009-05-10;2009-06-04;HATCH
2009;A;9;2009A9;2009-05-09;2009-05-10;2009-05-18;FLOOD
2009;A;101;2009A101;2009-05-13;2009-05-10;2009-06-04;HATCH
2009;A;102;2009A102;2009-06-04;2009-06-08;2009-06-07;PRED
2009;A;103;2009A103;2009-06-10;2009-06-14;2009-06-24;FLOOD
2009;A;201;2009A201;2009-05-13;2009-04-22;2009-05-17;HATCH
2009;A;202;2009A202;2009-05-16;2009-05-17;2009-05-18;FLOOD
2009;A;203;2009A203;2009-05-25;2009-05-27;2009-06-21;HATCH
2009;A;204;2009A204;2009-05-30;2009-05-25;2009-06-21;FLOOD
2009;A;205;2009A205;2009-06-14;2009-06-09;2009-06-24;FLOOD
2009;A;206;2009A206;2009-06-15;2009-06-12;2009-07-07;HATCH
2009;A;207;2009A207;2009-06-25;2009-06-17;2009-07-12;UNKNOWN
2009;B;1;2009B1;2009-04-27;2009-04-23;2009-05-18;HATCH
2009;B;2;2009B2;2009-04-30;2009-04-19;2009-05-14;HATCH
2009;B;3;2009B3;2009-05-02;2009-04-30;2009-05-18;FLOOD
2009;B;4;2009B4;2009-05-09;2009-05-07;2009-05-14;ABAN
2009;B;5;2009B5;2009-05-13;2009-05-14;2009-06-08;HATCH
2009;B;6;2009B6;2009-06-21;2009-06-15;2009-07-10;HATCH
2009;B;101;2009B101;2009-05-16;2009-05-20;2009-06-14;HATCH
2009;B;102;2009B102;2009-06-12;2009-06-04;2009-06-29;HATCH
2009;C;1;2009C1;2009-04-27;2009-04-22;2009-05-17;HATCH
2009;C;2;2009C2;2009-04-27;2009-04-26;2009-05-25;UNHATCH
2009;C;3;2009C3;2009-04-29;2009-04-18;2009-05-13;HATCH
2009;C;4;2009C4;2009-05-08;2009-05-11;2009-06-05;HATCH
2009;C;5;2009C5;2009-05-17;2009-05-12;2009-06-14;UNHATCH
2009;C;6;2009C6;2009-06-29;2009-06-27;2009-07-10;FLOOD
2009;C;7;2009C7;2009-07-04;2009-06-29;2009-07-09;FLOOD
2009;C;8;2009C8;2009-07-07;2009-07-05;2009-07-24;FLOOD
2009;C;101;2009C101;2009-05-15;2009-05-15;2009-06-09;HATCH
2009;C;102;2009C102;2009-05-30;2009-05-30;2009-06-24;HATCH
2009;C;103;2009C103;2009-06-05;2009-06-06;2009-07-01;HATCH
2009;C;104;2009C104;2009-06-19;2009-05-25;2009-06-19;HATCH
2009;D;1;2009D1;2009-05-20;2009-05-15;2009-06-09;HATCH
2009;D;2;2009D2;2009-05-21;2009-05-16;2009-06-10;HATCH
2009;D;3;2009D3;2009-05-22;2009-05-22;2009-06-16;HATCH
2009;D;4;2009D4;2009-05-31;2009-05-27;2009-06-21;HATCH
2009;D;5;2009D5;2009-05-23;2009-05-21;2009-05-25;PRED
2009;D;6;2009D6;2009-05-29;2009-05-30;2009-06-24;HATCH
2009;D;7;2009D7;2009-05-29;2009-06-01;2009-06-26;HATCH
2009;D;8;2009D8;2009-06-11;2009-06-09;2009-06-27;FLOOD
2009;D;9;2009D9;2009-06-15;2009-06-05;2009-06-30;HATCH
2009;D;10;2009D10;2009-06-17;2009-06-17;2009-07-11;UNKNOWN
2009;D;11;2009D11;2009-06-27;NA;2009-06-28;FLOOD
2009;D;12;2009D12;2009-07-06;2009-07-04;2009-07-08;FLOOD
2009;D;101;2009D101;2009-05-14;2009-05-18;2009-06-12;HATCH
2009;D;102;2009D102;2009-05-17;2009-05-12;2009-06-06;HATCH
2009;D;103;2009D103;2009-05-27;2009-05-27;2009-06-21;HATCH
2009;D;104;2009D104;2009-05-28;2009-05-25;2009-06-19;HATCH
2009;D;105;2009D105;2009-05-28;2009-05-26;2009-06-20;HATCH
2009;D;106;2009D106;2009-05-31;2009-05-26;2009-06-20;HATCH
2009;D;107;2009D107;2009-06-04;2009-06-02;2009-06-27;HATCH
2009;D;108;2009D108;2009-06-05;2009-06-01;2009-06-26;HATCH
2009;D;109;2009D109;2009-06-08;2009-06-04;2009-06-29;HATCH
2009;D;110;2009D110;2009-06-10;2009-05-25;2009-06-19;HATCH
2009;D;111;2009D111;2009-06-11;2009-06-11;2009-06-27;FLOOD
2009;D;112;2009D112;2009-06-11;2009-06-11;2009-07-06;HATCH
2009;D;113;2009D113;2009-06-12;2009-06-12;2009-07-07;HATCH
2009;E;1;2009E1;2009-05-06;2009-05-07;2009-06-01;HATCH
2009;E;2;2009E2;2009-05-16;2009-05-08;2009-06-02;HATCH
2009;E;3;2009E3;2009-05-21;2009-05-19;2009-06-25;PRED
2009;E;4;2009E4;2009-05-26;2009-05-29;2009-06-14;PRED
2009;E;5;2009E5;2009-05-31;2009-05-08;2009-06-01;PRED
2009;E;6;2009E6;2009-05-31;2009-05-31;2009-06-25;HATCH
2009;E;7;2009E7;2009-06-04;2009-06-06;2009-06-27;PRED
2009;E;8;2009E8;2009-06-09;2009-06-08;2009-07-09;UNHATCH
2009;E;9;2009E9;2009-06-13;2009-06-11;2009-07-06;HATCH
2009;G;1;2009G1;2009-05-28;NA;2009-05-28;FLOOD
2009;G;2;2009G2;2009-05-28;2009-05-28;2009-06-03;PRED
2009;G;3;2009G3;2009-05-28;2009-05-27;2009-05-31;PRED
2009;G;4;2009G4;2009-05-28;2009-05-26;2009-06-03;PRED
2009;G;5;2009G5;2009-05-28;NA;2009-06-04;UNHATCH
2009;G;6;2009G6;2009-06-02;2009-05-31;2009-07-03;UNKNOWN
2009;G;7;2009G7;2009-06-02;2009-05-31;2009-07-03;UNKNOWN
2009;G;8;2009G8;2009-06-02;2009-05-28;2009-07-03;UNKNOWN
2009;G;9;2009G9;2009-07-02;2009-06-27;2009-07-02;UNKNOWN
2010;A;1;2010A1;2010-04-21;2010-04-20;2010-05-04;ABAN
2010;A;2;2010A2;2010-04-22;2010-04-07;2010-05-01;HATCH
2010;A;3;2010A3;2010-04-22;2010-04-20;2010-05-17;HATCH
2010;A;4;2010A4;2010-04-22;2010-04-20;2010-05-15;HATCH
2010;A;5;2010A5;2010-04-22;2010-04-08;2010-05-03;HATCH
2010;A;6;2010A6;2010-04-22;2010-04-20;2010-05-16;HATCH
2010;A;7;2010A7;2010-04-22;2010-04-20;2010-05-16;HATCH
2010;A;8;2010A8;2010-04-22;2010-04-20;2010-05-15;HATCH
2010;A;9;2010A9;2010-04-22;2010-04-26;2010-05-21;HATCH
2010;A;10;2010A10;2010-04-23;2010-04-21;2010-05-17;HATCH
2010;A;11;2010A11;2010-04-23;2010-04-20;2010-05-15;HATCH
2010;A;12;2010A12;2010-04-23;2010-04-23;2010-05-20;HATCH
2010;A;13;2010A13;2010-04-23;2010-04-26;2010-05-21;HATCH
2010;A;14;2010A14;2010-04-23;2010-04-28;2010-05-23;HATCH
2010;A;15;2010A15;2010-04-23;2010-04-20;2010-05-05;ABAN
2010;A;16;2010A16;2010-04-23;2010-04-17;2010-05-12;HATCH
2010;A;17;2010A17;2010-04-23;2010-04-20;2010-05-15;HATCH
2010;A;18;2010A18;2010-04-23;2010-04-13;2010-05-08;HATCH
2010;A;19;2010A19;2010-04-23;2010-04-15;2010-05-10;ABAN
2010;A;20;2010A20;2010-04-23;2010-04-20;2010-05-15;HATCH
2010;A;21;2010A21;2010-04-23;2010-04-19;2010-05-14;HATCH
2010;A;22;2010A22;2010-04-23;2010-04-13;2010-05-08;HATCH
2010;A;23;2010A23;2010-04-23;2010-04-10;2010-05-05;HATCH
2010;A;24;2010A24;2010-04-23;2010-04-16;2010-05-11;PRED
2010;A;25;2010A25;2010-04-24;2010-04-28;2010-05-23;HATCH
2010;A;26;2010A26;2010-04-24;2010-04-09;2010-05-04;HATCH
2010;A;27;2010A27;2010-04-24;2010-04-08;2010-05-03;HATCH
2010;A;28;2010A28;2010-04-24;2010-04-11;2010-05-06;HATCH
2010;A;29;2010A29;2010-04-24;2010-04-23;2010-05-18;HATCH
2010;A;30;2010A30;2010-05-08;2010-05-05;2010-05-30;HATCH
2010;A;31;2010A31;2010-06-25;2010-06-16;2010-07-11;HATCH
2010;A;101;2010A101;2010-05-01;2010-04-26;2010-05-21;HATCH
2010;A;102;2010A102;2010-05-02;2010-04-25;2010-05-20;HATCH
2010;A;103;2010A103;2010-05-02;2010-04-25;2010-05-20;HATCH
2010;A;104;2010A104;2010-05-02;2010-05-01;2010-05-26;HATCH
2010;A;105;2010A105;2010-05-05;2010-04-13;2010-05-08;HATCH
2010;A;106;2010A106;2010-05-07;2010-04-11;2010-05-06;HATCH
2010;A;107;2010A107;2010-05-07;NA;2010-05-07;TRAMPLED
2010;A;108;2010A108;2010-05-12;2010-04-17;2010-05-12;HATCH
2010;A;109;2010A109;2010-05-19;2010-05-16;2010-06-10;HATCH
2010;A;110;2010A110;2010-05-19;2010-05-21;2010-06-15;HATCH
2010;A;111;2010A111;2010-05-19;2010-05-17;2010-05-28;PRED
2010;A;112;2010A112;2010-05-25;2010-05-26;2010-06-20;HATCH
2010;A;113;2010A113;2010-06-03;2010-06-01;2010-06-26;HATCH
2010;A;114;2010A114;2010-06-07;2010-05-27;2010-06-21;HATCH
2010;A;115;2010A115;2010-06-10;2010-06-05;2010-06-23;ABAN
2010;A;116;2010A116;2010-06-10;2010-06-13;2010-07-08;HATCH
2010;A;117;2010A117;2010-06-22;2010-06-14;2010-07-05;PRED
2010;B;101;2010B101;2010-05-19;2010-04-25;2010-05-20;HATCH
2010;B;102;2010B102;2010-06-04;2010-06-06;2010-06-07;PRED
2010;B;103;2010B103;2010-06-17;2010-06-16;NA;UNKNOWN
2010;B;201;2010B201;2010-05-30;2010-05-31;2010-06-25;HATCH
2010;C;1;2010C1;2010-04-21;2010-04-08;2010-05-03;HATCH
2010;C;2;2010C2;2010-04-21;2010-04-18;2010-05-13;HATCH
2010;C;3;2010C3;2010-04-24;2010-04-09;2010-05-04;HATCH
2010;C;4;2010C4;2010-04-25;2010-04-09;2010-05-04;HATCH
2010;C;5;2010C5;2010-04-25;2010-04-27;2010-05-22;HATCH
2010;C;6;2010C6;2010-04-25;2010-04-20;2010-05-03;PRED
2010;C;7;2010C7;2010-04-25;2010-04-20;2010-05-15;PRED
2010;C;8;2010C8;2010-04-25;2010-04-15;2010-05-04;ABAN
2010;C;9;2010C9;2010-05-08;2010-04-15;2010-05-09;PRED
2010;C;101;2010C101;2010-05-08;2010-04-30;2010-05-19;PRED
2010;C;102;2010C102;2010-05-08;2010-05-11;2010-05-28;PRED
2010;C;103;2010C103;2010-05-14;2010-05-17;2010-05-18;PRED
2010;C;104;2010C104;2010-05-15;2010-05-10;2010-06-04;HATCH
2010;C;105;2010C105;2010-05-23;2010-05-18;2010-05-28;PRED
2010;C;106;2010C106;2010-05-19;2010-05-17;2010-06-03;PRED
2010;C;107;2010C107;2010-05-25;2010-05-20;2010-05-26;PRED
2010;C;108;2010C108;2010-05-28;2010-05-21;2010-06-15;HATCH
2010;C;109;2010C109;2010-05-29;2010-05-31;2010-06-03;PRED
2010;C;110;2010C110;2010-05-29;2010-05-30;2010-06-03;PRED
2010;C;111;2010C111;2010-05-30;2010-05-28;2010-06-23;HATCH
2010;C;112;2010C112;2010-06-01;2010-05-27;2010-06-03;PRED
2010;C;113;2010C113;2010-06-03;2010-06-02;2010-06-05;PRED
2010;C;114;2010C114;2010-06-04;2010-05-20;2010-06-14;HATCH
2010;C;115;2010C115;2010-06-04;2010-06-02;2010-06-27;HATCH
2010;C;116;2010C116;2010-06-16;2010-06-15;2010-07-10;HATCH
2010;C;117;2010C117;2010-06-18;2010-06-15;2010-07-10;HATCH
2010;C;118;2010C118;2010-06-22;2010-06-15;2010-07-10;HATCH
2010;C;202;2010C202;2010-05-30;2010-05-25;2010-06-03;ABAN
2010;D;1;2010D1;2010-04-24;2010-04-20;2010-05-15;HATCH
2010;D;2;2010D2;2010-07-11;2010-07-09;NA;UNKNOWN
2010;D;101;2010D101;2010-05-15;2010-05-10;2010-05-18;PRED
2010;D;102;2010D102;2010-05-19;2010-05-19;2010-05-27;PRED
2010;D;103;2010D103;2010-05-19;2010-05-18;2010-05-27;ABAN
2010;D;104;2010D104;2010-05-22;2010-05-20;2010-06-04;PRED
2010;D;105;2010D105;2010-06-21;2010-06-19;NA;UNKNOWN
2010;E;101;2010E101;2010-05-09;2010-05-05;2010-05-30;HATCH
2010;E;102;2010E102;2010-05-22;2010-05-17;2010-06-11;HATCH
2010;E;103;2010E103;2010-06-01;2010-05-22;2010-06-16;HATCH
2010;E;104;2010E104;2010-06-19;2010-06-14;NA;UNKNOWN
2010;F;101;2010F101;2010-05-22;NA;2010-06-11;PRED
2010;G;1;2010G1;2010-06-29;2010-06-15;2010-06-30;FLOOD
2010;G;2;2010G2;2010-06-30;2010-06-25;NA;UNKNOWN
2010;G;3;2010G3;2010-06-30;2010-06-25;NA;UNKNOWN
2010;G;4;2010G4;2010-06-30;2010-06-22;NA;UNKNOWN
2011;A;4;2011A4;2011-04-25;2011-04-20;2011-04-26;FLOOD
2011;A;9;2011A9;2011-04-26;2011-04-21;2011-05-01;PRED
2011;C;2;2011C2;2011-04-30;2011-04-20;2011-05-04;TRAMPLED
2011;C;1;2011C1;2011-04-19;2011-04-15;2011-05-08;PRED
2011;C;201;2011C201;2011-05-07;2011-05-06;2011-05-12;TRAMPLED
2011;B;2;2011B2;2011-04-29;2011-04-19;2011-05-15;HATCH
2011;A;1;2011A1;2011-04-23;2011-04-18;2011-05-18;HATCH
2011;A;2;2011A2;2011-04-23;2011-04-18;2011-05-19;HATCH
2011;A;11;2011A11;2011-05-01;2011-04-23;2011-05-19;ABAN
2011;A;12;2011A12;2011-05-02;2011-04-24;2011-05-20;HATCH
2011;A;5;2011A5;2011-04-26;2011-04-21;2011-05-21;HATCH
2011;A;8;2011A8;2011-04-26;2011-04-21;2011-05-21;HATCH
2011;A;102;2011A102;2011-05-06;2011-04-28;2011-05-21;HATCH
2011;A;7;2011A7;2011-04-26;2011-04-21;2011-05-22;HATCH
2011;B;1;2011B1;2011-04-26;2011-04-21;2011-05-22;HATCH
2011;A;6;2011A6;2011-04-26;2011-04-18;2011-05-24;HATCH
2011;A;3;2011A3;2011-04-23;2011-04-18;2011-05-25;HATCH
2011;A;13;2011A13;2011-05-02;2011-04-27;2011-05-25;HATCH
2011;A;14;2011A14;2011-05-02;2011-04-24;2011-05-25;HATCH
2011;A;10;2011A10;2011-05-01;2011-04-26;2011-05-26;HATCH
2011;A;104;2011A104;2011-05-09;2011-05-01;2011-05-29;HATCH
2011;D;1;2011D1;2011-05-29;2011-05-24;2011-05-30;PRED
2011;C;3;2011C3;2011-05-14;2011-05-04;2011-05-31;HATCH
2011;A;103;2011A103;2011-05-07;2011-05-02;2011-06-01;ABAN
2011;A;101;2011A101;2011-05-06;2011-04-28;2011-06-03;HATCH
2011;A;107;2011A107;2011-05-18;2011-05-10;2011-06-04;ABAN
2011;E;4;2011E4;2011-05-31;2011-05-25;2011-06-04;ABAN
2011;A;105;2011A105;2011-05-11;2011-05-06;2011-06-06;HATCH
2011;A;106;2011A106;2011-05-14;2011-05-06;2011-06-06;HATCH
2011;A;201;2011A201;2011-05-09;2011-05-07;2011-06-06;HATCH
2011;A;15;2011A15;2011-05-23;2011-05-13;2011-06-07;ABAN
2011;B;101;2011B101;2011-05-23;2011-05-13;2011-06-07;HATCH
2011;B;201;2011B201;2011-05-14;2011-05-09;2011-06-08;HATCH
2011;B;103;2011B103;2011-06-02;2011-05-31;2011-06-10;PRED
2011;D;3;2011D3;2011-06-05;2011-05-31;2011-06-11;PRED
2011;E;7;2011E7;2011-06-03;2011-05-26;2011-06-11;PRED
2011;E;3;2011E3;2011-05-31;2011-05-23;2011-06-12;HATCH
2011;D;2;2011D2;2011-05-30;2011-05-22;2011-06-14;HATCH
2011;E;6;2011E6;2011-06-03;2011-05-29;2011-06-14;PRED
2011;A;108;2011A108;2011-05-25;2011-05-20;2011-06-16;HATCH
2011;B;102;2011B102;2011-05-27;2011-05-24;2011-06-17;ABAN
2011;D;6;2011D6;2011-06-12;2011-06-07;2011-06-18;FLOOD
2011;D;101;2011D101;2011-06-04;2011-06-03;2011-06-18;PRED
2011;A;16;2011A16;2011-05-25;2011-05-20;2011-06-19;HATCH
2011;A;17;2011A17;2011-06-05;2011-05-28;2011-06-19;PRED
2011;D;4;2011D4;2011-06-11;2011-06-01;2011-06-20;HATCH
2011;B;104;2011B104;2011-06-03;2011-06-01;2011-06-22;PRED
2011;E;1;2011E1;2011-05-30;2011-05-22;2011-06-22;HATCH
2011;B;4;2011B4;2011-06-08;2011-05-31;2011-06-26;HATCH
2011;E;2;2011E2;2011-05-31;2011-05-26;2011-06-26;HATCH
2011;C;4;2011C4;2011-06-06;2011-06-01;2011-06-27;PRED
2011;E;5;2011E5;2011-06-03;2011-05-29;2011-06-28;HATCH
2011;A;301;2011A301;2011-06-09;2011-06-04;2011-06-30;HATCH
2011;E;8;2011E8;2011-06-04;2011-06-02;2011-06-30;HATCH
2011;A;202;2011A202;2011-06-28;2011-06-23;2011-07-03;FLOOD
2011;B;3;2011B3;2011-06-07;2011-06-02;2011-07-03;HATCH
2011;B;5;2011B5;2011-06-08;2011-06-07;2011-07-03;FLOOD
2011;B;202;2011B202;2011-06-27;2011-06-24;2011-07-03;FLOOD
2011;B;203;2011B203;2011-06-26;2011-06-18;2011-07-03;FLOOD
2011;B;301;2011B301;2011-06-26;2011-06-23;2011-07-03;FLOOD
2011;C;101;2011C101;2011-06-15;2011-06-12;2011-07-03;FLOOD
2011;D;5;2011D5;2011-06-12;2011-06-04;2011-07-02;HATCH
2011;D;7;2011D7;2011-06-12;2011-06-07;2011-07-03;FLOOD
2011;D;8;2011D8;2011-06-26;2011-06-21;2011-07-03;FLOOD
2011;D;9;2011D9;2011-06-27;2011-06-26;2011-07-03;FLOOD
2011;D;102;2011D102;2011-06-28;2011-06-23;2011-07-03;FLOOD
2011;D;201;2011D201;2011-06-17;2011-06-15;2011-07-03;FLOOD
2011;E;9;2011E9;2011-06-27;2011-06-22;2011-07-03;FLOOD
2011;E;10;2011E10;2011-06-29;2011-06-21;2011-07-03;FLOOD
2011;A;203;2011A203;2011-07-08;NA;NA;ABAN
2012;B;101;2012B101;2012-05-20;2012-04-30;2012-05-24;HATCH
2012;C;101;2012C101;2012-05-18;2012-05-07;2012-06-01;HATCH
2012;C;301;2012C301;2012-06-12;2012-06-08;NA;UNKNOWN
2012;D;1;2012D1;2012-04-28;2012-05-05;2012-05-29;HATCH
2012;D;2;2012D2;2012-05-06;2012-05-04;2012-05-28;PRED
2012;D;3;2012D3;2012-05-15;2012-05-16;2012-05-17;ABAN
2012;D;4;2012D4;2012-05-15;2012-05-10;2012-06-02;HATCH
2012;D;5;2012D5;2012-05-15;2012-05-08;2012-05-28;HATCH
2012;D;6;2012D6;2012-05-18;2012-05-13;2012-06-06;HATCH
2012;D;101;2012D101;2012-05-23;2012-05-04;2012-05-29;HATCH
2012;D;102;2012D102;2012-05-31;2012-05-30;2012-06-24;PRED
2012;D;301;2012D301;2012-06-12;2012-06-09;NA;UNKNOWN
2012;E;101;2012E101;2012-05-18;2012-05-05;2012-05-30;UNKNOWN
2012;G;1;2012G1;2012-05-07;2012-05-06;2012-06-02;HATCH
2012;G;2;2012G2;2012-05-18;2012-05-17;2012-06-01;PRED
2012;G;3;2012G3;2012-05-18;2012-05-13;2012-05-28;FLOOD
2012;G;4;2012G4;2012-05-18;2012-05-16;2012-06-03;HATCH
2012;G;5;2012G5;2012-05-19;2012-05-17;2012-06-04;FLOOD
2012;G;6;2012G6;2012-05-19;2012-05-11;2012-06-03;HATCH
2012;G;7;2012G7;2012-05-19;2012-05-14;2012-06-01;PRED
2012;G;8;2012G8;2012-05-19;2012-05-14;2012-06-04;FLOOD
2012;G;9;2012G9;2012-05-19;2012-05-08;2012-05-28;HATCH
2012;G;10;2012G10;2012-05-20;2012-05-15;2012-05-28;PRED
2012;G;11;2012G11;2012-05-24;2012-05-22;2012-06-04;FLOOD
2012;G;12;2012G12;2012-05-24;2012-05-05;2012-05-30;HATCH
2012;G;201;2012G201;2012-05-20;2012-05-12;2012-06-04;FLOOD
2012;G;202;2012G202;2012-05-20;2012-05-15;2012-06-04;FLOOD
2012;G;203;2012G203;2012-05-20;2012-05-15;2012-06-04;FLOOD
2012;G;204;2012G204;2012-05-22;2012-05-17;2012-06-04;FLOOD
2012;G;301;2012G301;2012-05-27;2012-05-20;2012-06-04;FLOOD
2012;G;302;2012G302;2012-05-27;2012-05-15;2012-06-04;FLOOD
2012;G;303;2012G303;2012-05-31;2012-05-26;2012-06-03;FLOOD
2012;G;304;2012G304;2012-06-01;2012-05-29;2012-06-04;FLOOD
2012;G;305;2012G305;2012-06-03;2012-06-01;2012-06-04;FLOOD
2013;B;101;2013B101;2013-05-29;2013-05-27;2013-06-23;HATCH
2013;C;1;2013C1;NA;NA;NA;UNKNOWN
2013;C;2;2013C2;2013-04-20;2013-04-15;2013-05-05;UNKNOWN
2013;C;3;2013C3;2013-04-25;2013-04-20;2013-05-21;HATCH
2013;C;4;2013C4;2013-04-29;2013-04-24;2013-05-16;HATCH
2013;C;5;2013C5;2013-05-05;2013-04-28;2013-05-24;HATCH
2013;C;6;2013C6;2013-05-22;2013-05-21;NA;HATCH
2013;C;101;2013C101;2013-05-12;2013-05-01;2013-05-22;HATCH
2013;C;201;2013C201;2013-06-13;2013-06-30;2013-06-29;UNKNOWN
2013;D;1;2013D1;2013-04-20;2013-04-12;2013-05-07;HATCH
2013;D;2;2013D2;2013-04-26;2013-04-21;NA;UNKNOWN
2013;D;3;2013D3;2013-04-26;2013-04-18;2013-05-18;HATCH
2013;D;4;2013D4;2013-05-01;2013-04-27;2013-05-19;HATCH
2013;D;5;2013D5;2013-05-01;2013-04-24;2013-05-07;UNKNOWN
2013;D;6;2013D6;2013-05-07;2013-05-06;2013-06-01;HATCH
2013;D;7;2013D7;2013-05-10;2013-05-01;2013-05-14;PRED
2013;D;8;2013D8;2013-05-10;2013-05-05;2013-05-14;PRED
2013;D;9;2013D9;2013-05-14;2013-05-10;2013-06-05;HATCH
2013;D;10;2013D10;2013-05-19;2013-05-15;2013-06-09;HATCH
2013;D;11;2013D11;2013-05-19;2013-05-15;2013-06-10;HATCH
2013;D;12;2013D12;2013-05-19;2013-05-19;NA;HATCH
2013;D;13;2013D13;2013-05-31;2013-05-21;NA;HATCH
2013;D;14;2013D14;2013-05-31;2013-05-27;2013-06-09;PRED
2013;D;101;2013D101;2013-05-12;2013-05-08;2013-06-01;HATCH
2013;D;102;2013D102;2013-05-14;2013-05-10;2013-05-29;UNKNOWN
2013;D;103;2013D103;2013-05-16;2013-05-07;2013-05-29;HATCH
2013;E;1;2013E1;2013-04-29;2013-04-21;2013-05-05;PRED
2013;E;2;2013E2;2013-04-29;2013-04-21;2013-05-06;HATCH
2013;G;1;2013G1;2013-06-22;2013-06-17;2013-06-29;FLOOD
2013;G;2;2013G2;2013-06-24;2013-06-16;2013-06-29;FLOOD
2013;G;3;2013G3;2013-06-24;2013-06-19;2013-06-29;FLOOD
2015;A;1;2015A1;2015-04-11;NA;2015-04-25;PRED
2015;A;2;2015A2;2015-04-11;NA;NA;PRED
2015;A;3;2015A3;2015-04-11;2015-04-06;2015-05-01;HATCH
2015;A;4;2015A4;2015-04-23;2015-04-24;2015-05-19;HATCH
2015;C;1;2015C1;2015-04-23;2015-04-10;2015-05-05;HATCH
2015;C;2;2015C2;2015-04-23;2015-04-16;2015-05-11;HATCH
2015;C;3;2015C3;2015-04-23;2015-04-24;2015-05-19;HATCH
2015;C;4;2015C4;2015-04-23;2015-04-11;2015-05-06;HATCH
2015;C;5;2015C5;2015-04-27;2015-04-19;2015-05-05;PRED
2015;A;5;2015A5;2015-04-27;2015-04-29;2015-05-24;HATCH
2015;B;1;2015B1;2015-04-28;2015-04-28;2015-05-23;HATCH
2015;C;6;2015C6;2015-04-28;2015-04-25;2015-05-20;HATCH
2015;C;7;2015C7;2015-05-01;2015-04-29;2015-05-22;PRED
2015;D;1;2015D1;2015-05-08;2015-05-04;2015-05-29;HATCH
2015;Cn;1;2015Cn1;2015-05-05;2015-04-10;2015-05-05;HATCH
2015;E;1;2015E1;2015-05-09;2015-04-29;2015-05-24;HATCH
2015;D;2;2015D2;2015-05-11;2015-05-16;2015-06-10;HATCH
2015;E;2;2015E2;2015-05-15;2015-05-18;2015-06-12;HATCH
2015;A;6;2015A6;2015-05-17;2015-05-07;2015-06-01;HATCH
2015;A;7;2015A7;2015-05-17;2015-05-15;2015-06-09;HATCH
2015;B;2;2015B2;2015-05-17;2015-05-07;2015-06-01;HATCH
2015;E;101;2015E101;2015-05-17;2015-05-09;2015-05-28;ABAN
2015;En;101;2015En101;2015-05-17;2015-04-16;2015-05-11;HATCH
2015;D;3;2015D3;2015-05-20;2015-05-18;2015-06-12;HATCH
2015;D;101;2015D101;2015-05-17;2015-05-04;2015-05-29;HATCH
2015;D;102;2015D102;2015-05-30;2015-05-20;2015-06-07;FLOOD
2015;D;103;2015D103;2015-05-30;2015-05-07;2015-06-01;HATCH
2015;D;104;2015D104;2015-05-30;2015-05-30;2015-06-07;FLOOD
2015;A;8;2015A8;2015-05-24;2015-05-22;2015-06-09;ABAN
2015;A;9;2015A9;2015-05-30;2015-05-13;2015-06-07;HATCH
2015;A;10;2015A10;2015-05-30;2015-05-28;2015-06-09;ABAN
2015;E;102;2015E102;2015-05-30;2015-05-28;2015-06-07;FLOOD
2015;D;4;2015D4;2015-05-31;2015-05-29;2015-06-05;FLOOD
2015;Dn;1;2015Dn1;2015-06-07;2015-05-13;2015-06-07;HATCH
2015;Dn;101;2015Dn101;2015-05-30;2015-05-02;2015-05-27;HATCH
2015;A;11;2015A11;2015-06-13;2015-06-03;2015-06-28;HATCH
2015;A;12;2015A12;2015-06-13;2015-05-29;2015-06-23;HATCH
2015;C;8;2015C8;2015-06-14;2015-06-14;2015-06-22;PRED
2015;C;9;2015C9;2015-06-14;2015-06-14;2015-06-20;FLOOD
2015;A;13;2015A13;2015-06-18;2015-06-17;2015-06-21;ABAN
2015;C;10;2015C10;2015-06-18;2015-06-08;2015-06-21;FLOOD
2015;E;3;2015E3;2015-06-18;2015-06-18;2015-06-21;FLOOD
2015;C;11;2015C11;2015-06-20;2015-06-18;2015-06-25;FLOOD
2015;C;12;2015C12;2015-06-21;2015-06-19;2015-07-05;FLOOD
2015;E;4;2015E4;2015-06-22;2015-06-22;2015-06-25;FLOOD
2015;A;14;2015A14;2015-06-28;2015-06-28;2015-07-01;ABAN
2015;A;101;2015A101;2015-06-28;2015-06-23;2015-07-05;ABAN
2015;A;15;2015A15;2015-07-05;2015-07-03;2015-07-12;ABAN
2015;A;16;2015A16;2015-07-05;2015-06-30;2015-07-15;PRED
2015;D;5;2015D5;2015-07-12;2015-07-10;2015-07-15;FLOOD
2016;A;101;2016A101;2016-04-09;NA;2016-04-09;PRED
2016;A;102;2016A102;2016-04-09;2016-03-29;2016-04-23;HATCH
2016;A;103;2016A103;2016-04-09;2016-04-01;2016-04-26;HATCH
2016;A;104;2016A104;2016-04-09;2016-04-09;2016-05-04;HATCH
2016;A;105;2016A105;2016-04-09;2016-04-04;2016-04-26;PRED
2016;A;1;2016A1;2016-04-18;2016-04-17;2016-05-12;HATCH
2016;A;2;2016A2;2016-04-18;2016-04-01;2016-04-26;HATCH
2016;A;3;2016A3;2016-04-26;2016-04-03;2016-04-28;HATCH
2016;A;4;2016A4;2016-04-27;2016-04-24;2016-05-19;HATCH
2016;A;5;2016A5;2016-04-28;2016-04-07;2016-05-02;HATCH
2016;A;6;2016A6;2016-04-28;2016-04-23;2016-05-04;PRED
2016;A;7;2016A7;2016-04-29;2016-04-21;2016-05-20;PRED
2016;A;8;2016A8;2016-04-29;2016-04-25;2016-05-20;HATCH
2016;A;9;2016A9;2016-04-29;2016-04-28;2016-05-23;HATCH
2016;A;10;2016A10;2016-04-30;2016-04-28;2016-05-30;ABAN
2016;A;11;2016A11;2016-04-30;2016-04-25;2016-05-20;HATCH
2016;An;1;2016An1;2016-04-30;2016-04-03;2016-04-30;HATCH
2016;A;201;2016A201;2016-04-29;2016-04-21;2016-05-16;HATCH
2016;A;12;2016A12;2016-05-02;2016-04-27;2016-05-20;PRED
2016;B;1;2016B1;2016-05-03;2016-04-09;2016-05-04;HATCH
2016;B;2;2016B2;2016-05-04;2016-04-29;2016-05-26;ABAN
2016;E;1;2016E1;2016-05-06;2016-05-01;2016-05-29;ABAN
2016;D;1;2016D1;2016-05-06;2016-04-28;2016-05-18;PRED
2016;D;2;2016D2;2016-05-06;2016-05-10;2016-06-04;HATCH
2016;D;3;2016D3;2016-05-06;2016-04-28;2016-05-14;PRED
2016;An;2;2016An2;2016-05-07;2016-04-12;2016-05-07;HATCH
2016;A;13;2016A13;2016-05-10;2016-05-10;2016-05-12;ABAN
2016;A;14;2016A14;2016-05-10;2016-05-08;2016-05-20;ABAN
2016;A;15;2016A15;2016-05-10;2016-05-08;2016-05-28;ABAN
2016;A;16;2016A16;2016-05-11;2016-05-06;2016-05-23;ABAN
2016;An;3;2016An3;2016-05-11;2016-04-16;2016-05-11;HATCH
2016;A;17;2016A17;2016-05-11;2016-05-03;2016-05-28;HATCH
2016;A;18;2016A18;2016-05-11;2016-05-11;2016-05-14;ABAN
2016;An;101;2016An101;2016-05-14;2016-04-06;2016-05-01;HATCH
2016;An;102;2016An102;2016-05-14;2016-04-09;2016-05-04;HATCH
2016;A;106;2016A106;2016-05-15;2016-05-16;2016-06-10;HATCH
2016;B;3;2016B3;2016-05-15;2016-05-12;2016-06-06;HATCH
2016;A;19;2016A19;2016-05-18;2016-05-16;2016-06-10;HATCH
2016;E;2;2016E2;2016-05-18;2016-05-16;2016-05-20;PRED
2016;D;4;2016D4;2016-05-20;2016-05-16;2016-06-10;HATCH
2016;Dn;1;2016Dn1;2016-05-21;2016-04-26;2016-05-21;HATCH
2016;C;1;2016C1;2016-05-23;2016-05-21;2016-05-23;PRED
2016;A;20;2016A20;2016-06-06;2016-05-25;2016-06-19;HATCH
2016;A;21;2016A21;2016-06-06;2016-05-27;2016-06-21;HATCH
2016;A;22;2016A22;2016-06-09;2016-06-07;2016-06-10;PRED
2016;A;23;2016A23;2016-06-06;2016-05-15;2016-06-09;HATCH
2016;A;24;2016A24;2016-06-09;2016-06-01;2016-06-10;PRED
2016;C;2;2016C2;2016-06-16;2016-06-16;2016-07-05;FLOOD
2016;E;3;2016E3;2016-06-16;2016-05-28;2016-06-22;HATCH
2016;C;3;2016C3;2016-06-16;2016-06-16;2016-06-22;ABAN
2016;C;4;2016C4;2016-06-18;2016-06-18;2016-07-05;FLOOD
2016;A;25;2016A25;2016-06-24;2016-06-19;2016-07-05;FLOOD
2016;A;26;2016A26;2016-06-24;2016-06-01;2016-06-26;HATCH
2016;Cn;1;2016Cn1;2016-06-30;2016-06-05;2016-06-30;HATCH
2016;Cn;2;2016Cn2;2016-06-30;2016-06-05;2016-06-30;HATCH
2016;E;4;2016E4;2016-07-01;2016-06-06;2016-07-01;HATCH
2016;Cn;101;2016Cn101;2016-07-02;2016-06-06;2016-07-01;HATCH