"","year","nest","laid"
"1",2006,"2006A1",2006-04-30
"2",2006,"2006A2",2006-04-30
"3",2006,"2006A3",2006-05-04
"4",2006,"2006A4",2006-05-06
"5",2006,"2006A5",2006-05-07
"6",2006,"2006A6",2006-05-06
"7",2006,"2006A7",2006-05-07
"8",2006,"2006A8",2006-05-05
"9",2006,"2006A101",2006-05-12
"10",2006,"2006A102",2006-05-10
"11",2006,"2006A103",2006-05-13
"12",2006,"2006A104",2006-05-13
"13",2006,"2006A105",2006-05-03
"14",2006,"2006A106",2006-05-13
"15",2006,"2006B1",2006-05-01
"16",2006,"2006B2",2006-05-01
"17",2006,"2006B3",2006-04-28
"18",2006,"2006B4",2006-05-07
"19",2006,"2006B5",2006-05-07
"20",2006,"2006B6",2006-05-13
"21",2006,"2006B7",2006-05-15
"22",2006,"2006B8",2006-05-16
"23",2006,"2006B9",2006-05-22
"24",2006,"2006B101",2006-05-04
"25",2006,"2006B102",2006-05-12
"26",2006,"2006B207",2006-05-27
"27",2006,"2006B208",2006-05-13
"28",2006,"2006B209",2006-05-13
"29",2006,"2006C1",2006-04-23
"30",2006,"2006C2",2006-05-06
"31",2006,"2006C3",2006-05-02
"32",2006,"2006C4",2006-05-03
"33",2006,"2006C5",2006-05-02
"34",2006,"2006C6",2006-05-07
"35",2006,"2006C7",2006-05-10
"36",2006,"2006C8",2006-05-13
"37",2006,"2006C9",2006-05-12
"38",2006,"2006C10",2006-05-13
"39",2006,"2006C11",2006-05-14
"40",2006,"2006C12",2006-05-14
"41",2006,"2006C13",2006-05-20
"42",2006,"2006C14",2006-05-18
"43",2006,"2006C15",2006-05-18
"44",2006,"2006C16",2006-05-22
"45",2006,"2006C17",2006-06-01
"46",2006,"2006C18",2006-06-08
"47",2006,"2006C19",2006-06-10
"48",2006,"2006C20",2006-06-09
"49",2006,"2006C21",2006-06-14
"50",2006,"2006C22",2006-06-16
"51",2006,"2006C23",2006-06-20
"52",2006,"2006C24",2006-06-21
"53",2006,"2006C25",2006-06-22
"54",2006,"2006C26",2006-06-22
"55",2006,"2006C27",2006-06-18
"56",2006,"2006C28",2006-06-23
"57",2006,"2006C29",2006-06-23
"58",2006,"2006C30",2006-06-15
"59",2006,"2006C31",2006-06-13
"60",2006,"2006C32",2006-06-22
"61",2006,"2006C33",2006-06-21
"62",2006,"2006C34",2006-06-28
"63",2006,"2006C35",2006-06-28
"64",2006,"2006C36",2006-07-04
"65",2006,"2006C37",2006-07-04
"66",2006,"2006C38",2006-06-28
"67",2006,"2006C39",2006-07-04
"68",2006,"2006C101",2006-05-03
"69",2006,"2006C103",2006-05-01
"70",2006,"2006C104",2006-04-29
"71",2006,"2006C105",2006-05-05
"72",2006,"2006C106",2006-05-12
"73",2006,"2006C107",2006-05-06
"74",2006,"2006C108",2006-05-20
"75",2006,"2006C109",2006-05-20
"76",2006,"2006C110",2006-05-16
"77",2006,"2006C111",2006-05-19
"78",2006,"2006C112",2006-05-22
"79",2006,"2006C113",2006-06-06
"80",2006,"2006C201",2006-06-06
"81",2006,"2006C205",2006-06-05
"82",2006,"2006C206",2006-05-27
"83",2006,"2006C210",2006-05-28
"84",2006,"2006C211",2006-06-02
"85",2006,"2006C212",2006-06-07
"86",2006,"2006C213",2006-05-28
"87",2006,"2006C214",2006-06-02
"88",2006,"2006D1",2006-04-25
"89",2006,"2006D2",2006-05-02
"90",2006,"2006D3",2006-05-10
"91",2006,"2006D4",2006-05-13
"92",2006,"2006D5",2006-05-16
"93",2006,"2006D6",2006-05-06
"94",2006,"2006D7",2006-05-21
"95",2006,"2006D8",2006-05-15
"96",2006,"2006D9",2006-05-18
"97",2006,"2006D10",2006-05-23
"98",2006,"2006D11",2006-05-21
"99",2006,"2006D12",2006-05-21
"100",2006,"2006D13",2006-05-30
"101",2006,"2006D14",2006-05-26
"102",2006,"2006D15",2006-05-21
"103",2006,"2006D16",2006-06-03
"104",2006,"2006D17",2006-06-02
"105",2006,"2006D18",2006-06-12
"106",2006,"2006D19",2006-06-07
"107",2006,"2006D20",2006-06-01
"108",2006,"2006D21",2006-06-02
"109",2006,"2006D22",2006-06-08
"110",2006,"2006D23",2006-06-05
"111",2006,"2006D24",2006-06-12
"112",2006,"2006D25",2006-06-14
"113",2006,"2006D26",2006-06-16
"114",2006,"2006D27",2006-06-16
"115",2006,"2006D28",2006-06-08
"116",2006,"2006D29",2006-06-05
"117",2006,"2006D30",2006-06-15
"118",2006,"2006D31",2006-06-05
"119",2006,"2006D32",2006-06-15
"120",2006,"2006D33",2006-06-06
"121",2006,"2006D34",2006-06-05
"122",2006,"2006D35",2006-06-12
"123",2006,"2006D36",2006-06-06
"124",2006,"2006D37",2006-06-17
"125",2006,"2006D38",2006-06-11
"126",2006,"2006D39",2006-06-16
"127",2006,"2006D40",2006-06-13
"128",2006,"2006D41",2006-06-28
"129",2006,"2006D42",2006-06-26
"130",2006,"2006D43",2006-06-09
"131",2006,"2006D44",2006-06-25
"132",2006,"2006D45",2006-07-04
"133",2006,"2006D46",2006-06-28
"134",2006,"2006D47",2006-07-05
"135",2006,"2006D101",2006-05-04
"136",2006,"2006D102",2006-05-07
"137",2006,"2006D103",2006-05-07
"138",2006,"2006D104",2006-05-14
"139",2006,"2006D105",2006-05-14
"140",2006,"2006D106",2006-05-14
"141",2006,"2006D107",2006-05-20
"142",2006,"2006D108",2006-05-20
"143",2006,"2006D109",2006-05-20
"144",2006,"2006D110",2006-05-20
"145",2006,"2006D111",2006-05-21
"146",2006,"2006D112",2006-05-21
"147",2006,"2006D113",2006-05-16
"148",2006,"2006D114",2006-05-22
"149",2006,"2006D115",2006-05-19
"150",2006,"2006D116",2006-05-24
"151",2006,"2006D117",2006-05-19
"152",2006,"2006D118",2006-05-24
"153",2006,"2006D119",2006-05-26
"154",2006,"2006D120",2006-06-04
"155",2006,"2006D122",2006-05-28
"156",2006,"2006D202",2006-06-06
"157",2006,"2006D203",2006-06-05
"158",2006,"2006D204",2006-06-05
"159",2006,"2006E1",2006-05-11
"160",2006,"2006E2",2006-06-02
"161",2006,"2006F1",2006-06-10
"162",2007,"2007A1",2007-04-28
"163",2007,"2007A2",2007-04-27
"164",2007,"2007A3",2007-04-29
"165",2007,"2007A4",2007-05-05
"166",2007,"2007A5",2007-05-05
"167",2007,"2007A6",2007-05-04
"168",2007,"2007A7",2007-05-15
"169",2007,"2007A8",2007-05-15
"170",2007,"2007A9",2007-05-15
"171",2007,"2007A101",2007-04-28
"172",2007,"2007A102",2007-04-28
"173",2007,"2007A103",2007-04-29
"174",2007,"2007A104",2007-05-13
"175",2007,"2007A105",2007-05-15
"176",2007,"2007A106",2007-05-17
"177",2007,"2007A107",2007-05-17
"178",2007,"2007A108",2007-05-16
"179",2007,"2007A109",2007-05-18
"180",2007,"2007A110",2007-05-12
"181",2007,"2007A111",2007-05-22
"182",2007,"2007A112",2007-05-21
"183",2007,"2007A113",2007-05-24
"184",2007,"2007A114",2007-05-23
"185",2007,"2007A115",2007-05-23
"186",2007,"2007A116",2007-05-14
"187",2007,"2007A117",2007-05-23
"188",2007,"2007A118",2007-05-25
"189",2007,"2007A119",2007-05-25
"190",2007,"2007A120",2007-05-23
"191",2007,"2007A121",2007-06-02
"192",2007,"2007A122",2007-06-05
"193",2007,"2007A123",2007-05-16
"194",2007,"2007A124",2007-06-06
"195",2007,"2007A125",2007-06-09
"196",2007,"2007A126",2007-06-01
"197",2007,"2007A127",2007-06-10
"198",2007,"2007A128",2007-06-07
"199",2007,"2007A129",2007-06-10
"200",2007,"2007A130",2007-06-02
"201",2007,"2007A131",2007-06-03
"202",2007,"2007A132",2007-06-08
"203",2007,"2007A133",2007-06-02
"204",2007,"2007A134",2007-06-14
"205",2007,"2007A201",2007-05-07
"206",2007,"2007A202",2007-05-10
"207",2007,"2007A203",2007-04-30
"208",2007,"2007A204",2007-05-01
"209",2007,"2007A205",2007-05-09
"210",2007,"2007A206",2007-05-09
"211",2007,"2007A207",2007-05-11
"212",2007,"2007A301",2007-06-01
"213",2007,"2007B1",2007-04-17
"214",2007,"2007B2",2007-04-30
"215",2007,"2007B3",2007-04-18
"216",2007,"2007B4",2007-04-29
"217",2007,"2007B5",2007-06-01
"218",2007,"2007B6",2007-06-10
"219",2007,"2007B7",2007-05-30
"220",2007,"2007B8",2007-06-18
"221",2007,"2007B9",2007-06-22
"222",2007,"2007B10",NA
"223",2007,"2007B11",NA
"224",2007,"2007B12",NA
"225",2007,"2007B13",2007-07-10
"226",2007,"2007B101",2007-05-01
"227",2007,"2007B102",2007-05-14
"228",2007,"2007B103",2007-04-22
"229",2007,"2007B104",2007-05-18
"230",2007,"2007B105",2007-05-18
"231",2007,"2007B106",2007-06-05
"232",2007,"2007B107",2007-06-05
"233",2007,"2007B108",2007-06-01
"234",2007,"2007B109",NA
"235",2007,"2007B301",2007-06-15
"236",2007,"2007C1",2007-04-18
"237",2007,"2007C2",2007-04-23
"238",2007,"2007C3",2007-04-17
"239",2007,"2007C4",2007-04-17
"240",2007,"2007C5",2007-04-18
"241",2007,"2007C6",2007-04-20
"242",2007,"2007C7",2007-04-20
"243",2007,"2007C8",2007-04-30
"244",2007,"2007C9",2007-05-02
"245",2007,"2007C10",2007-05-02
"246",2007,"2007C11",2007-04-23
"247",2007,"2007C12",2007-04-30
"248",2007,"2007C13",2007-05-04
"249",2007,"2007C14",2007-04-25
"250",2007,"2007C15",2007-05-05
"251",2007,"2007C16",2007-06-01
"252",2007,"2007C17",2007-06-11
"253",2007,"2007C101",2007-04-21
"254",2007,"2007C102",2007-05-03
"255",2007,"2007C103",2007-05-10
"256",2007,"2007C104",2007-06-14
"257",2007,"2007C301",2007-06-04
"258",2007,"2007C305",2007-07-05
"259",2007,"2007C302",2007-06-25
"260",2007,"2007C303",2007-06-05
"261",2007,"2007C304",2007-06-27
"262",2007,"2007D1",2007-06-11
"263",2007,"2007D2",2007-05-01
"264",2007,"2007D3",2007-05-05
"265",2007,"2007D4",2007-05-09
"266",2007,"2007D5",2007-05-04
"267",2007,"2007D6",2007-06-06
"268",2007,"2007D7",2007-06-10
"269",2007,"2007D8",2007-06-15
"270",2007,"2007D9",2007-06-20
"271",2007,"2007D10",2007-06-13
"272",2007,"2007D11",2007-06-21
"273",2007,"2007D12",2007-06-16
"274",2007,"2007D13",2007-06-25
"275",2007,"2007D101",2007-06-07
"276",2007,"2007D102",2007-06-06
"277",2007,"2007D103",2007-06-07
"278",2007,"2007D104",2007-06-08
"279",2007,"2007D105",2007-06-08
"280",2007,"2007D106",2007-06-16
"281",2007,"2007D107",2007-06-12
"282",2007,"2007D108",2007-06-11
"283",2007,"2007D109",2007-06-11
"284",2007,"2007D110",2007-06-16
"285",2007,"2007D111",2007-06-14
"286",2007,"2007D302",2007-07-06
"287",2007,"2007E1",2007-04-18
"288",2007,"2007E2",2007-06-07
"289",2007,"2007E3",2007-06-12
"290",2007,"2007E4",2007-06-14
"291",2007,"2007E5",NA
"292",2007,"2007E101",2007-05-27
"293",2007,"2007E102",2007-06-03
"294",2007,"2007E103",2007-05-29
"295",2007,"2007E301",2007-05-24
"296",2007,"2007E302",2007-06-08
"297",2007,"2007E303",2007-05-25
"298",2007,"2007E304",2007-06-20
"299",2007,"2007E305",2007-06-16
"300",2007,"2007E306",2007-06-24
"301",2007,"2007F101",2007-06-06
"302",2008,"2008A1",2008-04-20
"303",2008,"2008A2",2008-04-21
"304",2008,"2008A3",2008-04-25
"305",2008,"2008A4",2008-04-16
"306",2008,"2008A5",2008-04-22
"307",2008,"2008A6",2008-04-17
"308",2008,"2008A7",2008-04-28
"309",2008,"2008A8",2008-04-28
"310",2008,"2008A9",2008-04-30
"311",2008,"2008A10",2008-05-03
"312",2008,"2008A11",2008-05-03
"313",2008,"2008A12",2008-05-05
"314",2008,"2008A13",2008-05-06
"315",2008,"2008A14",2008-05-09
"316",2008,"2008A15",2008-05-12
"317",2008,"2008A16",2008-05-11
"318",2008,"2008A17",2008-05-10
"319",2008,"2008A18",2008-05-18
"320",2008,"2008A19",2008-05-18
"321",2008,"2008A20",2008-05-21
"322",2008,"2008A22",2008-05-25
"323",2008,"2008A23",2008-05-28
"324",2008,"2008A24",2008-06-04
"325",2008,"2008A25",2008-06-10
"326",2008,"2008A101",2008-04-23
"327",2008,"2008A102",2008-05-03
"328",2008,"2008A103",2008-05-01
"329",2008,"2008A104",2008-05-27
"330",2008,"2008A 21",2008-05-22
"331",2008,"2008B1",2008-04-23
"332",2008,"2008B2",2008-05-08
"333",2008,"2008B3",2008-05-14
"334",2008,"2008B4",2008-05-13
"335",2008,"2008B101",2008-04-25
"336",2008,"2008B102",2008-05-01
"337",2008,"2008B103",2008-04-30
"338",2008,"2008B104",2008-04-25
"339",2008,"2008B105",2008-05-19
"340",2008,"2008B106",2008-05-26
"341",2008,"2008B107",2008-06-09
"342",2008,"2008B201",2008-06-13
"343",2008,"2008C1",2008-05-26
"344",2008,"2008C101",2008-04-22
"345",2008,"2008C102",2008-04-13
"346",2008,"2008C103",2008-04-13
"347",2008,"2008C104",2008-04-14
"348",2008,"2008C105",2008-04-23
"349",2008,"2008C106",2008-05-01
"350",2008,"2008C107",2008-05-03
"351",2008,"2008C108",2008-05-08
"352",2008,"2008C109",2008-05-23
"353",2008,"2008C110",2008-05-25
"354",2008,"2008C111",2008-05-26
"355",2008,"2008C112",2008-05-29
"356",2008,"2008C113",2008-06-01
"357",2008,"2008C114",2008-06-06
"358",2008,"2008C115",2008-06-08
"359",2008,"2008D1",2008-06-01
"360",2008,"2008D2",2008-06-08
"361",2008,"2008D3",2008-06-09
"362",2008,"2008D4",2008-06-09
"363",2008,"2008D5",2008-06-22
"364",2008,"2008D6",2008-06-23
"365",2008,"2008D101",2008-04-22
"366",2008,"2008D102",2008-04-24
"367",2008,"2008D103",2008-06-11
"368",2008,"2008D104",2008-06-12
"369",2008,"2008D105",2008-06-24
"370",2008,"2008D201",2008-06-05
"371",2008,"2008D202",2008-06-09
"372",2008,"2008D203",2008-06-12
"373",2008,"2008D204",2008-06-13
"374",2008,"2008E101",2008-05-03
"375",2008,"2008E102",2008-05-04
"376",2008,"2008F101",2008-05-02
"377",2008,"2008F102",2008-05-07
"378",2009,"2009A1",2009-04-23
"379",2009,"2009A2",2009-04-24
"380",2009,"2009A3",2009-04-24
"381",2009,"2009A4",2009-04-30
"382",2009,"2009A5",2009-05-02
"383",2009,"2009A6",2009-05-02
"384",2009,"2009A7",2009-05-02
"385",2009,"2009A8",2009-05-06
"386",2009,"2009A9",2009-05-08
"387",2009,"2009A101",2009-05-12
"388",2009,"2009A102",2009-06-04
"389",2009,"2009A103",2009-06-10
"390",2009,"2009A201",2009-05-02
"391",2009,"2009A202",2009-05-15
"392",2009,"2009A203",2009-05-14
"393",2009,"2009A204",2009-05-19
"394",2009,"2009A205",2009-06-09
"395",2009,"2009A206",2009-06-14
"396",2009,"2009A207",2009-06-15
"397",2009,"2009B1",2009-04-22
"398",2009,"2009B2",2009-04-20
"399",2009,"2009B3",2009-04-30
"400",2009,"2009B4",2009-05-07
"401",2009,"2009B5",2009-05-11
"402",2009,"2009B6",2009-06-16
"403",2009,"2009B101",2009-05-15
"404",2009,"2009B102",2009-06-07
"405",2009,"2009C1",2009-04-25
"406",2009,"2009C2",2009-04-26
"407",2009,"2009C3",2009-04-19
"408",2009,"2009C4",2009-05-06
"409",2009,"2009C5",2009-05-12
"410",2009,"2009C6",2009-06-27
"411",2009,"2009C7",2009-06-29
"412",2009,"2009C8",2009-07-05
"413",2009,"2009C101",2009-05-14
"414",2009,"2009C102",2009-05-30
"415",2009,"2009C103",2009-05-31
"416",2009,"2009C104",2009-05-25
"417",2009,"2009D1",2009-05-18
"418",2009,"2009D2",2009-05-19
"419",2009,"2009D3",2009-05-21
"420",2009,"2009D4",2009-05-29
"421",2009,"2009D5",2009-05-18
"422",2009,"2009D6",2009-05-28
"423",2009,"2009D7",2009-05-28
"424",2009,"2009D8",2009-06-09
"425",2009,"2009D9",2009-06-10
"426",2009,"2009D10",2009-06-16
"427",2009,"2009D11",NA
"428",2009,"2009D12",2009-07-04
"429",2009,"2009D101",2009-05-14
"430",2009,"2009D102",2009-05-15
"431",2009,"2009D103",2009-05-26
"432",2009,"2009D104",2009-05-28
"433",2009,"2009D105",2009-05-23
"434",2009,"2009D106",2009-05-29
"435",2009,"2009D107",2009-06-02
"436",2009,"2009D108",2009-05-31
"437",2009,"2009D109",2009-06-06
"438",2009,"2009D110",2009-05-30
"439",2009,"2009D111",2009-06-11
"440",2009,"2009D112",2009-06-11
"441",2009,"2009D113",2009-06-10
"442",2009,"2009E1",2009-05-05
"443",2009,"2009E2",2009-05-11
"444",2009,"2009E3",2009-05-19
"445",2009,"2009E4",2009-05-24
"446",2009,"2009E5",2009-05-20
"447",2009,"2009E6",2009-05-30
"448",2009,"2009E7",2009-05-30
"449",2009,"2009E8",2009-06-08
"450",2009,"2009E9",2009-06-08
"451",2009,"2009G1",2009-05-18
"452",2009,"2009G2",2009-05-26
"453",2009,"2009G3",2009-05-27
"454",2009,"2009G4",2009-05-26
"455",2009,"2009G5",2009-05-17
"456",2009,"2009G6",2009-05-31
"457",2009,"2009G7",2009-05-31
"458",2009,"2009G8",2009-05-28
"459",2009,"2009G9",2009-06-27
"460",2010,"2010A1",2010-04-21
"461",2010,"2010A2",2010-04-12
"462",2010,"2010A3",2010-04-21
"463",2010,"2010A4",2010-04-20
"464",2010,"2010A5",2010-04-12
"465",2010,"2010A6",2010-04-20
"466",2010,"2010A7",2010-04-20
"467",2010,"2010A8",2010-04-20
"468",2010,"2010A9",2010-04-26
"469",2010,"2010A10",2010-04-21
"470",2010,"2010A11",2010-04-21
"471",2010,"2010A12",2010-04-22
"472",2010,"2010A13",2010-04-21
"473",2010,"2010A14",2010-04-21
"474",2010,"2010A15",2010-04-21
"475",2010,"2010A16",2010-04-18
"476",2010,"2010A17",2010-04-21
"477",2010,"2010A18",2010-04-18
"478",2010,"2010A19",2010-04-18
"479",2010,"2010A20",2010-04-21
"480",2010,"2010A21",2010-04-18
"481",2010,"2010A22",2010-04-18
"482",2010,"2010A23",2010-04-13
"483",2010,"2010A24",2010-04-18
"484",2010,"2010A25",2010-04-19
"485",2010,"2010A26",2010-04-14
"486",2010,"2010A27",2010-04-14
"487",2010,"2010A28",2010-04-14
"488",2010,"2010A29",2010-04-23
"489",2010,"2010A30",2010-05-06
"490",2010,"2010A31",2010-06-15
"491",2010,"2010A101",2010-04-26
"492",2010,"2010A102",2010-04-27
"493",2010,"2010A103",2010-04-27
"494",2010,"2010A104",2010-04-30
"495",2010,"2010A105",2010-04-24
"496",2010,"2010A106",2010-04-11
"497",2010,"2010A107",NA
"498",2010,"2010A108",2010-04-17
"499",2010,"2010A109",2010-05-17
"500",2010,"2010A110",2010-05-19
"501",2010,"2010A111",2010-05-17
"502",2010,"2010A112",2010-05-23
"503",2010,"2010A113",2010-06-02
"504",2010,"2010A114",2010-05-28
"505",2010,"2010A115",2010-06-05
"506",2010,"2010A116",2010-06-10
"507",2010,"2010A117",2010-06-14
"508",2010,"2010B101",2010-04-25
"509",2010,"2010B102",2010-06-04
"510",2010,"2010B103",2010-06-16
"511",2010,"2010B201",2010-05-30
"512",2010,"2010C1",2010-04-16
"513",2010,"2010C2",2010-04-16
"514",2010,"2010C3",2010-04-14
"515",2010,"2010C4",2010-04-15
"516",2010,"2010C5",2010-04-24
"517",2010,"2010C6",2010-04-20
"518",2010,"2010C7",2010-04-23
"519",2010,"2010C8",2010-04-15
"520",2010,"2010C9",2010-04-28
"521",2010,"2010C101",2010-04-28
"522",2010,"2010C102",2010-05-07
"523",2010,"2010C103",2010-05-12
"524",2010,"2010C104",2010-05-13
"525",2010,"2010C105",2010-05-18
"526",2010,"2010C106",2010-05-17
"527",2010,"2010C107",2010-05-20
"528",2010,"2010C108",2010-05-23
"529",2010,"2010C109",2010-05-29
"530",2010,"2010C110",2010-05-28
"531",2010,"2010C111",2010-05-29
"532",2010,"2010C112",2010-05-27
"533",2010,"2010C113",2010-06-02
"534",2010,"2010C114",2010-05-24
"535",2010,"2010C115",2010-05-30
"536",2010,"2010C116",2010-06-15
"537",2010,"2010C117",2010-06-13
"538",2010,"2010C118",2010-06-17
"539",2010,"2010C202",2010-05-25
"540",2010,"2010D1",2010-04-19
"541",2010,"2010D2",2010-07-09
"542",2010,"2010D101",2010-05-13
"543",2010,"2010D102",2010-05-19
"544",2010,"2010D103",2010-05-18
"545",2010,"2010D104",2010-05-20
"546",2010,"2010D105",2010-06-20
"547",2010,"2010E101",2010-05-01
"548",2010,"2010E102",2010-05-17
"549",2010,"2010E103",2010-05-22
"550",2010,"2010E104",2010-06-14
"551",2010,"2010F101",2010-05-11
"552",2010,"2010G1",2010-06-19
"553",2010,"2010G2",2010-06-25
"554",2010,"2010G3",2010-06-25
"555",2010,"2010G4",2010-06-20
"556",2011,"2011A4",2011-04-23
"557",2011,"2011A9",2011-04-24
"558",2011,"2011C2",2011-04-20
"559",2011,"2011C1",2011-04-17
"560",2011,"2011C201",2011-05-06
"561",2011,"2011B2",2011-04-19
"562",2011,"2011A1",2011-04-22
"563",2011,"2011A2",2011-04-21
"564",2011,"2011A11",2011-04-26
"565",2011,"2011A12",2011-04-27
"566",2011,"2011A5",2011-04-24
"567",2011,"2011A8",2011-04-24
"568",2011,"2011A102",2011-04-26
"569",2011,"2011A7",2011-04-24
"570",2011,"2011B1",2011-04-24
"571",2011,"2011A6",2011-04-21
"572",2011,"2011A3",2011-04-21
"573",2011,"2011A13",2011-04-30
"574",2011,"2011A14",2011-04-27
"575",2011,"2011A10",2011-04-29
"576",2011,"2011A104",2011-05-07
"577",2011,"2011D1",2011-05-27
"578",2011,"2011C3",2011-05-04
"579",2011,"2011A103",2011-05-06
"580",2011,"2011A101",2011-05-01
"581",2011,"2011A107",2011-05-13
"582",2011,"2011E4",2011-05-25
"583",2011,"2011A105",2011-05-06
"584",2011,"2011A106",2011-05-09
"585",2011,"2011A201",2011-05-07
"586",2011,"2011A15",2011-05-13
"587",2011,"2011B101",2011-05-13
"588",2011,"2011B201",2011-05-12
"589",2011,"2011B103",2011-06-01
"590",2011,"2011D3",2011-06-03
"591",2011,"2011E7",2011-05-29
"592",2011,"2011E3",2011-05-21
"593",2011,"2011D2",2011-05-25
"594",2011,"2011E6",2011-05-29
"595",2011,"2011A108",2011-05-24
"596",2011,"2011B102",2011-05-26
"597",2011,"2011D6",2011-06-10
"598",2011,"2011D101",2011-06-03
"599",2011,"2011A16",2011-05-23
"600",2011,"2011A17",2011-05-31
"601",2011,"2011D4",2011-06-01
"602",2011,"2011B104",2011-06-02
"603",2011,"2011E1",2011-05-25
"604",2011,"2011B4",2011-06-03
"605",2011,"2011E2",2011-05-29
"606",2011,"2011C4",2011-06-04
"607",2011,"2011E5",2011-06-01
"608",2011,"2011A301",2011-06-08
"609",2011,"2011E8",2011-06-02
"610",2011,"2011A202",2011-06-27
"611",2011,"2011B3",2011-06-05
"612",2011,"2011B5",2011-06-06
"613",2011,"2011B202",2011-06-26
"614",2011,"2011B203",2011-06-21
"615",2011,"2011B301",2011-06-25
"616",2011,"2011C101",2011-06-14
"617",2011,"2011D5",2011-06-07
"618",2011,"2011D7",2011-06-10
"619",2011,"2011D8",2011-06-24
"620",2011,"2011D9",2011-06-26
"621",2011,"2011D102",2011-06-27
"622",2011,"2011D201",2011-06-16
"623",2011,"2011E9",2011-06-25
"624",2011,"2011E10",2011-06-24
"625",2011,"2011A203",NA
"626",2012,"2012B101",2012-05-09
"627",2012,"2012C101",2012-05-13
"628",2012,"2012C301",2012-06-07
"629",2012,"2012D1",2012-04-27
"630",2012,"2012D2",2012-05-04
"631",2012,"2012D3",2012-05-13
"632",2012,"2012D4",2012-05-10
"633",2012,"2012D5",2012-05-04
"634",2012,"2012D6",2012-05-13
"635",2012,"2012D101",2012-05-12
"636",2012,"2012D102",2012-05-30
"637",2012,"2012D301",2012-06-10
"638",2012,"2012E101",2012-05-07
"639",2012,"2012G1",2012-05-07
"640",2012,"2012G2",2012-05-17
"641",2012,"2012G3",2012-05-13
"642",2012,"2012G4",2012-05-16
"643",2012,"2012G5",2012-05-17
"644",2012,"2012G6",2012-05-11
"645",2012,"2012G7",2012-05-14
"646",2012,"2012G8",2012-05-18
"647",2012,"2012G9",2012-05-08
"648",2012,"2012G10",2012-05-15
"649",2012,"2012G11",2012-05-22
"650",2012,"2012G12",2012-05-13
"651",2012,"2012G201",2012-05-18
"652",2012,"2012G202",2012-05-18
"653",2012,"2012G203",2012-05-15
"654",2012,"2012G204",2012-05-20
"655",2012,"2012G301",2012-05-22
"656",2012,"2012G302",2012-05-17
"657",2012,"2012G303",2012-05-26
"658",2012,"2012G304",2012-05-30
"659",2012,"2012G305",2012-06-01
"660",2013,"2013B101",2013-05-28
"661",2013,"2013C1",NA
"662",2013,"2013C2",2013-04-15
"663",2013,"2013C3",2013-04-24
"664",2013,"2013C4",2013-04-24
"665",2013,"2013C5",2013-05-03
"666",2013,"2013C6",2013-05-21
"667",2013,"2013C101",2013-05-01
"668",2013,"2013C201",2013-06-13
"669",2013,"2013D1",2013-04-18
"670",2013,"2013D2",2013-04-21
"671",2013,"2013D3",2013-04-24
"672",2013,"2013D4",2013-04-26
"673",2013,"2013D5",2013-04-21
"674",2013,"2013D6",2013-05-07
"675",2013,"2013D7",2013-04-30
"676",2013,"2013D8",2013-05-08
"677",2013,"2013D9",2013-05-09
"678",2013,"2013D10",2013-05-17
"679",2013,"2013D11",2013-05-14
"680",2013,"2013D12",2013-05-17
"681",2013,"2013D13",2013-05-20
"682",2013,"2013D14",2013-05-29
"683",2013,"2013D101",2013-05-12
"684",2013,"2013D102",2013-05-09
"685",2013,"2013D103",2013-05-06
"686",2013,"2013E1",2013-04-18
"687",2013,"2013E2",2013-04-27
"688",2013,"2013G1",2013-06-20
"689",2013,"2013G2",2013-06-19
"690",2013,"2013G3",2013-06-22
"691",2015,"2015A1",NA
"692",2015,"2015A2",NA
"693",2015,"2015A3",2015-04-06
"694",2015,"2015A4",2015-04-21
"695",2015,"2015C1",2015-04-15
"696",2015,"2015C2",2015-04-21
"697",2015,"2015C3",2015-04-22
"698",2015,"2015C4",2015-04-13
"699",2015,"2015C5",2015-04-17
"700",2015,"2015A5",2015-04-27
"701",2015,"2015B1",2015-04-27
"702",2015,"2015C6",2015-04-26
"703",2015,"2015C7",2015-04-29
"704",2015,"2015D1",2015-05-07
"705",2015,"2015Cn1",NA
"706",2015,"2015E1",2015-04-29
"707",2015,"2015D2",2015-05-09
"708",2015,"2015E2",2015-05-15
"709",2015,"2015A6",2015-05-07
"710",2015,"2015A7",2015-05-16
"711",2015,"2015B2",2015-05-07
"712",2015,"2015E101",2015-05-09
"713",2015,"2015En101",NA
"714",2015,"2015D3",2015-05-18
"715",2015,"2015D101",2015-05-07
"716",2015,"2015D102",2015-05-20
"717",2015,"2015D103",2015-05-19
"718",2015,"2015D104",2015-05-30
"719",2015,"2015A8",2015-05-22
"720",2015,"2015A9",2015-05-20
"721",2015,"2015A10",2015-05-28
"722",2015,"2015E102",2015-05-28
"723",2015,"2015D4",2015-05-29
"724",2015,"2015Dn1",NA
"725",2015,"2015Dn101",NA
"726",2015,"2015A11",2015-06-11
"727",2015,"2015A12",2015-06-11
"728",2015,"2015C8",2015-06-14
"729",2015,"2015C9",2015-06-14
"730",2015,"2015A13",2015-06-17
"731",2015,"2015C10",2015-06-08
"732",2015,"2015E3",2015-06-18
"733",2015,"2015C11",2015-06-18
"734",2015,"2015C12",2015-06-19
"735",2015,"2015E4",2015-06-22
"736",2015,"2015A14",2015-06-28
"737",2015,"2015A101",2015-06-23
"738",2015,"2015A15",2015-07-03
"739",2015,"2015A16",2015-06-30
"740",2015,"2015D5",2015-07-10
"741",2016,"2016A101",NA
"742",2016,"2016A102",2016-03-29
"743",2016,"2016A103",2016-03-30
"744",2016,"2016A104",2016-03-30
"745",2016,"2016A105",2016-04-04
"746",2016,"2016A1",2016-04-16
"747",2016,"2016A2",2016-04-07
"748",2016,"2016A3",2016-04-03
"749",2016,"2016A4",2016-04-26
"750",2016,"2016A5",2016-04-07
"751",2016,"2016A6",2016-04-23
"752",2016,"2016A7",2016-04-21
"753",2016,"2016A8",2016-04-24
"754",2016,"2016A9",2016-04-27
"755",2016,"2016A10",2016-04-28
"756",2016,"2016A11",2016-04-25
"757",2016,"2016An1",NA
"758",2016,"2016A201",2016-04-19
"759",2016,"2016A12",2016-04-27
"760",2016,"2016B1",2016-04-22
"761",2016,"2016B2",2016-04-29
"762",2016,"2016E1",2016-05-01
"763",2016,"2016D1",2016-04-28
"764",2016,"2016D2",2016-05-05
"765",2016,"2016D3",2016-05-01
"766",2016,"2016An2",NA
"767",2016,"2016A13",2016-05-10
"768",2016,"2016A14",2016-05-08
"769",2016,"2016A15",2016-05-08
"770",2016,"2016A16",2016-05-06
"771",2016,"2016An3",NA
"772",2016,"2016A17",2016-05-11
"773",2016,"2016A18",2016-05-11
"774",2016,"2016An101",NA
"775",2016,"2016An102",NA
"776",2016,"2016A106",2016-05-15
"777",2016,"2016B3",2016-05-13
"778",2016,"2016A19",2016-05-17
"779",2016,"2016E2",2016-05-16
"780",2016,"2016D4",2016-05-15
"781",2016,"2016Dn1",NA
"782",2016,"2016C1",2016-05-21
"783",2016,"2016A20",2016-06-04
"784",2016,"2016A21",2016-06-04
"785",2016,"2016A22",2016-06-07
"786",2016,"2016A23",2016-05-29
"787",2016,"2016A24",2016-06-04
"788",2016,"2016C2",2016-06-16
"789",2016,"2016E3",2016-06-06
"790",2016,"2016C3",2016-06-16
"791",2016,"2016C4",2016-06-18
"792",2016,"2016A25",2016-06-19
"793",2016,"2016A26",2016-06-16
"794",2016,"2016Cn1",NA
"795",2016,"2016Cn2",NA
"796",2016,"2016E4",2016-06-20
"797",2016,"2016Cn101",NA
