year;nest_ID;found;laid;end;fate;lat;long;male_ID;female_ID
2006;2006A1;2006-05-02;2006-04-27;2006-05-12;ABAN;-106.9579676;23.90834796;802109713;CA226
2006;2006A2;2006-05-05;2006-04-27;2006-06-01;UNHATCH;-106.9530159;23.90430282;2m;CA2082
2006;2006A3;2006-05-05;2006-05-06;2006-05-19;PRED;-106.9533507;23.90567095;CA143;802122911
2006;2006A4;2006-05-07;2006-05-04;2006-06-07;UNHATCH;-106.9583207;23.91418511;CA110;CA101
2006;2006A5;2006-05-08;2006-05-04;2006-05-29;HATCH;-106.9580129;23.9107039;CA328;802122914
2006;2006A6;2006-05-08;2006-05-05;2006-05-09;PRED;-106.9568361;23.91016813;6m;6fm
2006;2006A7;2006-05-08;2006-05-06;2006-05-31;HATCH;-106.9560643;23.90913061;CA1545;802122913
2006;2006A8;2006-05-16;2006-05-05;2006-05-21;PRED;-106.9562508;23.9065189;8m;8fm
2006;2006A101;2006-05-12;2006-05-12;2006-06-06;HATCH;-106.9516529;23.90116906;CA050;CA103
2006;2006A102;2006-05-12;2006-05-07;2006-05-19;PRED;-106.9508955;23.90239757;102m;802122930
2006;2006A103;2006-05-13;2006-05-11;2006-06-05;HATCH;-106.9525485;23.90522067;CA052;CA102
2006;2006A104;2006-05-13;2006-05-16;2006-06-10;HATCH;-106.9531685;23.90465301;CA051;802109760
2006;2006A105;2006-05-13;2006-05-03;2006-05-23;PRED;-106.9502135;23.90144916;105m;CA2037
2006;2006A106;2006-05-13;2006-05-10;2006-05-23;PRED;NA;NA;106m;106fm
2006;2006B1;2006-05-02;2006-05-01;2006-05-26;HATCH;-106.963731;23.91214779;802109744;CA241
2006;2006B2;2006-05-02;2006-05-04;2006-05-29;HATCH;-106.9637869;23.91194845;802122903;CA245
2006;2006B3;2006-05-03;2006-04-25;2006-05-13;ABAN;-106.9638637;23.91378031;CA203;CA039
2006;2006B4;2006-05-07;2006-05-08;2006-06-02;HATCH;-106.9626642;23.9117461;802122925;802122928
2006;2006B5;2006-05-08;2006-05-11;2006-06-05;HATCH;-106.9625633;23.91286696;CA057;802109721
2006;2006B6;2006-05-14;2006-05-11;2006-06-05;HATCH;-106.9634379;23.91420108;RX.WX|YX.BX;RX.WX|YX.WX
2006;2006B7;2006-05-17;2006-05-14;2006-06-08;HATCH;-106.9622833;23.91188639;CA043;CA112
2006;2006B8;2006-05-27;2006-05-17;2006-06-11;HATCH;-106.9645044;23.91328457;CA042;CA113
2006;2006B9;2006-06-01;2006-05-21;2006-06-07;ABAN;-106.963584;23.91346788;CA080;9fm
2006;2006B101;2006-05-04;2006-05-01;2006-05-09;PRED;-106.9652853;23.91361768;802109714;101fm
2006;2006B102;2006-05-12;2006-05-07;2006-05-19;PRED;-106.9671287;23.91471367;102m;102fm
2006;2006B207;2006-06-06;2006-05-24;2006-06-18;HATCH;-106.9631951;23.91438475;CA203;CA204
2006;2006B208;2006-06-07;2006-05-13;2006-06-07;HATCH;-106.9631788;23.91395158;CA091;CA126
2006;2006B209;2006-06-07;2006-05-13;2006-06-07;HATCH;-106.9623336;23.91261708;CA123;CA125
2006;2006C1;2006-05-03;2006-04-24;2006-05-19;HATCH;-106.9599673;23.91721586;CA220;CA177
2006;2006C2;2006-05-07;2006-05-06;2006-05-10;PRED;-106.9591371;23.91426499;2m;2fm
2006;2006C3;2006-05-07;2006-04-29;2006-05-20;PRED;-106.9604;23.91529623;CA156;CA202
2006;2006C4;2006-05-08;2006-05-03;2006-05-08;ABAN;-106.9622376;23.91471299;4m;4fm
2006;2006C5;2006-05-12;2006-05-09;2006-06-03;HATCH;-106.9597683;23.91899707;CA007;802109742
2006;2006C6;2006-05-12;2006-05-07;2006-06-10;UNHATCH;-106.9601854;23.91734851;802109793;CA011
2006;2006C7;2006-05-12;2006-05-08;2006-06-02;HATCH;-106.960203;23.91786293;CA001;CA002
2006;2006C8;2006-05-13;2006-05-07;2006-06-08;HATCH;-106.959884;23.91690091;CA029;CA015
2006;2006C9;2006-05-13;2006-05-10;2006-06-13;UNHATCH;-106.9588213;23.91677;CA030;CA012
2006;2006C10;2006-05-13;2006-05-18;2006-06-12;HATCH;-106.9592293;23.91581677;CA013;CA034
2006;2006C11;2006-05-14;2006-05-13;2006-05-27;PRED;-106.9613198;23.91376765;802109716;CA003
2006;2006C12;2006-05-16;2006-05-14;2006-06-08;HATCH;-106.9611711;23.91887986;CA054;CA010
2006;2006C13;2006-05-20;2006-05-22;2006-06-16;HATCH;-106.9568302;23.91694886;CA008;CA036
2006;2006C14;2006-05-20;2006-05-17;2006-05-26;PRED;-106.9595173;23.91602979;14m;14fm
2006;2006C15;2006-05-23;2006-05-15;2006-06-18;UNHATCH;-106.9610792;23.91474584;802109768;CA1526
2006;2006C16;2006-05-23;2006-05-21;2006-06-15;HATCH;-106.9620198;23.9145984;CA114;CA047
2006;2006C17;2006-06-02;2006-06-03;2006-06-22;PRED;-106.9623833;23.91460279;CA220;CA219
2006;2006C18;2006-06-08;2006-06-09;2006-06-22;PRED;-106.9599715;23.91488637;18m;802109785
2006;2006C19;2006-06-10;2006-06-07;2006-06-20;PRED;-106.9601487;23.91687045;CA165;CA152
2006;2006C20;2006-06-11;2006-06-08;2006-07-03;HATCH;-106.9611874;23.91671273;CA107;CA137
2006;2006C21;2006-06-14;2006-06-18;2006-06-30;ABAN;-106.9597523;23.91533158;CA231;CA002
2006;2006C22;2006-06-16;2006-06-20;2006-07-10;UNKNOWN;-106.9572465;23.91654629;CA233;CA262
2006;2006C23;2006-06-22;2006-06-22;NA;UNKNOWN;-106.9598341;23.91554722;23m;CA003
2006;2006C24;2006-06-22;2006-06-21;NA;UNKNOWN;-106.9595634;23.9151805;CA280;CA082
2006;2006C25;2006-06-22;2006-06-19;2006-07-03;ABAN;-106.9595327;23.91509963;CA301;CA266
2006;2006C26;2006-06-23;2006-06-26;NA;UNKNOWN;-106.9593673;23.9139009;26m;CA314
2006;2006C27;2006-06-23;2006-06-15;NA;UNKNOWN;-106.9601034;23.91451451;CA235;802109771
2006;2006C28;2006-06-23;2006-06-20;NA;UNKNOWN;-106.9597871;23.91633333;CA029;CA1579
2006;2006C29;2006-06-23;2006-06-20;NA;UNKNOWN;-106.9602161;23.9167793;29m;29fm
2006;2006C30;2006-06-23;2006-06-12;2006-07-07;HATCH;-106.9593544;23.91760288;802109780;CA310
2006;2006C31;2006-06-23;2006-06-13;NA;UNKNOWN;-106.959087;23.91810288;802109714;CA234
2006;2006C32;2006-06-23;2006-06-20;NA;UNKNOWN;-106.9583811;23.91688396;CA030;CA012
2006;2006C33;2006-06-26;2006-06-18;NA;UNKNOWN;-106.9604149;23.91367988;CA253;CA015
2006;2006C34;2006-06-29;2006-06-26;NA;UNKNOWN;-106.961014;23.91433134;34m;CA1526
2006;2006C35;2006-07-09;2006-06-28;NA;UNKNOWN;-106.960436;23.91572915;35m;35fm
2006;2006C36;2006-07-09;2006-07-01;NA;UNKNOWN;-106.9599546;23.91506716;36m;802109729
2006;2006C37;2006-07-09;2006-07-01;NA;UNKNOWN;-106.9601029;23.91578757;CA026;37fm
2006;2006C38;2006-07-09;2006-06-28;NA;UNKNOWN;-106.9603211;23.91592925;BX.WX|BX.OX;38fm
2006;2006C39;2006-07-09;2006-07-04;NA;UNKNOWN;-106.960502;23.91619781;CA165;CA152
2006;2006C101;2006-05-03;NA;2006-05-03;ABAN;-106.9620483;23.91453483;101m;101fm
2006;2006C103;2006-05-03;2006-04-28;2006-05-05;PRED;-106.9591859;23.91554646;103m;103fm
2006;2006C104;2006-05-04;2006-04-29;2006-05-04;ABAN;-106.9588838;23.9157038;104m;104fm
2006;2006C105;2006-05-05;2006-05-02;2006-05-27;HATCH;-106.9608017;23.91718715;802122906;CA219
2006;2006C106;2006-05-12;2006-05-12;2006-05-27;PRED;-106.961899;23.91440131;106m;CA096
2006;2006C107;2006-05-14;2006-05-06;2006-06-01;HATCH;-106.9622881;23.91350249;YX.BX|BX.RX;RX.WX|RX.GX
2006;2006C108;2006-05-20;2006-05-17;2006-06-10;UNKNOWN;-106.9632794;23.91411281;108m;CA118
2006;2006C109;2006-05-20;2006-05-17;2006-06-02;PRED;-106.9622349;23.91388238;109m;109fm
2006;2006C110;2006-05-21;2006-05-13;2006-06-07;PRED;-106.9612701;23.91633247;CA058;CA044
2006;2006C111;2006-05-24;2006-05-16;2006-06-04;HATCH;-106.9607;23.9169537;111m;111fm
2006;2006C112;2006-05-24;2006-05-20;2006-06-14;HATCH;-106.9600968;23.91343113;802109735;CA134
2006;2006C113;2006-06-06;2006-06-05;2006-06-30;HATCH;-106.9593527;23.91618538;CA166;CA140
2006;2006C201;2006-06-06;2006-06-08;2006-07-10;UNHATCH;-106.9664698;23.91790023;CA139;CA014
2006;2006C205;2006-06-06;2006-06-01;2006-06-14;ABAN;-106.962317;23.91411608;205m;205fm
2006;2006C206;2006-06-06;2006-05-20;2006-06-14;HATCH;-106.9627534;23.91439943;206m;CA136
2006;2006C210;2006-06-07;2006-06-01;2006-06-26;HATCH;-106.9608806;23.91330376;CA201;CA151
2006;2006C211;2006-06-07;2006-05-31;2006-06-25;HATCH;-106.9618287;23.91430289;CA098;CA096
2006;2006C212;2006-06-07;2006-06-06;2006-06-16;PRED;-106.9622518;23.91500173;CA153;CA158
2006;2006C213;2006-06-07;2006-05-25;2006-06-19;HATCH;-106.9596821;23.91328293;CA154;CA135
2006;2006C214;2006-06-07;2006-05-30;2006-06-19;UNKNOWN;-106.9608024;23.91528207;CA156;CA202
2006;2006D1;2006-05-03;2006-04-24;2006-05-19;HATCH;-106.9637009;23.92185414;802122919;BX.WX|GX.BX
2006;2006D2;2006-05-03;2006-05-02;2006-05-27;HATCH;-106.9646173;23.92205009;BX.WX|gX.XX;802109785
2006;2006D3;2006-05-12;2006-05-07;2006-05-31;PRED;-106.9639328;23.9209483;CA027;3fm
2006;2006D4;2006-05-14;2006-05-15;2006-06-09;HATCH;-106.9656703;23.91439826;CA068;CA020
2006;2006D5;2006-05-16;2006-05-15;2006-06-10;PRED;-106.9652531;23.92187041;CA026;CA039
2006;2006D6;2006-05-16;2006-04-30;2006-05-25;HATCH;-106.9628703;23.92148554;6m;CA014
2006;2006D7;2006-05-21;2006-05-24;2006-06-18;HATCH;-106.9631851;23.92021749;CA040;CA025
2006;2006D8;2006-05-23;2006-05-14;2006-06-08;HATCH;-106.96373;23.9146849;CA065;CA081
2006;2006D9;2006-05-23;2006-05-15;2006-06-07;UNKNOWN;-106.9652137;23.91407906;CA067;CA082
2006;2006D10;2006-05-23;2006-05-20;2006-06-10;PRED;-106.9664298;23.91461426;802109790;CA021
2006;2006D11;2006-05-23;2006-05-17;2006-06-11;HATCH;-106.9655847;23.91523001;CA069;CA019
2006;2006D12;2006-05-23;2006-05-18;2006-06-04;PRED;-106.9654475;23.91524982;12m;CA018
2006;2006D13;2006-06-01;2006-05-22;2006-06-16;HATCH;-106.9640365;23.91676664;CA092;CA2082
2006;2006D14;2006-05-28;2006-05-26;2006-06-20;HATCH;-106.9646958;23.91944879;802109746;CA133
2006;2006D15;2006-05-23;2006-05-18;2006-06-11;PRED;-106.9641371;23.91886906;CA093;CA132
2006;2006D16;2006-06-11;2006-06-03;2006-06-18;PRED;-106.9630012;23.91780012;CA138;802109729
2006;2006D17;2006-06-12;2006-05-30;2006-06-24;HATCH;-106.9636031;23.91928218;CA2073;CA173
2006;2006D18;2006-06-12;2006-06-11;2006-07-06;HATCH;-106.9643995;23.92128542;CA180;CA190
2006;2006D19;2006-06-12;2006-06-04;2006-06-15;PRED;-106.9652852;23.92075043;19m;19fm
2006;2006D20;2006-06-12;2006-05-31;2006-06-21;PRED;-106.9638155;23.91838562;CA142;CA177
2006;2006D21;2006-06-12;2006-05-29;2006-06-23;HATCH;-106.963888;23.91733735;CA143;802122911
2006;2006D22;2006-06-13;2006-06-05;2006-06-30;HATCH;-106.9632533;23.91823028;CA179;CA144
2006;2006D23;2006-06-13;2006-06-02;2006-06-27;HATCH;-106.9663859;23.91689911;CA2224;CA198
2006;2006D24;2006-06-13;2006-06-12;2006-07-07;HATCH;-106.9666164;23.91720314;CA230;CA245
2006;2006D25;2006-06-15;2006-06-12;2006-07-07;HATCH;-106.9661119;23.91761589;CA229;CA197
2006;2006D26;2006-06-16;2006-06-20;NA;UNKNOWN;-106.9647198;23.91583697;CA240;26fm
2006;2006D27;2006-06-16;2006-06-20;NA;UNKNOWN;-106.9654007;23.91540391;CA247;CA241
2006;2006D28;2006-06-16;2006-06-05;2006-06-30;HATCH;-106.9657042;23.91533682;CA104;CA242
2006;2006D29;2006-06-16;2006-06-04;2006-06-17;PRED;-106.9661832;23.91518623;29m;29fm
2006;2006D30;2006-06-16;2006-06-19;2006-07-04;ABAN;-106.9664485;23.91455082;CA279;CA243
2006;2006D31;2006-06-16;2006-05-25;2006-06-19;HATCH;-106.966887;23.91496957;CA168;RX.OX|RX.YX
2006;2006D32;2006-06-16;2006-06-13;2006-07-08;HATCH;-106.9671809;23.91557073;CA278;CA221
2006;2006D33;2006-06-16;2006-06-05;2006-06-30;HATCH;-106.9669502;23.91524865;CA170;CA193
2006;2006D34;2006-06-16;2006-05-24;2006-06-18;HATCH;-106.9666495;23.91614635;CA172;CA171
2006;2006D35;2006-06-17;2006-06-09;2006-07-04;HATCH;-106.9637316;23.92063486;CA181;CA189
2006;2006D36;2006-06-17;2006-06-03;2006-06-28;HATCH;-106.964715;23.92136265;CA027;CA191
2006;2006D37;2006-06-19;2006-06-13;2006-07-08;HATCH;-106.9634347;23.92048516;CA265;CA252
2006;2006D38;2006-06-21;2006-06-11;2006-07-03;UNKNOWN;-106.9655189;23.91932089;38m;38fm
2006;2006D39;2006-06-21;2006-06-13;2006-07-08;HATCH;-106.9656619;23.91968021;802109745;CA226
2006;2006D40;2006-06-21;2006-06-08;2006-07-03;HATCH;-106.9648166;23.92158707;CA264;BX.WX|SX.
2006;2006D41;2006-07-03;2006-06-28;NA;UNKNOWN;-106.9649482;23.92184722;BX.WX|gX.XX;CA112
2006;2006D42;2006-07-04;2006-06-26;NA;UNKNOWN;-106.962431;23.91841233;42m;CA036
2006;2006D43;2006-07-04;2006-06-09;2006-07-04;HATCH;-106.9618846;23.91540369;CA308;CA307
2006;2006D44;2006-07-06;2006-06-25;NA;UNKNOWN;-106.966047;23.91786953;CA328;44fm
2006;2006D45;2006-07-06;2006-07-01;NA;UNKNOWN;-106.9661505;23.91497899;CA327;45fm
2006;2006D46;2006-07-06;2006-06-28;NA;UNKNOWN;-106.9660529;23.91436628;46m;CA019
2006;2006D47;2006-07-06;2006-07-03;NA;UNKNOWN;-106.9615995;23.91863061;47m;CA141
2006;2006D101;2006-05-04;2006-05-06;2006-05-31;UNKNOWN;-106.9641663;23.92145092;CA180;CA190
2006;2006D102;2006-05-07;2006-05-04;2006-05-29;HATCH;-106.9640636;23.92180436;802122915;802122910
2006;2006D103;2006-05-07;2006-05-02;2006-05-27;PRED;-106.9644209;23.9220526;CA264;BX.WX|SX.
2006;2006D104;2006-05-14;2006-05-11;2006-06-04;UNKNOWN;-106.9642691;23.91461481;104m;104fm
2006;2006D105;2006-05-14;2006-05-11;2006-05-23;PRED;-106.9627511;23.91489604;105m;105fm
2006;2006D106;2006-05-14;2006-05-14;2006-05-31;PRED;-106.9621462;23.9151656;106m;106fm
2006;2006D107;2006-05-20;2006-05-20;2006-06-09;UNKNOWN;-106.9638121;23.9149186;CA115;CA064
2006;2006D108;2006-05-20;2006-05-15;2006-06-09;UNKNOWN;-106.9632485;23.91531404;CA062;CA117
2006;2006D109;2006-05-20;2006-05-17;2006-05-21;PRED;NA;NA;109m;109fm
2006;2006D110;2006-05-20;2006-05-15;2006-06-02;PRED;NA;NA;110m;110fm
2006;2006D111;2006-05-21;2006-05-18;2006-05-31;PRED;-106.9666465;23.91659783;CA107;111fm
2006;2006D112;2006-05-21;2006-05-21;2006-06-05;PRED;-106.9662285;23.91688307;CA108;112fm
2006;2006D113;2006-05-24;2006-05-12;2006-06-06;HATCH;-106.9634349;23.91465256;CA078;CA063
2006;2006D114;2006-05-24;2006-05-11;2006-06-07;HATCH;-106.9639999;23.91434739;CA079;CA066
2006;2006D115;2006-05-24;2006-05-16;2006-06-04;BROKEN;-106.9650315;23.91502039;115m;115fm
2006;2006D116;2006-05-24;2006-05-26;2006-06-20;HATCH;-106.9650343;23.91650108;802109713;BX.WX|BX.SX
2006;2006D117;2006-05-24;2006-05-10;2006-06-04;HATCH;-106.9614861;23.91632971;CA049;CA060
2006;2006D118;2006-05-26;2006-05-20;2006-06-14;HATCH;-106.965514;23.91769577;CA109;CA122
2006;2006D119;2006-05-26;2006-05-26;2006-06-20;HATCH;-106.9623455;23.91535266;CA048;CA061
2006;2006D120;2006-06-06;2006-06-08;2006-06-16;PRED;-106.9628962;23.9153998;CA155;CA216
2006;2006D122;2006-06-07;2006-05-28;2006-06-09;PRED;-106.9651836;23.91468438;122m;122fm
2006;2006D202;2006-06-06;2006-06-03;2006-06-28;HATCH;-106.9621042;23.91953608;CA210;CA099
2006;2006D203;2006-06-06;2006-06-03;2006-06-28;HATCH;-106.9626983;23.91985353;CA211;BX.WX|GX.BX
2006;2006D204;2006-06-06;2006-06-01;2006-06-21;PRED;-106.9621792;23.91735015;RX.YX|RX.sX;CA141
2006;2006E1;2006-05-13;2006-05-08;2006-06-07;UNHATCH;-106.9547666;23.91426647;CA031;CA035
2006;2006E2;2006-06-02;2006-06-06;2006-06-25;PRED;-106.9564634;23.9160687;CA178;CA159
2006;2006F1;2006-06-15;2006-06-10;2006-06-25;ABAN;-106.9650528;23.92227024;1m;CA2085
2007;2007A1;2007-04-29;2007-05-03;2007-05-28;HATCH;-106.9592648;23.91296321;802109735;CA262
2007;2007A2;2007-04-29;2007-05-03;2007-05-31;UNHATCH;-106.9578141;23.91250317;CA008;CA1254
2007;2007A3;2007-04-29;2007-05-04;2007-05-29;HATCH;-106.9592279;23.91051687;CA123;CA1526
2007;2007A4;2007-05-06;2007-05-07;2007-06-01;HATCH;-106.9594282;23.91012608;CA110;CA226
2007;2007A5;2007-05-06;2007-05-05;2007-05-30;HATCH;-106.9580461;23.90834695;CA1260;CA1255
2007;2007A6;2007-05-06;2007-05-03;2007-05-28;HATCH;-106.9578845;23.90740099;CA1259;CA1256
2007;2007A7;2007-05-16;2007-05-15;2007-06-09;HATCH;-106.9565988;23.90745347;CA1234;CA072
2007;2007A8;2007-05-16;2007-05-19;2007-06-13;HATCH;-106.954754;23.90559894;CA220;CA177
2007;2007A9;2007-05-16;2007-05-17;2007-06-11;HATCH;-106.9549162;23.90463079;CA1301;CA1281
2007;2007A101;2007-04-29;2007-04-28;NA;ABAN;-106.9535424;23.90274317;101m;101fm
2007;2007A102;2007-04-29;2007-04-28;2007-05-23;HATCH;-106.9558009;23.90860126;CA115;CA1210
2007;2007A103;2007-04-30;2007-05-06;2007-05-31;HATCH;-106.9575246;23.90763129;CA1223;CA1253
2007;2007A104;2007-05-15;2007-05-17;2007-06-03;PRED;-106.9588733;23.91044916;CA1272;CA1279
2007;2007A105;2007-05-17;NA;NA;ABAN;-106.9536638;23.90428556;105m;105fm
2007;2007A106;2007-05-18;2007-05-21;2007-06-15;HATCH;-106.9513332;23.90211212;CA138;802109729
2007;2007A107;2007-05-18;2007-05-20;2007-06-01;PRED;-106.9519318;23.90600498;CA2040;CA1273
2007;2007A108;2007-05-18;2007-05-10;2007-06-01;ABAN;-106.9535152;23.90811568;CA166;CA060
2007;2007A109;2007-05-19;2007-05-18;2007-06-06;PRED;-106.9556155;23.90998503;CA098;CA101
2007;2007A110;2007-05-22;2007-05-12;2007-06-10;UNHATCH;-106.9584547;23.91329858;CA2073;CA015
2007;2007A111;2007-05-23;2007-05-22;2007-06-13;ABAN;-106.9538697;23.90491496;111m;CA2082
2007;2007A112;2007-05-23;2007-05-15;2007-06-09;HATCH;-106.9544071;23.90538666;CA1300;CA1302
2007;2007A113;2007-05-24;2007-05-25;2007-06-19;HATCH;-106.9576731;23.90966089;CA1310;CA1297
2007;2007A114;2007-05-24;2007-05-23;2007-06-06;PRED;-106.9563298;23.90915432;CA247;802109785
2007;2007A115;2007-05-24;2007-05-22;2007-06-16;HATCH;-106.9555919;23.90906439;CA1425;CA1280
2007;2007A116;2007-05-25;NA;2007-06-02;ABAN;-106.9555078;23.91000446;116m;116fm
2007;2007A117;2007-05-25;2007-05-20;2007-06-11;PRED;-106.9563947;23.90955076;CA093;CA1251
2007;2007A118;2007-05-25;2007-05-30;2007-06-24;HATCH;-106.9544416;23.90637037;CA1320;CA1298
2007;2007A119;2007-05-25;2007-05-23;2007-06-17;HATCH;-106.9541806;23.90599447;CA1309;CA1299
2007;2007A120;2007-05-28;2007-05-23;2007-06-14;PRED;-106.9572101;23.90891739;802109713;CA152
2007;2007A121;2007-06-04;2007-05-27;2007-06-21;HATCH;-106.9565618;23.90760743;CA1336;CA171
2007;2007A122;2007-06-10;2007-05-31;2007-06-25;HATCH;-106.9559234;23.9082566;CA172;CA1331
2007;2007A123;2007-06-10;2007-05-16;2007-06-10;HATCH;-106.9537855;23.90519593;123m;CA044
2007;2007A124;2007-06-11;2007-06-03;2007-06-28;HATCH;-106.9517615;23.90382216;CA1313;CA1210
2007;2007A125;2007-06-11;2007-06-03;2007-06-28;HATCH;-106.952737;23.90534468;CA235;CA204
2007;2007A126;2007-06-12;NA;2007-06-19;PRED;-106.9519024;23.90535528;CA178;CA216
2007;2007A127;2007-06-12;2007-06-07;2007-07-02;HATCH;-106.9520861;23.90582245;CA2040;CA1273
2007;2007A128;2007-06-12;2007-06-01;2007-06-26;HATCH;-106.9522402;23.90692201;CA1314;CA125
2007;2007A129;2007-06-12;2007-06-10;2007-06-25;PRED;-106.9551478;23.90761639;CA1321;CA1330
2007;2007A130;2007-06-12;2007-06-04;2007-06-29;HATCH;-106.9565938;23.90842865;CA143;CA081
2007;2007A131;2007-06-13;2007-06-03;2007-06-28;HATCH;-106.9553954;23.90579845;RX.gX|BX.WX;CA1332
2007;2007A132;2007-06-13;2007-06-02;2007-06-27;HATCH;-106.9548928;23.90502836;CA1319;CA1333
2007;2007A133;2007-06-13;2007-05-23;2007-06-17;HATCH;-106.9526653;23.9031877;CA1312;CA1318
2007;2007A134;2007-06-24;2007-06-07;2007-07-02;HATCH;-106.9578714;23.90978476;CA1349;CA1371
2007;2007A201;2007-05-07;NA;2007-05-14;PRED;-106.9579555;23.90885372;201m;201fm
2007;2007A202;2007-05-10;2007-05-06;2007-06-01;HATCH;-106.9589198;23.9109271;802109716;CA1268
2007;2007A203;2007-05-10;2007-05-06;2007-06-01;HATCH;-106.9586286;23.9085472;CA108;CA190
2007;2007A204;2007-05-11;2007-04-30;2007-05-25;HATCH;-106.9520647;23.9024369;CA069;CA035
2007;2007A205;2007-05-11;2007-05-09;2007-05-24;PRED;-106.9517896;23.90242233;CA1230;CA266
2007;2007A206;2007-05-11;2007-05-05;2007-05-30;HATCH;-106.9508548;23.90164869;CA1229;CA2037
2007;2007A207;2007-05-11;2007-05-11;2007-06-05;HATCH;-106.9550872;23.91011815;CA048;CA1267
2007;2007A301;2007-06-23;2007-06-01;2007-06-25;HATCH;-106.9570954;23.91173584;CA153;CA151
2007;2007B1;2007-04-28;2007-04-24;2007-05-18;HATCH;-106.9646107;23.91252479;RX.MX|YX.BX;CA034
2007;2007B2;2007-05-01;2007-05-02;2007-05-12;PRED;-106.9639467;23.91212698;CA138;802109729
2007;2007B3;2007-04-28;2007-04-18;2007-05-10;PRED;-106.9638451;23.91320271;CA093;CA1251
2007;2007B4;2007-04-29;2007-05-04;2007-05-29;HATCH;-106.9629346;23.91144469;802122925;CA112
2007;2007B5;2007-06-03;2007-06-01;2007-06-26;HATCH;-106.9729174;23.92014701;CA1343;BX.WX|BX.SX
2007;2007B6;2007-06-10;2007-06-10;2007-07-05;HATCH;-106.9750733;23.92176255;CA279;CA132
2007;2007B7;2007-06-10;2007-06-05;2007-07-05;UNHATCH;-106.9630199;23.91448631;CA051;CA1323
2007;2007B8;2007-06-20;2007-06-18;2007-07-04;PRED;-106.9716208;23.91884545;CA247;802109785
2007;2007B9;2007-06-23;2007-06-22;2007-06-26;PRED;-106.9743371;23.92179007;9m;CA226
2007;2007B10;2007-07-05;NA;2007-07-12;UNKNOWN;-106.9720473;23.92429335;10m;10fm
2007;2007B11;2007-07-08;NA;2007-07-12;UNKNOWN;-106.9728525;23.92815635;11m;11fm
2007;2007B12;2007-07-10;NA;2007-07-12;UNKNOWN;-106.9725877;23.92365441;12m;12fm
2007;2007B13;2007-07-10;NA;2007-07-12;UNKNOWN;-106.9722996;23.92732378;13m;13fm
2007;2007B101;2007-05-06;2007-05-03;2007-05-28;HATCH;-106.9650619;23.91378305;CA1270;CA1258
2007;2007B102;2007-05-16;2007-05-14;2007-06-02;PRED;-106.96115;23.91097992;CA1226;CA1266
2007;2007B103;2007-05-16;2007-04-22;2007-05-17;HATCH;-106.9606702;23.91042625;CA078;CA1265
2007;2007B104;2007-05-19;2007-05-17;2007-06-11;HATCH;-106.9619575;23.91242325;CA043;CA243
2007;2007B105;2007-05-19;2007-05-18;2007-06-12;HATCH;-106.9621991;23.91346751;105m;CA1271
2007;2007B106;2007-06-06;2007-05-31;2007-06-25;HATCH;-106.9635073;23.91424533;CA230;CA136
2007;2007B107;2007-06-06;2007-06-04;2007-06-29;HATCH;-106.9640305;23.91376915;CA1335;CA035
2007;2007B108;2007-06-06;2007-06-01;2007-06-26;HATCH;-106.9635132;23.91268328;CA127 ;CA1334
2007;2007B109;2007-06-28;NA;2007-06-30;UNHATCH;-106.9641276;23.91304561;RX.MX|YX.BX;109fm
2007;2007B301;2007-06-17;2007-06-15;2007-07-04;PRED;-106.9742445;23.92151137;CA1457;CA2037
2007;2007C1;2007-04-28;2007-04-18;2007-05-22;UNHATCH;-106.9601173;23.91283497;CA201;CA151
2007;2007C2;2007-04-28;2007-04-23;2007-05-21;UNHATCH;-106.9591132;23.91593563;CA013;CA1257
2007;2007C3;2007-04-28;2007-04-17;2007-05-09;PRED;-106.9600072;23.91725146;CA220;CA177
2007;2007C4;2007-04-28;2007-04-13;2007-05-08;HATCH;-106.9603972;23.91771599;RX.YX|RX.GX;802109760
2007;2007C5;2007-04-29;2007-04-15;2007-05-05;PRED;-106.9601262;23.9173312;CA2221;CA1252
2007;2007C6;2007-04-30;2007-04-20;2007-05-16;UNHATCH;-106.9604794;23.91534939;CA156;802109785
2007;2007C7;2007-05-01;2007-04-15;2007-05-10;HATCH;-106.9614001;23.9164843;CA165;CA152
2007;2007C8;2007-05-01;2007-05-05;2007-05-30;HATCH;-106.959599;23.91623641;CA029;CA1263
2007;2007C9;2007-05-03;2007-05-05;2007-05-15;PRED;-106.9599923;23.91496736;9m;9fm
2007;2007C10;2007-05-03;2007-05-07;2007-06-01;HATCH;-106.9608723;23.91730363;CA1209;CA1262
2007;2007C11;2007-05-04;2007-04-20;2007-05-15;HATCH;-106.9604042;23.91687622;CA1207;CA1579
2007;2007C12;2007-05-05;2007-04-30;2007-05-25;HATCH;-106.9621788;23.91472277;CA1225;CA081
2007;2007C13;2007-05-05;2007-05-06;2007-05-31;HATCH;-106.9606283;23.91350561;CA1224;CA1264
2007;2007C14;2007-05-05;2007-04-25;2007-05-23;UNHATCH;-106.9608571;23.9143514;802109768;CA216
2007;2007C15;2007-05-10;2007-05-04;2007-05-29;HATCH;-106.96024;23.91510866;CA057;CA132
2007;2007C16;2007-06-02;2007-06-01;2007-06-16;PRED;-106.9600908;23.91758446;CA1430;CA1424
2007;2007C17;2007-06-12;2007-06-10;2007-07-05;HATCH;-106.959313;23.9161588;CA129;CA1217
2007;2007C101;2007-05-01;2007-04-21;2007-05-06;PRED;-106.9622391;23.91351214;101m;101fm
2007;2007C102;2007-05-05;2007-04-29;2007-05-24;HATCH;-106.9601183;23.91289816;802109746;CA014
2007;2007C103;2007-05-20;2007-05-10;2007-06-24;UNHATCH;-106.961518;23.91519168;CA328;CA126
2007;2007C104;2007-06-15;2007-06-15;2007-07-10;HATCH;-106.9620066;23.91502292;CA1272;RX.WX|YX.WX
2007;2007C301;2007-06-15;NA;2007-06-25;UNHATCH;-106.960888;23.91314115;CA324;CA045
2007;2007C305;2007-07-07;2007-07-05;2007-07-12;UNKNOWN;-106.9659633;23.91623639;305m;305fm
2007;2007C302;2007-06-26;2007-06-28;2007-07-12;UNKNOWN;-106.9599247;23.91569053;CA057;CA177
2007;2007C303;2007-06-30;2007-06-05;2007-06-30;HATCH;-106.9589357;23.91458357;CA1383;CA1382
2007;2007C304;2007-07-02;2007-06-27;2007-07-12;UNKNOWN;-106.9613802;23.9138662;802109713;304fm
2007;2007D1;2007-06-21;2007-06-13;2007-06-30;UNKNOWN;-106.9668925;23.91663079;1m;CA266
2007;2007D2;2007-05-01;2007-04-29;2007-05-24;HATCH;-106.9614483;23.91902981;RX.YX|RX.sX;CA141
2007;2007D3;2007-05-10;2007-05-05;2007-05-30;HATCH;-106.9635202;23.92094454;CA027;802122910
2007;2007D4;2007-05-14;2007-05-05;2007-05-30;HATCH;-106.9641589;23.92161354;CA180;CA1217
2007;2007D5;2007-05-14;2007-05-06;2007-05-24;PRED;-106.9643386;23.92180084;802122915;BX.WX|SX.
2007;2007D6;2007-06-11;2007-06-04;2007-06-29;HATCH;-106.9611761;23.91791371;RX.YX|RX.GX;CA1450
2007;2007D7;2007-06-12;2007-06-11;2007-07-06;HATCH;-106.9615628;23.91620233;CA1207;CA1263
2007;2007D8;2007-06-20;2007-06-12;2007-07-07;HATCH;-106.965858;23.91641831;CA1223;CA1254
2007;2007D9;2007-06-21;2007-06-20;2007-07-12;UNKNOWN;-106.9644207;23.91684299;CA1350;CA1355
2007;2007D10;2007-06-21;2007-06-09;2007-07-04;HATCH;-106.9669838;23.91681923;CA229;CA1258
2007;2007D11;2007-06-23;2007-06-21;2007-07-12;UNKNOWN;-106.9658407;23.91851321;CA093;CA1251
2007;2007D12;2007-06-26;2007-06-15;2007-07-10;HATCH;-106.9663602;23.9158521;CA1226;CA1266
2007;2007D13;2007-06-26;2007-06-25;2007-07-01;ABAN;-106.9631717;23.92063298;13m;13fm
2007;2007D101;2007-06-08;2007-06-10;2007-07-05;HATCH;-106.9616878;23.91537911;CA156;802122913
2007;2007D102;2007-06-08;2007-05-31;2007-06-25;HATCH;-106.9629169;23.91482169;CA165;CA014
2007;2007D103;2007-06-08;2007-06-09;2007-07-04;HATCH;-106.9638915;23.91432169;CA1327;CA1341
2007;2007D104;2007-06-09;2007-06-11;2007-07-06;HATCH;-106.9648329;23.91422839;CA1329;CA1255
2007;2007D105;2007-06-09;2007-06-09;2007-07-04;HATCH;-106.963517;23.91683648;CA068;CA020
2007;2007D106;2007-06-17;2007-06-16;2007-07-12;UNKNOWN;-106.9661795;23.9175428;CA098;CA101
2007;2007D107;2007-06-13;2007-06-15;2007-07-10;HATCH;-106.9652145;23.91737456;CA1337;CA1342
2007;2007D108;2007-06-13;2007-06-09;2007-07-04;HATCH;-106.964389;23.91474871;CA1328;CA1340
2007;2007D109;2007-06-13;2007-06-12;2007-07-07;HATCH;-106.9635916;23.91787384;CA166;CA060
2007;2007D110;2007-06-17;2007-06-20;2007-06-24;UNHATCH;-106.963925;23.91913361;CA1259;802109771
2007;2007D111;2007-06-19;2007-06-11;2007-07-06;HATCH;-106.9655417;23.9143367;CA1326;CA1339
2007;2007D302;2007-07-07;2007-07-06;2007-07-12;UNKNOWN;-106.9652425;23.91403355;302m;CA1450
2007;2007E1;2007-04-29;2007-04-17;2007-05-12;HATCH;-106.9624897;23.92099382;CA1201;CA173
2007;2007E2;2007-06-12;2007-06-07;2007-07-02;HATCH;-106.9606136;23.91969053;CA1443;CA262
2007;2007E3;2007-06-14;2007-06-12;2007-07-07;HATCH;-106.9529457;23.91335062;802122906;CA1526
2007;2007E4;2007-06-19;2007-06-11;2007-07-06;HATCH;-106.9595232;23.91902728;CA168;CA1264
2007;2007E5;2007-06-24;NA;2007-07-01;ABAN;-106.9616067;23.91975912;5m;5fm
2007;2007E101;2007-05-27;2007-05-30;2007-06-24;HATCH;-106.9618274;23.92071336;CA183;CA242
2007;2007E102;2007-06-08;2007-06-02;2007-06-27;HATCH;-106.9545369;23.91401658;CA1444;CA1265
2007;2007E103;2007-06-08;2007-05-29;2007-06-11;PRED;-106.9543106;23.91398334;103m;103fm
2007;2007E301;2007-05-24;2007-05-24;2007-06-18;HATCH;-106.9628357;23.92179296;CA030;CA011
2007;2007E302;2007-06-19;NA;2007-06-25;UNHATCH;-106.948218;23.91114437;CA1467;CA034
2007;2007E303;2007-06-19;2007-05-25;2007-06-19;HATCH;NA;NA;CA1464;CA1465
2007;2007E304;2007-06-21;2007-06-20;2007-07-12;UNKNOWN;-106.9541802;23.91380443;CA231;CA082
2007;2007E305;2007-06-21;2007-06-16;2007-07-12;UNKNOWN;-106.9624492;23.92156315;802122915;BX.WX|SX.
2007;2007E306;2007-06-25;2007-06-26;2007-07-12;UNKNOWN;-106.9604485;23.91981002;306m;CA1252
2007;2007F101;2007-06-17;2007-05-26;2007-06-20;HATCH;-106.9651004;23.92217031;CA026;CA173
2008;2008A1;2008-04-21;2008-04-20;2008-05-15;HATCH;-106.959494;23.91253594;802109716;CA1268
2008;2008A2;2008-04-22;2008-04-27;2008-05-22;HATCH;-106.9563889;23.90525311;CA1321;CA1504
2008;2008A3;2008-04-26;2008-04-26;2008-05-21;HATCH;-106.9582936;23.90912931;CA1518;CA1505
2008;2008A4;2008-04-26;2008-04-21;2008-05-16;HATCH;-106.9512116;23.90447922;CA178;CA137
2008;2008A5;2008-04-27;2008-04-24;2008-05-19;HATCH;-106.9556104;23.90834185;CA093;CA1254
2008;2008A6;2008-04-27;2008-04-23;2008-05-18;HATCH;-106.9569285;23.91173797;6m;CA136
2008;2008A7;2008-04-29;2008-04-28;2008-05-07;FLOOD;-106.9555955;23.9099582;7m;7fm
2008;2008A8;2008-04-30;2008-04-28;2008-06-01;UNHATCH;-106.9549385;23.91002976;CA1425;CA1434
2008;2008A9;2008-05-01;2008-05-01;2008-05-26;HATCH;-106.9511014;23.90237689;CA1204;CA1516
2008;2008A10;2008-05-04;2008-05-11;2008-06-05;HATCH;-106.9554656;23.90850621;CA1545;CA1519
2008;2008A11;2008-05-05;2008-05-03;2008-05-18;PRED;-106.9595357;23.91008859;11m;CA072
2008;2008A12;2008-05-06;2008-05-05;2008-05-12;FLOOD;-106.95643;23.90928847;12m;12fm
2008;2008A13;2008-05-07;2008-05-06;2008-05-20;ABAN;-106.9581828;23.90764096;13m;13fm
2008;2008A14;2008-05-10;2008-05-12;2008-06-06;HATCH;-106.9582426;23.90965363;CA2001;CA1536
2008;2008A15;2008-05-17;2008-05-12;2008-05-25;ABAN;-106.952454;23.90350639;15m;15fm
2008;2008A16;2008-05-12;2008-05-11;2008-05-31;PRED;-106.9585809;23.91059735;16m;CA1253
2008;2008A17;2008-05-12;2008-05-15;2008-06-09;HATCH;-106.9575238;23.90692705;17m;CA1537
2008;2008A18;2008-05-20;2008-04-22;2008-05-17;HATCH;-106.9554542;23.90970719;CA110;CA226
2008;2008A19;2008-05-20;2008-05-19;2008-06-13;HATCH;-106.9525226;23.90349649;19m;CA1278
2008;2008A20;2008-05-22;2008-05-21;2008-06-15;HATCH;-106.9518255;23.90285526;CA1230;20fm
2008;2008A22;2008-05-26;2008-05-29;2008-06-23;HATCH;-106.9564372;23.90780765;CA1223;CA072
2008;2008A23;2008-05-29;2008-05-29;2008-06-23;HATCH;-106.951928;23.90379296;CA1272;CA1254
2008;2008A24;2008-06-05;2008-06-05;2008-06-30;HATCH;-106.9528693;23.90565901;CA008;CA177
2008;2008A25;2008-06-11;2008-06-09;2008-07-04;HATCH;-106.9555259;23.90794565;CA2020;CA1517
2008;2008A101;2008-04-28;2008-04-16;2008-05-11;ABAN;-106.9580624;23.91333969;101m;CA226
2008;2008A102;2008-05-04;2008-05-05;2008-05-30;HATCH;-106.9594196;23.91020745;CA1222;CA1517
2008;2008A103;2008-05-06;2008-05-07;2008-06-01;HATCH;-106.9588019;23.90831927;CA108;CA190
2008;2008A104;2008-05-29;2008-05-29;2008-06-23;HATCH;-106.9616006;23.90895171;CA1215;CA136
2008;2008A 21;2008-05-23;2008-05-25;2008-06-19;HATCH;-106.9567839;23.90996113;CA1452;CA125
2008;2008B1;2008-04-24;2008-04-27;2008-04-28;PRED;-106.9611696;23.91097967;1m;1fm
2008;2008B2;2008-05-09;2008-05-13;2008-06-07;HATCH;-106.9636888;23.91195873;CA168;CA1264
2008;2008B3;2008-05-15;2008-05-20;2008-06-14;HATCH;-106.9624082;23.91170422;CA1335;CA1334
2008;2008B4;2008-05-15;2008-05-10;2008-05-27;ABAN;-106.9617352;23.91201076;CA043;4fm
2008;2008B101;2008-04-27;2008-04-29;2008-05-24;HATCH;-106.9604312;23.91020358;CA078;CA020
2008;2008B102;2008-05-02;2008-05-01;2008-05-04;PRED;-106.9742192;23.92114151;CA084;102fm
2008;2008B103;2008-05-02;2008-05-04;2008-05-29;HATCH;-106.9631017;23.91145159;CA230;CA1429
2008;2008B104;2008-05-03;2008-04-25;2008-05-20;ABAN;-106.964152;23.9133613;104m;CA266
2008;2008B105;2008-05-20;2008-05-24;2008-06-18;HATCH;-106.963776;23.9131765;CA057;CA171
2008;2008B106;2008-05-27;2008-05-28;2008-06-22;HATCH;-106.9638091;23.91341986;CA1270;CA1268
2008;2008B107;2008-06-14;2008-06-09;2008-07-01;PRED;-106.9730263;23.92019979;CA026;CA020
2008;2008B201;2008-06-14;2008-06-09;2008-07-06;FLOOD;-106.974366;23.92175358;CA2053;CA2052
2008;2008C1;2008-05-27;2008-05-30;2008-06-24;HATCH;-106.962495;23.91484514;CA231;CA014
2008;2008C101;2008-04-23;2008-04-22;2008-05-16;ABAN;-106.9602794;23.91511719;CA057;CA171
2008;2008C102;2008-04-23;2008-04-16;2008-05-11;HATCH;-106.9608191;23.91573329;CA1551;CA011
2008;2008C103;2008-04-23;2008-04-14;2008-05-09;HATCH;-106.9603897;23.91656942;CA1464;CA1550
2008;2008C104;2008-04-24;2008-04-16;2008-05-11;HATCH;-106.9603068;23.91758171;RX.YX|RX.GX;CA1579
2008;2008C105;2008-04-25;2008-04-27;2008-05-12;ABAN;-106.9628691;23.91425349;105m;105fm
2008;2008C106;2008-05-02;2008-05-01;2008-05-19;PRED;-106.9608471;23.91303332;CA1272;CA1552
2008;2008C107;2008-05-04;2008-05-07;2008-05-27;PRED;-106.9615768;23.9151819;CA324;CA1561
2008;2008C108;2008-05-09;2008-05-08;2008-05-31;PRED;NA;NA;108m;CA151
2008;2008C109;2008-05-25;2008-05-25;2008-06-19;HATCH;-106.9600838;23.91712408;CA029;CA011
2008;2008C110;2008-05-27;2008-05-25;2008-06-19;HATCH;-106.9603761;23.91306642;CA1418;CA1550
2008;2008C111;2008-05-28;2008-06-01;2008-06-26;HATCH;-106.9611182;23.91472728;CA1484;CA1579
2008;2008C112;2008-05-31;2008-05-29;2008-06-23;HATCH;-106.9601595;23.91758359;CA1430;CA1563
2008;2008C113;2008-06-06;2008-06-09;2008-07-04;FLOOD;-106.9608398;23.91710541;CA1464;CA034
2008;2008C114;2008-06-08;2008-06-09;2008-07-04;HATCH;-106.9603478;23.91378908;CA1213;CA2051
2008;2008C115;2008-06-09;2008-06-10;2008-07-06;HATCH;-106.961404;23.91284564;CA1310;CA151
2008;2008D1;2008-06-02;2008-06-03;2008-06-28;HATCH;-106.9653683;23.91520569;CA1312;CA1504
2008;2008D2;2008-06-10;2008-06-11;2008-07-04;FLOOD;-106.9649287;23.9153648;CA210;CA1253
2008;2008D3;2008-06-10;2008-06-09;2008-07-04;HATCH;-106.9643254;23.91638374;CA1499;CA1429
2008;2008D4;2008-06-10;2008-06-08;2008-07-03;HATCH;-106.9638549;23.91904422;CA324;CA1561
2008;2008D5;2008-06-23;2008-06-24;2008-07-04;FLOOD;-106.965548;23.91475195;CA078;CA081
2008;2008D6;2008-06-25;2008-06-23;2008-07-04;FLOOD;-106.9631188;23.91908071;CA2018;CA2019
2008;2008D101;2008-04-24;2008-04-22;2008-04-28;PRED;-106.9640497;23.92218375;101m;101fm
2008;2008D102;2008-04-26;2008-04-24;2008-05-19;HATCH;-106.9634414;23.92092749;802109746;CA014
2008;2008D103;2008-06-12;2008-06-13;2008-06-30;ABAN;-106.9646176;23.91946785;103m;CA2037
2008;2008D104;2008-06-14;2008-06-09;2008-07-04;FLOOD;-106.9677687;23.91676404;104m;CA1536
2008;2008D105;2008-06-29;2008-06-24;2008-07-04;FLOOD;-106.9657602;23.92033806;105m;105fm
2008;2008D201;2008-06-10;2008-06-02;2008-06-27;HATCH;-106.9636477;23.92093388;CA1203;CA1212
2008;2008D202;2008-06-11;2008-06-06;2008-07-03;FLOOD;-106.9613467;23.91815531;CA1409;CA242
2008;2008D203;2008-06-13;2008-06-08;2008-07-05;FLOOD;-106.961694;23.91578533;CA1416;CA2059
2008;2008D204;2008-06-13;2008-06-12;2008-07-09;FLOOD;-106.9657475;23.9181984;CA2064;CA2060
2008;2008E101;2008-05-05;2008-05-06;2008-05-31;HATCH;-106.9541796;23.91376832;CA1444;CA1265
2008;2008E102;2008-05-05;2008-05-07;2008-06-01;HATCH;-106.9523974;23.91215675;CA048;CA1526
2008;2008F101;2008-05-07;2008-05-02;2008-05-15;PRED;-106.9603755;23.92018113;101m;802109742
2008;2008F102;2008-05-08;2008-05-07;2008-05-23;ABAN;-106.959736;23.91945795;CA1430;CA1563
2009;2009A1;2009-04-25;2009-04-20;2009-05-15;HATCH;-106.9580539;23.91147083;CA1310;CA151
2009;2009A2;2009-04-29;2009-04-24;2009-05-14;ABAN;-106.9551261;23.9094405;CA1425;2fm
2009;2009A3;2009-04-29;2009-04-22;2009-05-17;HATCH;-106.9542812;23.90811497;CA048;CA1526
2009;2009A4;2009-05-01;2009-05-01;2009-05-26;HATCH;-106.952056;23.90250924;CA1312;CA2041
2009;2009A5;2009-05-07;2009-05-02;2009-05-27;HATCH;-106.951259;23.90306109;CA107;CA2036
2009;2009A6;2009-05-07;2009-05-02;2009-05-27;HATCH;-106.9517829;23.90720771;CA2040;CA136
2009;2009A7;2009-05-07;2009-05-03;2009-05-28;HATCH;-106.954718;23.90777535;CA1248;CA1278
2009;2009A8;2009-05-07;2009-05-10;2009-06-04;HATCH;-106.9552955;23.90830071;CA093;CA1254
2009;2009A9;2009-05-09;2009-05-10;2009-05-18;FLOOD;-106.9578444;23.90864748;9m;CA072
2009;2009A101;2009-05-13;2009-05-10;2009-06-04;HATCH;-106.9516957;23.90271245;CA1204;CA2037
2009;2009A102;2009-06-04;2009-06-08;2009-06-07;PRED;-106.9578003;23.91028226;CA1452;CA2041
2009;2009A103;2009-06-10;2009-06-14;2009-06-24;FLOOD;-106.9548003;23.90867719;CA2232;CA137
2009;2009A201;2009-05-13;2009-04-22;2009-05-17;HATCH;-106.9503101;23.90264877;CA1230;CA081
2009;2009A202;2009-05-16;2009-05-17;2009-05-18;FLOOD;-106.9503101;23.90264877;202m;202fm
2009;2009A203;2009-05-25;2009-05-27;2009-06-21;HATCH;-106.9535334;23.90279746;CA2086;CA1273
2009;2009A204;2009-05-30;2009-05-25;2009-06-21;FLOOD;-106.9539289;23.90885079;CA013;CA2085
2009;2009A205;2009-06-14;2009-06-09;2009-06-24;FLOOD;-106.9531636;23.90563721;CA1314;CA2236
2009;2009A206;2009-06-15;2009-06-12;2009-07-07;HATCH;-106.9568173;23.91022254;CA1452;CA2041
2009;2009A207;2009-06-25;2009-06-17;2009-07-12;UNKNOWN;-106.952467;23.90633226;CA093;CA1254
2009;2009B1;2009-04-27;2009-04-23;2009-05-18;HATCH;-106.9630552;23.91162373;CA168;CA1253
2009;2009B2;2009-04-30;2009-04-19;2009-05-14;HATCH;-106.9614439;23.91093102;CA078;CA1429
2009;2009B3;2009-05-02;2009-04-30;2009-05-18;FLOOD;-106.9644796;23.91294179;CA1270;3fm
2009;2009B4;2009-05-09;2009-05-07;2009-05-14;ABAN;-106.9626042;23.91167463;4m;4fm
2009;2009B5;2009-05-13;2009-05-14;2009-06-08;HATCH;-106.963508;23.91429047;CA230;CA2050
2009;2009B6;2009-06-21;2009-06-15;2009-07-10;HATCH;-106.962469;23.91182985;CA2098;CA2097
2009;2009B101;2009-05-16;2009-05-20;2009-06-14;HATCH;-106.962957;23.91227506;CA2209;CA2216
2009;2009B102;2009-06-12;2009-06-04;2009-06-29;HATCH;-106.9638054;23.91252605;CA168;CA1526
2009;2009C1;2009-04-27;2009-04-22;2009-05-17;HATCH;-106.9630552;23.91162373;CA1272;CA1264
2009;2009C2;2009-04-27;2009-04-26;2009-05-25;UNHATCH;-106.9602379;23.91301401;CA1418;CA1570
2009;2009C3;2009-04-29;2009-04-18;2009-05-13;HATCH;-106.9605415;23.91686544;CA1464;CA1579
2009;2009C4;2009-05-08;2009-05-11;2009-06-05;HATCH;-106.9589462;23.91462858;CA1484;CA2207
2009;2009C5;2009-05-17;2009-05-12;2009-06-14;UNHATCH;-106.959975;23.9170713;CA029;CA1280
2009;2009C6;2009-06-29;2009-06-27;2009-07-10;FLOOD;-106.9598576;23.91644981;CA029;CA1579
2009;2009C7;2009-07-04;2009-06-29;2009-07-09;FLOOD;-106.9622357;23.91458661;7m;7fm
2009;2009C8;2009-07-07;2009-07-05;2009-07-24;FLOOD;-106.9595069;23.91599381;8m;CA1276
2009;2009C101;2009-05-15;2009-05-15;2009-06-09;HATCH;-106.9622489;23.91351202;CA1499;CA1531
2009;2009C102;2009-05-30;2009-05-30;2009-06-24;HATCH;-106.9623773;23.91485567;CA1350;CA1382
2009;2009C103;2009-06-05;2009-06-06;2009-07-01;HATCH;-106.9609234;23.91353796;CA1418;CA1570
2009;2009C104;2009-06-19;2009-05-25;2009-06-19;HATCH;-106.9611265;23.91397778;CA1213;104fm
2009;2009D1;2009-05-20;2009-05-15;2009-06-09;HATCH;-106.9618861;23.91940343;CA1409;CA2208
2009;2009D2;2009-05-21;2009-05-16;2009-06-10;HATCH;-106.9636814;23.92186342;CA1260;CA1480
2009;2009D3;2009-05-22;2009-05-22;2009-06-16;HATCH;-106.966066;23.91847421;CA2210;CA2213
2009;2009D4;2009-05-31;2009-05-27;2009-06-21;HATCH;-106.9670423;23.91744147;CA178;CA1258
2009;2009D5;2009-05-23;2009-05-21;2009-05-25;PRED;-106.9638473;23.92113899;CA1203;5fm
2009;2009D6;2009-05-29;2009-05-30;2009-06-24;HATCH;-106.9642544;23.91948152;CA2221;CA1263
2009;2009D7;2009-05-29;2009-06-01;2009-06-26;HATCH;-106.9616005;23.91870283;CA2073;CA2082
2009;2009D8;2009-06-11;2009-06-09;2009-06-27;FLOOD;-106.964412;23.91886555;CA1416;CA136
2009;2009D9;2009-06-15;2009-06-05;2009-06-30;HATCH;-106.9643195;23.9218372;CA1201;CA1217
2009;2009D10;2009-06-17;2009-06-17;2009-07-11;UNKNOWN;-106.9629978;23.92082481;10m;CA2212
2009;2009D11;2009-06-27;NA;2009-06-28;FLOOD;-106.9657094;23.91567985;11m;11fm
2009;2009D12;2009-07-06;2009-07-04;2009-07-08;FLOOD;-106.9619613;23.91592638;12m;12fm
2009;2009D101;2009-05-14;2009-05-18;2009-06-12;HATCH;-106.9652401;23.91452114;CA2211;101fm
2009;2009D102;2009-05-17;2009-05-12;2009-06-06;HATCH;-106.9658381;23.91640051;CA108;CA2212
2009;2009D103;2009-05-27;2009-05-27;2009-06-21;HATCH;-106.9658211;23.91527213;CA1270;CA171
2009;2009D104;2009-05-28;2009-05-25;2009-06-19;HATCH;-106.9645463;23.91410565;CA2224;CA072
2009;2009D105;2009-05-28;2009-05-26;2009-06-20;HATCH;-106.9645539;23.91461117;CA231;CA151
2009;2009D106;2009-05-31;2009-05-26;2009-06-20;HATCH;-106.967364;23.91663379;CA2074;CA1355
2009;2009D107;2009-06-04;2009-06-02;2009-06-27;HATCH;-106.9639558;23.91792335;CA229;CA125
2009;2009D108;2009-06-05;2009-06-01;2009-06-26;HATCH;-106.9641733;23.91606967;CA078;CA081
2009;2009D109;2009-06-08;2009-06-04;2009-06-29;HATCH;-106.9658067;23.91951584;CA1203;CA1212
2009;2009D110;2009-06-10;2009-05-25;2009-06-19;HATCH;-106.9666526;23.91700404;CA1309;CA1429
2009;2009D111;2009-06-11;2009-06-11;2009-06-27;FLOOD;-106.9632413;23.91678583;CA2088;CA1566
2009;2009D112;2009-06-11;2009-06-11;2009-07-06;HATCH;-106.9653331;23.91482693;CA1520;CA1253
2009;2009D113;2009-06-12;2009-06-12;2009-07-07;HATCH;-106.9629456;23.91541723;CA324;CA2087
2009;2009E1;2009-05-06;2009-05-07;2009-06-01;HATCH;-106.961545;23.92087948;CA026;CA137
2009;2009E2;2009-05-16;2009-05-08;2009-06-02;HATCH;-106.9600883;23.91742198;CA1553;CA1566
2009;2009E3;2009-05-21;2009-05-19;2009-06-25;PRED;-106.9631494;23.92175284;3m;3fm
2009;2009E4;2009-05-26;2009-05-29;2009-06-14;PRED;-106.9624849;23.92132795;CA007;4fm
2009;2009E5;2009-05-31;2009-05-08;2009-06-01;PRED;-106.9564842;23.91679977;CA008;CA034
2009;2009E6;2009-05-31;2009-05-31;2009-06-25;HATCH;-106.9543197;23.91458816;CA1545;CA044
2009;2009E7;2009-06-04;2009-06-06;2009-06-27;PRED;-106.9547358;23.91417657;CA1444;CA1342
2009;2009E8;2009-06-09;2009-06-08;2009-07-09;UNHATCH;-106.9613402;23.91967223;CA1349;CA2036
2009;2009E9;2009-06-13;2009-06-11;2009-07-06;HATCH;-106.9606799;23.91822702;CA1430;CA1278
2009;2009G1;2009-05-28;NA;2009-05-28;FLOOD;-107.0263557;23.9942078;1m;1fm
2009;2009G2;2009-05-28;2009-05-28;2009-06-03;PRED;-107.0263063;23.9941904;2m;CA2306
2009;2009G3;2009-05-28;2009-05-27;2009-05-31;PRED;-107.0260708;23.99421157;3m;3fm
2009;2009G4;2009-05-28;2009-05-26;2009-06-03;PRED;-107.0262261;23.99409215;4m;CA2066
2009;2009G5;2009-05-28;NA;2009-06-04;UNHATCH;-107.0257419;23.99454997;CA2219;CA2065
2009;2009G6;2009-06-02;2009-05-31;2009-07-03;UNKNOWN;-107.0267046;23.99389622;CA2218;6fm
2009;2009G7;2009-06-02;2009-05-31;2009-07-03;UNKNOWN;-107.0255018;23.99365029;7m;CA1371
2009;2009G8;2009-06-02;2009-05-28;2009-07-03;UNKNOWN;-107.0256186;23.99357652;CA2220;8fm
2009;2009G9;2009-07-02;2009-06-27;2009-07-02;UNKNOWN;-107.0247165;23.99307381;9m;9fm
2010;2010A1;2010-04-21;2010-04-20;2010-05-04;ABAN;-106.9575567;23.90976169;1m;1fm
2010;2010A2;2010-04-22;2010-04-07;2010-05-01;HATCH;-106.9558555;23.90896172;CA1425;2fm
2010;2010A3;2010-04-22;2010-04-20;2010-05-17;HATCH;-106.9566833;23.90914982;CA078;CA081
2010;2010A4;2010-04-22;2010-04-20;2010-05-15;HATCH;-106.9571397;23.90880994;CA2267;CA141
2010;2010A5;2010-04-22;2010-04-08;2010-05-03;HATCH;-106.9568404;23.90784766;CA2298;CA2299
2010;2010A6;2010-04-22;2010-04-20;2010-05-16;HATCH;-106.9566723;23.90776854;CA1203;CA1566
2010;2010A7;2010-04-22;2010-04-20;2010-05-16;HATCH;-106.9558934;23.90691169;CA168;CA1263
2010;2010A8;2010-04-22;2010-04-20;2010-05-15;HATCH;-106.9564115;23.90871086;CA2403;CA1538
2010;2010A9;2010-04-22;2010-04-26;2010-05-21;HATCH;-106.954776;23.90902059;CA2002;CA2406
2010;2010A10;2010-04-23;2010-04-21;2010-05-17;HATCH;-106.9554;23.90545529;CA1534;CA2316
2010;2010A11;2010-04-23;2010-04-20;2010-05-15;HATCH;-106.9548023;23.90554415;CA1321;CA1519
2010;2010A12;2010-04-23;2010-04-23;2010-05-20;HATCH;-106.9553834;23.90630422;CA2404;CA2038
2010;2010A13;2010-04-23;2010-04-26;2010-05-21;HATCH;-106.9549734;23.90647195;CA1234;CA2312
2010;2010A14;2010-04-23;2010-04-28;2010-05-23;HATCH;-106.9551045;23.90604593;CA2424;CA2313
2010;2010A15;2010-04-23;2010-04-20;2010-05-05;ABAN;-106.9561435;23.90721549;CA2294;15fm
2010;2010A16;2010-04-23;2010-04-17;2010-05-12;HATCH;-106.9544134;23.90515183;CA1270;CA171
2010;2010A17;2010-04-23;2010-04-20;2010-05-15;HATCH;-106.9540273;23.90428997;CA2268;CA2039
2010;2010A18;2010-04-23;2010-04-13;2010-05-08;HATCH;-106.9537111;23.90350848;CA231;CA2310
2010;2010A19;2010-04-23;2010-04-15;2010-05-10;ABAN;-106.9535655;23.90427778;CA2408;CA2093
2010;2010A20;2010-04-23;2010-04-20;2010-05-15;HATCH;-106.9526793;23.90346741;CA2309;CA2405
2010;2010A21;2010-04-23;2010-04-19;2010-05-14;HATCH;-106.952033;23.90359299;CA107;CA2036
2010;2010A22;2010-04-23;2010-04-13;2010-05-08;HATCH;-106.9509718;23.9042114;CA178;CA136
2010;2010A23;2010-04-23;2010-04-10;2010-05-05;HATCH;-106.951306;23.90357514;CA052;CA044
2010;2010A24;2010-04-23;2010-04-16;2010-05-11;PRED;-106.9520855;23.90250887;CA2293;CA2035
2010;2010A25;2010-04-24;2010-04-28;2010-05-23;HATCH;-106.9516146;23.90254193;CA1204;CA2037
2010;2010A26;2010-04-24;2010-04-09;2010-05-04;HATCH;-106.9523709;23.90255039;26m;CA2041
2010;2010A27;2010-04-24;2010-04-08;2010-05-03;HATCH;-106.9518443;23.9060693;CA1248;CA1278
2010;2010A28;2010-04-24;2010-04-11;2010-05-06;HATCH;-106.951389;23.90452211;CA1314;CA1254
2010;2010A29;2010-04-24;2010-04-23;2010-05-18;HATCH;-106.9565341;23.90837524;CA026;CA1562
2010;2010A30;2010-05-08;2010-05-05;2010-05-30;HATCH;-106.9563193;23.90975938;CA2422;CA2325
2010;2010A31;2010-06-25;2010-06-16;2010-07-11;HATCH;-106.9525932;23.90754052;CA2304;CA2349
2010;2010A101;2010-05-01;2010-04-26;2010-05-21;HATCH;-106.9568671;23.90831682;CA108;CA112
2010;2010A102;2010-05-02;2010-04-25;2010-05-20;HATCH;-106.9519508;23.90465944;CA1309;CA2321
2010;2010A103;2010-05-02;2010-04-25;2010-05-20;HATCH;-106.9521803;23.90555039;CA110;CA125
2010;2010A104;2010-05-02;2010-05-01;2010-05-26;HATCH;-106.9523107;23.90703849;CA265;CA2407
2010;2010A105;2010-05-05;2010-04-13;2010-05-08;HATCH;-106.9570755;23.90780856;CA007;CA1253
2010;2010A106;2010-05-07;2010-04-11;2010-05-06;HATCH;-106.951346;23.9029697;CA1230;CA1429
2010;2010A107;2010-05-07;NA;2010-05-07;TRAMPLED;NA;NA;107m;107fm
2010;2010A108;2010-05-12;2010-04-17;2010-05-12;HATCH;-106.9536488;23.90786117;CA2427;CA2231
2010;2010A109;2010-05-19;2010-05-16;2010-06-10;HATCH;-106.9551461;23.90750807;CA2245;CA1356
2010;2010A110;2010-05-19;2010-05-21;2010-06-15;HATCH;-106.9521991;23.90680516;CA2240;CA2093
2010;2010A111;2010-05-19;2010-05-17;2010-05-28;PRED;-106.9520071;23.90513726;111m;111fm
2010;2010A112;2010-05-25;2010-05-26;2010-06-20;HATCH;-106.9555056;23.90790077;CA2033;CA044
2010;2010A113;2010-06-03;2010-06-01;2010-06-26;HATCH;-106.9524387;23.90510469;CA2248;CA103
2010;2010A114;2010-06-07;2010-05-27;2010-06-21;HATCH;-106.9541336;23.90418027;CA2498;CA1531
2010;2010A115;2010-06-10;2010-06-05;2010-06-23;ABAN;-106.9555636;23.90653667;CA2512;CA2509
2010;2010A116;2010-06-10;2010-06-13;2010-07-08;HATCH;-106.9520205;23.90472176;CA1425;CA2321
2010;2010A117;2010-06-22;2010-06-14;2010-07-05;PRED;-106.9522619;23.90313865;CA1204;CA1280
2010;2010B101;2010-05-19;2010-04-25;2010-05-20;HATCH;-106.9643814;23.91359312;CA2462;CA1268
2010;2010B102;2010-06-04;2010-06-06;2010-06-07;PRED;-106.9631295;23.91394318;102m;102fm
2010;2010B103;2010-06-17;2010-06-16;NA;UNKNOWN;-106.9617059;23.91267024;CA2524;CA2526
2010;2010B201;2010-05-30;2010-05-31;2010-06-25;HATCH;-106.9618838;23.91274923;CA1499;CA1566
2010;2010C1;2010-04-21;2010-04-08;2010-05-03;HATCH;-106.9608476;23.91306943;CA1272;CA2236
2010;2010C2;2010-04-21;2010-04-18;2010-05-13;HATCH;-106.9616884;23.91281492;CA1499;CA1531
2010;2010C3;2010-04-24;2010-04-09;2010-05-04;HATCH;-106.9606782;23.91355915;CA1418;CA1570
2010;2010C4;2010-04-25;2010-04-09;2010-05-04;HATCH;-106.9599866;23.91718852;4m;CA137
2010;2010C5;2010-04-25;2010-04-27;2010-05-22;HATCH;-106.9602252;23.91738411;CA2221;CA1579
2010;2010C6;2010-04-25;2010-04-20;2010-05-03;PRED;-106.960094;23.91780111;6m;CA2297
2010;2010C7;2010-04-25;2010-04-20;2010-05-15;PRED;-106.9589354;23.91456551;CA1310;CA2265
2010;2010C8;2010-04-25;2010-04-15;2010-05-04;ABAN;-106.9591285;23.91499643;8m;CA2296
2010;2010C9;2010-05-08;2010-04-15;2010-05-09;PRED;-106.9613521;23.91590707;9m;CA2050
2010;2010C101;2010-05-08;2010-04-30;2010-05-19;PRED;-106.9620396;23.91330703;101m;CA2423
2010;2010C102;2010-05-08;2010-05-11;2010-05-28;PRED;-106.9611455;23.9139324;CA2472;CA2486
2010;2010C103;2010-05-14;2010-05-17;2010-05-18;PRED;-106.9593637;23.9162665;CA2033;CA044
2010;2010C104;2010-05-15;2010-05-10;2010-06-04;HATCH;-106.9612385;23.91423819;CA2440;CA2487
2010;2010C105;2010-05-23;2010-05-18;2010-05-28;PRED;-106.960985;23.9176182;CA1430;105fm
2010;2010C106;2010-05-19;2010-05-17;2010-06-03;PRED;-106.9610438;23.91695835;CA2473;CA1570
2010;2010C107;2010-05-25;2010-05-20;2010-05-26;PRED;-106.9606344;23.91391183;107m;CA171
2010;2010C108;2010-05-28;2010-05-21;2010-06-15;HATCH;-106.960848;23.91569681;CA1416;CA2050
2010;2010C109;2010-05-29;2010-05-31;2010-06-03;PRED;-106.9600443;23.91450623;109m;109fm
2010;2010C110;2010-05-29;2010-05-30;2010-06-03;PRED;-106.9603834;23.91419493;110m;110fm
2010;2010C111;2010-05-30;2010-05-28;2010-06-23;HATCH;-106.9590277;23.90505698;CA1310;CA2265
2010;2010C112;2010-06-01;2010-05-27;2010-06-03;PRED;-106.959406;23.91581452;CA1409;CA1526
2010;2010C113;2010-06-03;2010-06-02;2010-06-05;PRED;-106.9608383;23.91505589;113m;113fm
2010;2010C114;2010-06-04;2010-05-20;2010-06-14;HATCH;-106.9622701;23.91491121;CA2214;CA1254
2010;2010C115;2010-06-04;2010-06-02;2010-06-27;HATCH;-106.960687;23.91348681;CA2282;CA2036
2010;2010C116;2010-06-16;2010-06-15;2010-07-10;HATCH;-106.9606479;23.91480551;CA2002;CA2487
2010;2010C117;2010-06-18;2010-06-15;2010-07-10;HATCH;-106.9599085;23.91396623;CA1248;CA1278
2010;2010C118;2010-06-22;2010-06-15;2010-07-10;HATCH;-106.959666;23.91546811;CA1213;CA1579
2010;2010C202;2010-05-30;2010-05-25;2010-06-03;ABAN;-106.9597358;23.91553945;202m;CA2236
2010;2010D1;2010-04-24;2010-04-20;2010-05-15;HATCH;-106.961269;23.91821048;CA054;CA1552
2010;2010D2;2010-07-11;2010-07-09;NA;UNKNOWN;-106.9613451;23.91804699;2m;2fm
2010;2010D101;2010-05-15;2010-05-10;2010-05-18;PRED;-106.9627;23.91996185;CA1409;CA1526
2010;2010D102;2010-05-19;2010-05-19;2010-05-27;PRED;-106.9637769;23.91778118;CA324;CA2299
2010;2010D103;2010-05-19;2010-05-18;2010-05-27;ABAN;-106.9629247;23.9185866;CA2073;CA2082
2010;2010D104;2010-05-22;2010-05-20;2010-06-04;PRED;-106.9644048;23.92163748;CA2489;CA136
2010;2010D105;2010-06-21;2010-06-19;NA;UNKNOWN;-106.9657527;23.91399994;CA2529;CA2354
2010;2010E101;2010-05-09;2010-05-05;2010-05-30;HATCH;-106.9542618;23.91466113;CA2249;CA1297
2010;2010E102;2010-05-22;2010-05-17;2010-06-11;HATCH;-106.9605474;23.9198539;CA2241;CA2041
2010;2010E103;2010-06-01;2010-05-22;2010-06-16;HATCH;-106.9589447;23.91843876;CA1246;CA2296
2010;2010E104;2010-06-19;2010-06-14;NA;UNKNOWN;-106.9547412;23.91518773;CA1321;CA1526
2010;2010F101;2010-05-22;NA;2010-06-11;PRED;-106.9650085;23.92258681;CA1260;CA2204
2010;2010G1;2010-06-29;2010-06-15;2010-06-30;FLOOD;-106.9700921;23.92036384;CA052;1fm
2010;2010G2;2010-06-30;2010-06-25;NA;UNKNOWN;-106.9715233;23.92018296;2m;CA2231
2010;2010G3;2010-06-30;2010-06-25;NA;UNKNOWN;-106.9722349;23.92241297;3m;3fm
2010;2010G4;2010-06-30;2010-06-22;NA;UNKNOWN;-106.9721835;23.9261425;4m;4fm
2011;2011A4;2011-04-25;2011-04-20;2011-04-26;FLOOD;-106.9510544;23.90186285;4m;4fm
2011;2011A9;2011-04-26;2011-04-21;2011-05-01;PRED;-106.9523201;23.90767039;CA2427;9fm
2011;2011C2;2011-04-30;2011-04-20;2011-05-04;TRAMPLED;-106.9610393;23.91601038;2m;2fm
2011;2011C1;2011-04-19;2011-04-15;2011-05-08;PRED;-106.960541;23.91682933;CA1464;CA1579
2011;2011C201;2011-05-07;2011-05-06;2011-05-12;TRAMPLED;-106.9604463;23.91771536;201m;201fm
2011;2011B2;2011-04-29;2011-04-19;2011-05-15;HATCH;-106.9631235;23.91159577;CA168;CA1429
2011;2011A1;2011-04-23;2011-04-18;2011-05-18;HATCH;-106.9582823;23.90968021;CA2043;CA2039
2011;2011A2;2011-04-23;2011-04-18;2011-05-19;HATCH;-106.9580671;23.90973713;CA110;CA2367
2011;2011A11;2011-05-01;2011-04-23;2011-05-19;ABAN;-106.9565515;23.90496211;11m;CA081
2011;2011A12;2011-05-02;2011-04-24;2011-05-20;HATCH;-106.9548799;23.91004856;CA048;CA034
2011;2011A5;2011-04-26;2011-04-21;2011-05-21;HATCH;-106.9507511;23.902589;CA1230;CA2369
2011;2011A8;2011-04-26;2011-04-21;2011-05-21;HATCH;-106.9593691;23.9127181;CA1213;CA2050
2011;2011A102;2011-05-06;2011-04-28;2011-05-21;HATCH;-106.9516864;23.90601713;CA1248;CA1278
2011;2011A7;2011-04-26;2011-04-21;2011-05-22;HATCH;-106.9507027;23.90394395;CA178;CA1276
2011;2011B1;2011-04-26;2011-04-21;2011-05-22;HATCH;-106.9604486;23.9100589;CA078;CA171
2011;2011A6;2011-04-26;2011-04-18;2011-05-24;HATCH;-106.9512947;23.90347596;CA1234;CA2041
2011;2011A3;2011-04-23;2011-04-18;2011-05-25;HATCH;-106.9585051;23.90882866;CA2368;CA2371
2011;2011A13;2011-05-02;2011-04-27;2011-05-25;HATCH;-106.9543462;23.90917052;CA2372;CA2373
2011;2011A14;2011-05-02;2011-04-24;2011-05-25;HATCH;-106.9552265;23.90828353;CA2245;CA2393
2011;2011A10;2011-05-01;2011-04-26;2011-05-26;HATCH;-106.9586222;23.91073225;CA1272;CA1268
2011;2011A104;2011-05-09;2011-05-01;2011-05-29;HATCH;-106.9550969;23.90489033;CA1321;CA1519
2011;2011D1;2011-05-29;2011-05-24;2011-05-30;PRED;-106.9635663;23.92074532;CA1201;CA2321
2011;2011C3;2011-05-14;2011-05-04;2011-05-31;HATCH;-106.9600662;23.91725974;CA2221;CA2541
2011;2011A103;2011-05-07;2011-05-02;2011-06-01;ABAN;-106.9594398;23.91154346;CA1418;CA1254
2011;2011A101;2011-05-06;2011-04-28;2011-06-03;HATCH;-106.9515626;23.90300306;CA107;CA2036
2011;2011A107;2011-05-18;2011-05-10;2011-06-04;ABAN;-106.958784;23.9103871;107m;CA3201
2011;2011E4;2011-05-31;2011-05-25;2011-06-04;ABAN;-106.9603207;23.91785239;4m;4fm
2011;2011A105;2011-05-11;2011-05-06;2011-06-06;HATCH;-106.9582583;23.9093916;CA1310;CA1562
2011;2011A106;2011-05-14;2011-05-06;2011-06-06;HATCH;-106.9551663;23.91015326;CA2284;CA2550
2011;2011A201;2011-05-09;2011-05-07;2011-06-06;HATCH;-106.9593854;23.90989188;CA2552;CA2400
2011;2011A15;2011-05-23;2011-05-13;2011-06-07;ABAN;-106.9552018;23.90859985;CA2554;CA2547
2011;2011B101;2011-05-23;2011-05-13;2011-06-07;HATCH;-106.9621719;23.91101202;CA2440;CA2487
2011;2011B201;2011-05-14;2011-05-09;2011-06-08;HATCH;-106.9627887;23.91153684;CA2291;CA2320
2011;2011B103;2011-06-02;2011-05-31;2011-06-10;PRED;-106.9620213;23.91274747;CA2562;CA2553
2011;2011D3;2011-06-05;2011-05-31;2011-06-11;PRED;-106.9617969;23.9193504;3m;CA2065
2011;2011E7;2011-06-03;2011-05-26;2011-06-11;PRED;-106.9621585;23.92117863;7m;7fm
2011;2011E3;2011-05-31;2011-05-23;2011-06-12;HATCH;-106.9541017;23.91446453;CA1224;CA3211
2011;2011D2;2011-05-30;2011-05-22;2011-06-14;HATCH;-106.9612878;23.91815606;CA1464;CA1579
2011;2011E6;2011-06-03;2011-05-29;2011-06-14;PRED;-106.9607372;23.92006817;6m;6fm
2011;2011A108;2011-05-25;2011-05-20;2011-06-16;HATCH;-106.952657;23.90525541;CA2240;CA081
2011;2011B102;2011-05-27;2011-05-24;2011-06-17;ABAN;-106.9635305;23.91252957;CA2570;CA2367
2011;2011D6;2011-06-12;2011-06-07;2011-06-18;FLOOD;-106.9625748;23.91882582;CA2554;CA2547
2011;2011D101;2011-06-04;2011-06-03;2011-06-18;PRED;-106.9643478;23.91462283;101m;CA2373
2011;2011A16;2011-05-25;2011-05-20;2011-06-19;HATCH;-106.9546861;23.9095725;CA2002;CA1429
2011;2011A17;2011-06-05;2011-05-28;2011-06-19;PRED;-106.9537611;23.90683949;CA2566;CA3214
2011;2011D4;2011-06-11;2011-06-01;2011-06-20;HATCH;-106.9643879;23.92181827;CA2531;CA3216
2011;2011B104;2011-06-03;2011-06-01;2011-06-22;PRED;-106.9630489;23.91445885;CA2582;CA2212
2011;2011E1;2011-05-30;2011-05-22;2011-06-22;HATCH;-106.96244;23.92160841;CA2576;CA2039
2011;2011B4;2011-06-08;2011-05-31;2011-06-26;HATCH;-106.963766;23.91251753;CA3212;CA171
2011;2011E2;2011-05-31;2011-05-26;2011-06-26;HATCH;-106.9615343;23.92081642;CA2575;CA242
2011;2011C4;2011-06-06;2011-06-01;2011-06-27;PRED;-106.9603767;23.91310252;CA2569;CA2216
2011;2011E5;2011-06-03;2011-05-29;2011-06-28;HATCH;-106.9595504;23.91887345;CA2574;CA3210
2011;2011A301;2011-06-09;2011-06-04;2011-06-30;HATCH;-106.9531984;23.9059889;CA2273;CA2581
2011;2011E8;2011-06-04;2011-06-02;2011-06-30;HATCH;-106.9566325;23.91686108;CA2573;CA1278
2011;2011A202;2011-06-28;2011-06-23;2011-07-03;RAIN;-106.9560942;23.91111657;202m;CA2599
2011;2011B3;2011-06-07;2011-06-02;2011-07-03;HATCH;-106.9624322;23.91329298;CA2571;CA2583
2011;2011B5;2011-06-08;2011-06-07;2011-07-03;FLOOD;-106.9628374;23.91215921;CA168;CA1254
2011;2011B202;2011-06-27;2011-06-24;2011-07-03;RAIN;-106.9621779;23.91270936;202m;CA2593
2011;2011B203;2011-06-26;2011-06-18;2011-07-03;RAIN;-106.9635424;23.91396499;CA2595;CA2591
2011;2011B301;2011-06-26;2011-06-23;2011-07-03;RAIN;-106.9624559;23.91356354;301m;CA2590
2011;2011C101;2011-06-15;2011-06-12;2011-07-03;RAIN;-106.9602957;23.91424119;CA1418;CA2036
2011;2011D5;2011-06-12;2011-06-04;2011-07-02;HATCH;-106.9614553;23.91884011;CA1513;CA2572
2011;2011D7;2011-06-12;2011-06-07;2011-07-03;RAIN;-106.9637849;23.92091407;CA1203;CA3217
2011;2011D8;2011-06-26;2011-06-21;2011-07-03;RAIN;-106.9615527;23.9161844;CA1213;CA1579
2011;2011D9;2011-06-27;2011-06-26;2011-07-03;RAIN;-106.9617362;23.9192338;CA2554;CA2547
2011;2011D102;2011-06-28;2011-06-23;2011-07-03;RAIN;-106.9641422;23.91466158;102m;CA2594
2011;2011D201;2011-06-17;2011-06-15;2011-07-03;RAIN;-106.9666271;23.91466591;CA2587;CA2584
2011;2011E9;2011-06-27;2011-06-22;2011-07-03;RAIN;-106.9598979;23.9171716;9m;CA2592
2011;2011E10;2011-06-29;2011-06-21;2011-07-03;RAIN;-106.9548771;23.91442758;10m;CA1519
2011;2011A203;2011-07-08;NA;NA;ABAN;-106.9510717;23.90562766;203m;203fm
2012;2012B101;2012-05-20;2012-04-30;2012-05-24;HATCH;-106.9611203;23.91096224;101m;CA2367
2012;2012C101;2012-05-18;2012-05-07;2012-06-01;HATCH;-106.960257;23.91623705;CA1416;CA3303
2012;2012C301;2012-06-12;2012-06-08;NA;UNKNOWN;-106.9595896;23.91496347;CA1310;CA2367
2012;2012D1;2012-04-28;2012-05-05;2012-05-29;HATCH;-106.9665931;23.91825981;CA2043;CA2039
2012;2012D2;2012-05-06;2012-05-04;2012-05-28;PRED;-106.9656478;23.91875043;CA1418;CA081
2012;2012D3;2012-05-15;2012-05-16;2012-05-17;ABAN;-106.9648742;23.91825471;3m;3fm
2012;2012D4;2012-05-15;2012-05-10;2012-06-02;HATCH;-106.9667281;23.91744549;CA048;CA2584
2012;2012D5;2012-05-15;2012-05-08;2012-05-28;HATCH;-106.9650653;23.91920029;CA3234;CA2369
2012;2012D6;2012-05-18;2012-05-13;2012-06-06;HATCH;-106.9664432;23.91874025;CA1527;CA3304
2012;2012D101;2012-05-23;2012-05-04;2012-05-29;HATCH;-106.9613334;23.91792073;CA1464;101fm
2012;2012D102;2012-05-31;2012-05-30;2012-06-24;PRED;-106.9635004;23.92093576;CA3262;CA3221
2012;2012D301;2012-06-12;2012-06-09;NA;UNKNOWN;-106.9618354;23.91539529;CA3266;CA3313
2012;2012E101;2012-05-18;2012-05-05;2012-05-30;UNKNOWN;-106.9601671;23.91743903;CA1430;CA2082
2012;2012G1;2012-05-07;2012-05-06;2012-06-02;HATCH;-106.9724079;23.92539926;CA1203;1fm
2012;2012G2;2012-05-18;2012-05-17;2012-06-01;PRED;-106.9719424;23.92385229;CA2292;CA3235
2012;2012G3;2012-05-18;2012-05-13;2012-05-28;FLOOD;-106.9726698;23.92517921;CA2245;CA2393
2012;2012G4;2012-05-18;2012-05-16;2012-06-03;HATCH;-106.9725356;23.92410651;CA3258;CA3216
2012;2012G5;2012-05-19;2012-05-17;2012-06-04;FLOOD;-106.9723193;23.92280012;CA3237;CA3202
2012;2012G6;2012-05-19;2012-05-11;2012-06-03;HATCH;-106.9725032;23.92326725;CA2519;CA3242
2012;2012G7;2012-05-19;2012-05-14;2012-06-01;PRED;-106.972032;23.9239324;CA2399;CA2555
2012;2012G8;2012-05-19;2012-05-14;2012-06-04;FLOOD;-106.9725588;23.92369089;CA3305;CA2271
2012;2012G9;2012-05-19;2012-05-08;2012-05-28;HATCH;-106.9725746;23.92343788;CA168;9fm
2012;2012G10;2012-05-20;2012-05-15;2012-05-28;PRED;-106.9725607;23.92381727;CA2595;CA2538
2012;2012G11;2012-05-24;2012-05-22;2012-06-04;FLOOD;-106.9716828;23.92163455;CA178;CA3306
2012;2012G12;2012-05-24;2012-05-05;2012-05-30;HATCH;-106.9699898;23.92139443;CA1272;CA1268
2012;2012G201;2012-05-20;2012-05-12;2012-06-04;FLOOD;-106.9718419;23.92499121;CA3236;CA242
2012;2012G202;2012-05-20;2012-05-15;2012-06-04;FLOOD;-106.9716149;23.92686307;CA3307;202fm
2012;2012G203;2012-05-20;2012-05-15;2012-06-04;FLOOD;-106.9724826;23.92643661;CA2570;CA1550
2012;2012G204;2012-05-22;2012-05-17;2012-06-04;FLOOD;-106.9720821;23.92399496;CA2100;CA3218
2012;2012G301;2012-05-27;2012-05-20;2012-06-04;FLOOD;-106.9715473;23.92499499;CA2548;CA3251
2012;2012G302;2012-05-27;2012-05-15;2012-06-04;FLOOD;-106.9716824;23.92613088;CA1248;CA1278
2012;2012G303;2012-05-31;2012-05-26;2012-06-03;FLOOD;-106.9726558;23.92619964;CA2531;303fm
2012;2012G304;2012-06-01;2012-05-29;2012-06-04;FLOOD;-106.9726243;23.92735573;CA2596;CA3252
2012;2012G305;2012-06-03;2012-06-01;2012-06-04;FLOOD;-106.9713163;23.92466389;305m;305fm
2013;2013B101;2013-05-29;2013-05-27;2013-06-23;HATCH;-106.9629376;23.91359351;CA3321;CA3300
2013;2013C1;NA;NA;NA;UNKNOWN;-106.9612446;23.91399433;1m;1fm
2013;2013C2;2013-04-20;2013-04-15;2013-05-05;UNKNOWN;NA;NA;CA2421;2fm
2013;2013C3;2013-04-25;2013-04-20;2013-05-21;HATCH;-106.9609624;23.91481956;3m;CA3242
2013;2013C4;2013-04-29;2013-04-24;2013-05-16;HATCH;-106.9612248;23.91398556;CA1418;CA3306
2013;2013C5;2013-05-05;2013-04-28;2013-05-24;HATCH;-106.9620322;23.91476979;CA2388;CA2538
2013;2013C6;2013-05-22;2013-05-21;NA;HATCH;-106.9597605;23.91522313;CA1310;CA1278
2013;2013C101;2013-05-12;2013-05-01;2013-05-22;HATCH;-106.9607896;23.91768389;CA1430;CA2082
2013;2013C201;2013-06-13;2013-06-30;2013-06-29;UNKNOWN;-106.9601152;23.91464979;CA3322;CA3323
2013;2013D1;2013-04-20;2013-04-12;2013-05-07;HATCH;-106.9611619;23.91762497;CA3314;CA2369
2013;2013D2;2013-04-26;2013-04-21;NA;UNKNOWN;-106.9626985;23.91986255;CA2100;CA3218
2013;2013D3;2013-04-26;2013-04-18;2013-05-18;HATCH;-106.9632346;23.92024394;CA1201;CA3271
2013;2013D4;2013-05-01;2013-04-27;2013-05-19;HATCH;-106.9659835;23.91432203;CA3223;CA3273
2013;2013D5;2013-05-01;2013-04-24;2013-05-07;UNKNOWN;-106.9644792;23.92135664;5m;CA3272
2013;2013D6;2013-05-07;2013-05-06;2013-06-01;HATCH;-106.96276;23.91873317;CA3315;CA3270
2013;2013D7;2013-05-10;2013-05-01;2013-05-14;PRED;-106.9633847;23.91458097;7m;7fm
2013;2013D8;2013-05-10;2013-05-05;2013-05-14;PRED;-106.9649055;23.91513034;8m;8fm
2013;2013D9;2013-05-14;2013-05-10;2013-06-05;HATCH;-106.9660721;23.91563909;CA3278;CA3276
2013;2013D10;2013-05-19;2013-05-15;2013-06-09;HATCH;-106.9655204;23.91942019;2519;CA2369
2013;2013D11;2013-05-19;2013-05-15;2013-06-10;HATCH;-106.9663452;23.91875053;CA3319;CA3388
2013;2013D12;2013-05-19;2013-05-19;NA;HATCH;-106.9650371;23.9218822;CA2579;CA3272
2013;2013D13;2013-05-31;2013-05-21;NA;HATCH;-106.9655203;23.9142196;CA2596;CA3298
2013;2013D14;2013-05-31;2013-05-27;2013-06-09;PRED;-106.9634494;23.91560942;14m;CA3296
2013;2013D101;2013-05-12;2013-05-08;2013-06-01;HATCH;-106.9629528;23.91784588;CA3395;CA3275
2013;2013D102;2013-05-14;2013-05-10;2013-05-29;UNKNOWN;-106.9625517;23.9186004;CA3274;CA3399
2013;2013D103;2013-05-16;2013-05-07;2013-05-29;HATCH;-106.9633069;23.91787747;CA1272;CA1268
2013;2013E1;2013-04-29;2013-04-21;2013-05-05;PRED;-106.9585398;23.91569013;1m;1fm
2013;2013E2;2013-04-29;2013-04-21;2013-05-06;HATCH;-106.9597007;23.91711994;2m;CA3400
2013;2013G1;2013-06-22;2013-06-17;2013-06-29;FLOOD;-106.9702606;23.92047002;1m;1fm
2013;2013G2;2013-06-24;2013-06-16;2013-06-29;FLOOD;-106.9711781;23.92073815;2m;2fm
2013;2013G3;2013-06-24;2013-06-19;2013-06-29;FLOOD;-106.9724152;23.92458658;3m;3fm
2015;2015A1;2015-04-11;NA;2015-04-25;PRED;-106.9567203;23.90965496;1m;1fm
2015;2015A2;2015-04-11;NA;NA;PRED;-106.954533;23.90983628;2m;2fm
2015;2015A3;2015-04-11;2015-04-06;2015-05-01;HATCH;-106.9550622;23.90910724;CN0109;CN0101
2015;2015A4;2015-04-23;2015-04-24;2015-05-19;HATCH;-106.9535829;23.90282391;CN0009;CN0029
2015;2015C1;2015-04-23;2015-04-10;2015-05-05;HATCH;-106.9613284;23.91368628;CA1272;CA1268
2015;2015C2;2015-04-23;2015-04-16;2015-05-11;HATCH;-106.9621582;23.91465983;2m;CN0107
2015;2015C3;2015-04-23;2015-04-24;2015-05-19;HATCH;-106.9599585;23.91337872;CA1310;CA2386
2015;2015C4;2015-04-23;2015-04-11;2015-05-06;HATCH;-106.9615584;23.91526339;CA2388;CA3218
2015;2015C5;2015-04-27;2015-04-19;2015-05-05;PRED;-106.9590125;23.91577439;5m;CN0108
2015;2015A5;2015-04-27;2015-04-29;2015-05-24;HATCH;-106.9576105;23.90876783;CN0140;CN0103
2015;2015B1;2015-04-28;2015-04-28;2015-05-23;HATCH;-106.9618015;23.91119732;CN0104;CN0102
2015;2015C6;2015-04-28;2015-04-25;2015-05-20;HATCH;-106.9595553;23.91659812;CA3315;CN0007
2015;2015C7;2015-05-01;2015-04-29;2015-05-22;PRED;-106.9606983;23.91358598;CN0106;CN0105
2015;2015D1;2015-05-08;2015-05-04;2015-05-29;HATCH;-106.9634965;23.92067398;CN0015;CN0119
2015;2015Cn1;2015-05-05;2015-04-10;2015-05-05;HATCH;-106.9603749;23.91558547;n1m;n1fm
2015;2015E1;2015-05-09;2015-04-29;2015-05-24;HATCH;-106.9629504;23.92158384;CA1201;CA3271
2015;2015D2;2015-05-11;2015-05-16;2015-06-10;HATCH;-106.961343;23.91856165;CA1430;CN0122
2015;2015E2;2015-05-15;2015-05-18;2015-06-12;HATCH;-106.961382;23.92049332;CN0123;CA3218
2015;2015A6;2015-05-17;2015-05-07;2015-06-01;HATCH;-106.9523869;23.9023064;CN0134;CN0125
2015;2015A7;2015-05-17;2015-05-15;2015-06-09;HATCH;-106.9519073;23.90372099;CA3316;CN0101
2015;2015B2;2015-05-17;2015-05-07;2015-06-01;HATCH;-106.9638814;23.91300361;CA2596;CN0126
2015;2015E101;2015-05-17;2015-05-09;2015-05-28;ABAN;-106.9544001;23.91471354;CA3258;CA3216
2015;2015En101;2015-05-17;2015-04-16;2015-05-11;HATCH;-106.954876;23.91435537;n101m;n101fm
2015;2015D3;2015-05-20;2015-05-18;2015-06-12;HATCH;-106.9620565;23.91962697;CA2273;CA3318
2015;2015D101;2015-05-17;2015-05-04;2015-05-29;HATCH;-106.9629595;23.92023843;CA2100;CN0130
2015;2015D102;2015-05-30;2015-05-20;2015-06-07;FLOOD;-106.9654163;23.92097447;CA3314;CN0004
2015;2015D103;2015-05-30;2015-05-07;2015-06-01;HATCH;-106.9647356;23.92207566;CA2579;CA3272
2015;2015D104;2015-05-30;2015-05-30;2015-06-07;FLOOD;-106.9645906;23.91638937;CN0159;CN0160
2015;2015A8;2015-05-24;2015-05-22;2015-06-09;ABAN;-106.953466;23.90418876;CN0144;CN0137
2015;2015A9;2015-05-30;2015-05-13;2015-06-07;HATCH;-106.9549739;23.90519888;CN0146;CN0149
2015;2015A10;2015-05-30;2015-05-28;2015-06-09;ABAN;-106.9531378;23.90718148;CN0147;CN0152
2015;2015E102;2015-05-30;2015-05-28;2015-06-07;FLOOD;-106.9544001;23.91471354;CN0158;CN0148
2015;2015D4;2015-05-31;2015-05-29;2015-06-05;FLOOD;-106.9640648;23.92123553;4m;CN0155
2015;2015Dn1;2015-06-07;2015-05-13;2015-06-07;HATCH;-106.9617751;23.91855614;n1m;n1fm
2015;2015Dn101;2015-05-30;2015-05-02;2015-05-27;HATCH;-106.9642133;23.9187146;n101m;n101fm
2015;2015A11;2015-06-13;2015-06-03;2015-06-28;HATCH;-106.9538527;23.90443665;CN0176;CA2065
2015;2015A12;2015-06-13;2015-05-29;2015-06-23;HATCH;-106.9554987;23.90614023;CN0175;CN0177
2015;2015C8;2015-06-14;2015-06-14;2015-06-22;PRED;-106.9617798;23.91431254;8m;CN0179
2015;2015C9;2015-06-14;2015-06-14;2015-06-20;FLOOD;-106.9604036;23.91293063;CN0182;CN0178
2015;2015A13;2015-06-18;2015-06-17;2015-06-21;ABAN;-106.9544981;23.90490697;CN0180;CN0181
2015;2015C10;2015-06-18;2015-06-08;2015-06-21;FLOOD;-106.9626793;23.91469832;10m;CN0029
2015;2015E3;2015-06-18;2015-06-18;2015-06-21;FLOOD;-106.9593118;23.91868688;3m;3fm
2015;2015C11;2015-06-20;2015-06-18;2015-06-25;FLOOD;-106.9605007;23.91285716;CA3266;CA2386
2015;2015C12;2015-06-21;2015-06-19;2015-07-05;FLOOD;-106.9589062;23.91588409;CA3332;CN0007
2015;2015E4;2015-06-22;2015-06-22;2015-06-25;FLOOD;-106.957526;23.91749978;4m;4fm
2015;2015A14;2015-06-28;2015-06-28;2015-07-01;ABAN;-106.9555847;23.90793588;14m;14fm
2015;2015A101;2015-06-28;2015-06-23;2015-07-05;ABAN;-106.9543886;23.90545913;CN0189;CN0188
2015;2015A15;2015-07-05;2015-07-03;2015-07-12;ABAN;-106.9542341;23.90498256;CN0190;CN0137
2015;2015A16;2015-07-05;2015-06-30;2015-07-15;PRED;-106.9538745;23.90589002;16m;16fm
2015;2015D5;2015-07-12;2015-07-10;2015-07-15;FLOOD;-106.9634668;23.92130638;5m;5fm
2016;2016A101;2016-04-09;NA;2016-04-09;PRED;-106.9517423;23.90189023;101m;101fm
2016;2016A102;2016-04-09;2016-03-29;2016-04-23;HATCH;-106.9508368;23.90371652;102m;102fm
2016;2016A103;2016-04-09;2016-04-01;2016-04-26;HATCH;-106.9514707;23.90538785;CN0210;103fm
2016;2016A104;2016-04-09;2016-04-09;2016-05-04;HATCH;-106.9515191;23.90534209;104m;CN0203
2016;2016A105;2016-04-09;2016-04-04;2016-04-26;PRED;-106.9579703;23.91048775;105m;105fm
2016;2016A1;2016-04-18;2016-04-17;2016-05-12;HATCH;-106.9523869;23.9023064;CN0209;CN0201
2016;2016A2;2016-04-18;2016-04-01;2016-04-26;HATCH;-106.9510245;23.90444548;2m;2fm
2016;2016A3;2016-04-26;2016-04-03;2016-04-28;HATCH;-106.9516761;23.90598114;CN0212;3fm
2016;2016A4;2016-04-27;2016-04-24;2016-05-19;HATCH;-106.9513063;23.90490238;CA1201;CN0101
2016;2016A5;2016-04-28;2016-04-07;2016-05-02;HATCH;-106.9558663;23.90511529;CA2273;CN0130
2016;2016A6;2016-04-28;2016-04-23;2016-05-04;PRED;-106.9554985;23.90482202;6m;CN0211
2016;2016A7;2016-04-29;2016-04-21;2016-05-20;PRED;-106.9574466;23.90896855;CN0227;CN0214
2016;2016A8;2016-04-29;2016-04-25;2016-05-20;HATCH;-106.9567578;23.90822793;CA1224;CN0037
2016;2016A9;2016-04-29;2016-04-28;2016-05-23;HATCH;-106.9568803;23.90984253;CA3258;CA3298
2016;2016A10;2016-04-30;2016-04-28;2016-05-30;ABAN;-106.9511767;23.90411851;CN0248;CN0218
2016;2016A11;2016-04-30;2016-04-25;2016-05-20;HATCH;-106.9507934;23.90344621;CN0223;CN0219
2016;2016An1;2016-04-30;2016-04-03;2016-04-30;HATCH;-106.9569906;23.91064469;n1m;n1fm
2016;2016A201;2016-04-29;2016-04-21;2016-05-16;HATCH;-106.9587786;23.90937594;CN0140;CN0215
2016;2016A12;2016-05-02;2016-04-27;2016-05-20;PRED;-106.9502807;23.90265817;CN0222;CN0125
2016;2016B1;2016-05-03;2016-04-09;2016-05-04;HATCH;-106.9623584;23.91165971;CA2596;CN0224
2016;2016B2;2016-05-04;2016-04-29;2016-05-26;ABAN;-106.9620716;23.91152794;CN0228;CN0226
2016;2016E1;2016-05-06;2016-05-01;2016-05-29;ABAN;-106.9601439;23.91785465;CA1430;1fm
2016;2016D1;2016-05-06;2016-04-28;2016-05-18;PRED;-106.9622673;23.91993126;1m;CN0118
2016;2016D2;2016-05-06;2016-05-10;2016-06-04;HATCH;-106.9613594;23.91834475;CN0245;CA3318
2016;2016D3;2016-05-06;2016-04-28;2016-05-14;PRED;-106.9643548;23.92222499;CN0015;CN0229
2016;2016An2;2016-05-07;2016-04-12;2016-05-07;HATCH;-106.950336;23.90110451;n2m;n2fm
2016;2016A13;2016-05-10;2016-05-10;2016-05-12;ABAN;-106.9570375;23.90854038;13m;13fm
2016;2016A14;2016-05-10;2016-05-08;2016-05-20;ABAN;-106.9569131;23.90810858;CN0230;CA3275
2016;2016A15;2016-05-10;2016-05-08;2016-05-28;ABAN;-106.9576039;23.91093483;CN0138;CN0232
2016;2016A16;2016-05-11;2016-05-06;2016-05-23;ABAN;-106.9571939;23.90849324;CN0241;CN0235
2016;2016An3;2016-05-11;2016-04-16;2016-05-11;HATCH;NA;NA;n3m;n3fm
2016;2016A17;2016-05-11;2016-05-03;2016-05-28;HATCH;-106.955806;23.90632593;CN0236;CN0238
2016;2016A18;2016-05-11;2016-05-11;2016-05-14;ABAN;-106.9546874;23.90508514;18m;18fm
2016;2016An101;2016-05-14;2016-04-06;2016-05-01;HATCH;-106.956747;23.90881494;n101m;n101fm
2016;2016An102;2016-05-14;2016-04-09;2016-05-04;HATCH;-106.956747;23.90881494;n102m;n102fm
2016;2016A106;2016-05-15;2016-05-16;2016-06-10;HATCH;-106.9519222;23.90667324;CN0247;CN0243
2016;2016B3;2016-05-15;2016-05-12;2016-06-06;HATCH;-106.9624832;23.91211859;CN0113;CN0029
2016;2016A19;2016-05-18;2016-05-16;2016-06-10;HATCH;-106.9563899;23.90727555;CN0123;CN0161
2016;2016E2;2016-05-18;2016-05-16;2016-05-20;PRED;-106.9599291;23.9192388;CN0246;CN0253
2016;2016D4;2016-05-20;2016-05-16;2016-06-10;HATCH;-106.9646588;23.92219402;CN0257;CN0203
2016;2016Dn1;2016-05-21;2016-04-26;2016-05-21;HATCH;-106.9616589;23.91606567;n1m;n1fm
2016;2016C1;2016-05-23;2016-05-21;2016-05-23;PRED;-106.9627902;23.91423644;1m;1fm
2016;2016A20;2016-06-06;2016-05-25;2016-06-19;HATCH;-106.9567224;23.91044044;CA2245;CN0118
2016;2016A21;2016-06-06;2016-05-27;2016-06-21;HATCH;-106.9569078;23.91036585;CN0267;CN0275
2016;2016A22;2016-06-09;2016-06-07;2016-06-10;PRED;-106.9516054;23.90454645;22m;CN0125
2016;2016A23;2016-06-06;2016-05-15;2016-06-09;HATCH;-106.9544285;23.9081131;23m;23fm
2016;2016A24;2016-06-09;2016-06-01;2016-06-10;PRED;-106.9545143;23.90794046;24m;24fm
2016;2016C2;2016-06-16;2016-06-16;2016-07-05;FLOOD;-106.9622221;23.91303383;CA2273;CN0232
2016;2016E3;2016-06-16;2016-05-28;2016-06-22;HATCH;-106.9589291;23.91675057;3m;CN0215
2016;2016C3;2016-06-16;2016-06-16;2016-06-22;ABAN;-106.9628348;23.91393792;3m;CN0276
2016;2016C4;2016-06-18;2016-06-18;2016-07-05;FLOOD;-106.9627473;23.91464328;CA2596;CN0029
2016;2016A25;2016-06-24;2016-06-19;2016-07-05;FLOOD;-106.9576249;23.91037478;CN0287;CN0285
2016;2016A26;2016-06-24;2016-06-01;2016-06-26;HATCH;-106.9577343;23.91242293;26m;CN0286
2016;2016Cn1;2016-06-30;2016-06-05;2016-06-30;HATCH;-106.9633708;23.91366021;n1m;n1fm
2016;2016Cn2;2016-06-30;2016-06-05;2016-06-30;HATCH;-106.9633829;23.91381354;n2m;n2fm
2016;2016E4;2016-07-01;2016-06-06;2016-07-01;HATCH;-106.9616942;23.92100398;CN0294;CN0295
2016;2016Cn101;2016-07-02;2016-06-06;2016-07-01;HATCH;-106.9620197;23.91328922;n101m;n101fm
;
;
;
;
;
;
;
;
;
;
;
;
;
;
;
;
;
;
;
;
;
;
;
;
;
;
;
;
;
;